plant,inverter,date,actual_kwh,expected_kwh,downtime_h
Plant 1,1BY6WEcLGh8j5v7,2020-05-15,5718.843898725,6302.543743133545,0.0
Plant 1,1BY6WEcLGh8j5v7,2020-05-16,6244.76071435,6330.695255279541,0.0
Plant 1,1BY6WEcLGh8j5v7,2020-05-17,7021.524107075,7488.474168777466,0.0
Plant 1,1BY6WEcLGh8j5v7,2020-05-18,4973.43482135,5333.540523529053,0.0
Plant 1,1BY6WEcLGh8j5v7,2020-05-19,5651.369642925,6092.878582000732,0.0
Plant 1,1BY6WEcLGh8j5v7,2020-05-20,5607.5208330475,5914.946657180786,0.0
Plant 1,1BY6WEcLGh8j5v7,2020-05-21,7023.0947915025,7570.757606506348,0.0
Plant 1,1BY6WEcLGh8j5v7,2020-05-22,6825.33794645,7179.6300411224365,0.0
Plant 1,1BY6WEcLGh8j5v7,2020-05-23,7952.1290177500005,8454.892036437988,0.0
Plant 1,1BY6WEcLGh8j5v7,2020-05-24,7517.4642858775,7990.352045059204,0.0
Plant 1,1BY6WEcLGh8j5v7,2020-05-25,8250.450446265,8761.297159194946,0.0
Plant 1,1BY6WEcLGh8j5v7,2020-05-26,7420.9598212,7748.195293426514,0.0
Plant 1,1BY6WEcLGh8j5v7,2020-05-27,6114.2790178075,6701.244632720947,0.0
Plant 1,1BY6WEcLGh8j5v7,2020-05-28,7948.10327385,8348.273880004883,0.0
Plant 1,1BY6WEcLGh8j5v7,2020-05-29,7572.653125275,8117.0405559539795,0.0
Plant 1,1BY6WEcLGh8j5v7,2020-05-30,6732.842856975,7239.258701324463,0.0
Plant 1,1BY6WEcLGh8j5v7,2020-05-31,5699.0964285725,5878.287094116211,0.0
Plant 1,1BY6WEcLGh8j5v7,2020-06-01,5462.2177083999995,5800.953893661499,0.0
Plant 1,1BY6WEcLGh8j5v7,2020-06-02,6958.095982225,7302.057327270508,0.0
Plant 1,1BY6WEcLGh8j5v7,2020-06-03,6988.15446444,7412.696727752686,0.0
Plant 1,1BY6WEcLGh8j5v7,2020-06-04,7553.685714465,8137.256729125977,0.0
Plant 1,1BY6WEcLGh8j5v7,2020-06-05,7136.59330355,7700.768590927124,0.0
Plant 1,1BY6WEcLGh8j5v7,2020-06-06,5896.0205356075,6416.828008651733,0.0
Plant 1,1BY6WEcLGh8j5v7,2020-06-07,5279.616517895,8054.619258880615,1.75
Plant 1,1BY6WEcLGh8j5v7,2020-06-08,7717.15163684,8325.448474884033,0.0
Plant 1,1BY6WEcLGh8j5v7,2020-06-09,7343.2299106,8094.030586242676,0.0
Plant 1,1BY6WEcLGh8j5v7,2020-06-10,5899.5979465225,6464.745450973511,0.0
Plant 1,1BY6WEcLGh8j5v7,2020-06-11,5205.4080357475,5421.548784255981,0.0
Plant 1,1BY6WEcLGh8j5v7,2020-06-12,5415.3303571175,5667.481363296509,0.0
Plant 1,1BY6WEcLGh8j5v7,2020-06-13,7928.003571175,8316.519918441772,0.0
Plant 1,1BY6WEcLGh8j5v7,2020-06-14,3969.4964287,7070.335224151611,3.0
Plant 1,1BY6WEcLGh8j5v7,2020-06-15,6216.7758928925,6644.463321685791,0.0
Plant 1,1BY6WEcLGh8j5v7,2020-06-16,5776.2026784750005,6063.0911655426025,0.0
Plant 1,1BY6WEcLGh8j5v7,2020-06-17,5457.6759821425,5768.926286697388,0.0
Plant 1,1IF53ai7Xc0U56Y,2020-05-15,6287.023660675,6302.543743133545,0.0
Plant 1,1IF53ai7Xc0U56Y,2020-05-16,6558.9366073,6330.695255279541,0.0
Plant 1,1IF53ai7Xc0U56Y,2020-05-17,7714.5299108849995,7488.474168777466,0.0
Plant 1,1IF53ai7Xc0U56Y,2020-05-18,5404.9285715475,5333.540523529053,0.0
Plant 1,1IF53ai7Xc0U56Y,2020-05-19,5774.90223205,5749.576503753662,0.0
Plant 1,1IF53ai7Xc0U56Y,2020-05-20,6116.4371429,5914.946657180786,0.0
Plant 1,1IF53ai7Xc0U56Y,2020-05-21,7555.3848216225,7570.757606506348,0.0
Plant 1,1IF53ai7Xc0U56Y,2020-05-22,7209.98571444,7179.6300411224365,0.0
Plant 1,1IF53ai7Xc0U56Y,2020-05-23,8649.9531252,8454.892036437988,0.0
Plant 1,1IF53ai7Xc0U56Y,2020-05-24,8251.3254463775,7990.352045059204,0.0
Plant 1,1IF53ai7Xc0U56Y,2020-05-25,9021.1934524425,8761.297159194946,0.0
Plant 1,1IF53ai7Xc0U56Y,2020-05-26,8080.4151784675,7748.195293426514,0.0
Plant 1,1IF53ai7Xc0U56Y,2020-05-27,6808.4397321999995,6701.244632720947,0.0
Plant 1,1IF53ai7Xc0U56Y,2020-05-28,8488.8802680625,8348.273880004883,0.0
Plant 1,1IF53ai7Xc0U56Y,2020-05-29,8251.9343745825,8117.0405559539795,0.0
Plant 1,1IF53ai7Xc0U56Y,2020-05-30,7320.59419606,7239.258701324463,0.0
Plant 1,1IF53ai7Xc0U56Y,2020-05-31,5834.069642775,5878.287094116211,0.0
Plant 1,1IF53ai7Xc0U56Y,2020-06-01,5974.658482225,5800.953893661499,0.0
Plant 1,1IF53ai7Xc0U56Y,2020-06-02,7294.50491076,7302.057327270508,0.0
Plant 1,1IF53ai7Xc0U56Y,2020-06-03,7505.7638394075,7412.696727752686,0.0
Plant 1,1IF53ai7Xc0U56Y,2020-06-04,8173.639285825,8137.256729125977,0.0
Plant 1,1IF53ai7Xc0U56Y,2020-06-05,7607.26696455,7700.768590927124,0.0
Plant 1,1IF53ai7Xc0U56Y,2020-06-06,6478.2348214075,6416.828008651733,0.0
Plant 1,1IF53ai7Xc0U56Y,2020-06-07,8195.8415176675,8054.619258880615,0.0
Plant 1,1IF53ai7Xc0U56Y,2020-06-08,8424.0111601925,8325.448474884033,0.0
Plant 1,1IF53ai7Xc0U56Y,2020-06-09,8107.60982119,8094.030586242676,0.0
Plant 1,1IF53ai7Xc0U56Y,2020-06-10,6542.8946430725,6464.745450973511,0.0
Plant 1,1IF53ai7Xc0U56Y,2020-06-11,5661.7879464325,5421.548784255981,0.0
Plant 1,1IF53ai7Xc0U56Y,2020-06-12,5854.36741072,5667.481363296509,0.0
Plant 1,1IF53ai7Xc0U56Y,2020-06-13,8711.399553285,8316.519918441772,0.0
Plant 1,1IF53ai7Xc0U56Y,2020-06-14,7443.9263393,7070.335224151611,0.0
Plant 1,1IF53ai7Xc0U56Y,2020-06-15,6920.4696429275,6644.463321685791,0.0
Plant 1,1IF53ai7Xc0U56Y,2020-06-16,6273.66160709,6063.0911655426025,0.0
Plant 1,1IF53ai7Xc0U56Y,2020-06-17,6022.9221429375,5768.926286697388,0.0
Plant 1,3PZuoBAID5Wc2HD,2020-05-15,6185.82455355,6302.543743133545,0.0
Plant 1,3PZuoBAID5Wc2HD,2020-05-16,6627.441517775,6330.695255279541,0.0
Plant 1,3PZuoBAID5Wc2HD,2020-05-17,7831.0883927675,7488.474168777466,0.0
Plant 1,3PZuoBAID5Wc2HD,2020-05-18,5408.2245535775,5333.540523529053,0.0
Plant 1,3PZuoBAID5Wc2HD,2020-05-19,5642.139583275,5749.576503753662,0.0
Plant 1,3PZuoBAID5Wc2HD,2020-05-20,6102.0141962,5914.946657180786,0.0
Plant 1,3PZuoBAID5Wc2HD,2020-05-21,7554.7521427825,7570.757606506348,0.0
Plant 1,3PZuoBAID5Wc2HD,2020-05-22,7252.6035714075,7179.6300411224365,0.0
Plant 1,3PZuoBAID5Wc2HD,2020-05-23,8630.0535716,8454.892036437988,0.0
Plant 1,3PZuoBAID5Wc2HD,2020-05-24,8226.4004458825,7990.352045059204,0.0
Plant 1,3PZuoBAID5Wc2HD,2020-05-25,9017.72648789,8761.297159194946,0.0
Plant 1,3PZuoBAID5Wc2HD,2020-05-26,8023.558928835,7748.195293426514,0.0
Plant 1,3PZuoBAID5Wc2HD,2020-05-27,6721.5864286275,6701.244632720947,0.0
Plant 1,3PZuoBAID5Wc2HD,2020-05-28,8451.2325896,8348.273880004883,0.0
Plant 1,3PZuoBAID5Wc2HD,2020-05-29,8198.58705377,8117.0405559539795,0.0
Plant 1,3PZuoBAID5Wc2HD,2020-05-30,7278.608035675,7239.258701324463,0.0
Plant 1,3PZuoBAID5Wc2HD,2020-05-31,5859.195089325,5878.287094116211,0.0
Plant 1,3PZuoBAID5Wc2HD,2020-06-01,5926.23616065,5800.953893661499,0.0
Plant 1,3PZuoBAID5Wc2HD,2020-06-02,7318.4321430025,7302.057327270508,0.0
Plant 1,3PZuoBAID5Wc2HD,2020-06-03,7468.6802083975,7412.696727752686,0.0
Plant 1,3PZuoBAID5Wc2HD,2020-06-04,8217.930357122501,8137.256729125977,0.0
Plant 1,3PZuoBAID5Wc2HD,2020-06-05,7836.27500025,7700.768590927124,0.0
Plant 1,3PZuoBAID5Wc2HD,2020-06-06,6438.616071475,6416.828008651733,0.0
Plant 1,3PZuoBAID5Wc2HD,2020-06-07,8240.3111606325,8054.619258880615,0.0
Plant 1,3PZuoBAID5Wc2HD,2020-06-08,8518.706755925,8325.448474884033,0.0
Plant 1,3PZuoBAID5Wc2HD,2020-06-09,8238.57946409,8094.030586242676,0.0
Plant 1,3PZuoBAID5Wc2HD,2020-06-10,6574.650446465,6464.745450973511,0.0
Plant 1,3PZuoBAID5Wc2HD,2020-06-11,5654.24062502,5421.548784255981,0.0
Plant 1,3PZuoBAID5Wc2HD,2020-06-12,5859.5977679475,5667.481363296509,0.0
Plant 1,3PZuoBAID5Wc2HD,2020-06-13,8525.979910665,8316.519918441772,0.0
Plant 1,3PZuoBAID5Wc2HD,2020-06-14,7432.3950891975,7070.335224151611,0.0
Plant 1,3PZuoBAID5Wc2HD,2020-06-15,6667.508482175,6644.463321685791,0.0
Plant 1,3PZuoBAID5Wc2HD,2020-06-16,6280.116518025,6063.0911655426025,0.0
Plant 1,3PZuoBAID5Wc2HD,2020-06-17,6019.7276784925,5768.926286697388,0.0
Plant 1,7JYdWkrLSPkdwr4,2020-05-15,6085.261607125,6302.543743133545,0.0
Plant 1,7JYdWkrLSPkdwr4,2020-05-16,6399.5133928325,6330.695255279541,0.0
Plant 1,7JYdWkrLSPkdwr4,2020-05-17,7482.45565487,7488.474168777466,0.0
Plant 1,7JYdWkrLSPkdwr4,2020-05-18,5268.7379464575,5333.540523529053,0.0
Plant 1,7JYdWkrLSPkdwr4,2020-05-19,6039.2821428,6092.878582000732,0.0
Plant 1,7JYdWkrLSPkdwr4,2020-05-20,5931.9177080425,5914.946657180786,0.0
Plant 1,7JYdWkrLSPkdwr4,2020-05-21,7420.81892851,7570.757606506348,0.0
Plant 1,7JYdWkrLSPkdwr4,2020-05-22,7112.0448411525,7179.6300411224365,0.0
Plant 1,7JYdWkrLSPkdwr4,2020-05-23,8404.209821275,8454.892036437988,0.0
Plant 1,7JYdWkrLSPkdwr4,2020-05-24,7982.8750000850005,7990.352045059204,0.0
Plant 1,7JYdWkrLSPkdwr4,2020-05-25,8750.151785965,8761.297159194946,0.0
Plant 1,7JYdWkrLSPkdwr4,2020-05-26,7871.247767725,7748.195293426514,0.0
Plant 1,7JYdWkrLSPkdwr4,2020-05-27,6588.5214284250005,6701.244632720947,0.0
Plant 1,7JYdWkrLSPkdwr4,2020-05-28,8243.3448211525,8348.273880004883,0.0
Plant 1,7JYdWkrLSPkdwr4,2020-05-29,7991.908482035,8117.0405559539795,0.0
Plant 1,7JYdWkrLSPkdwr4,2020-05-30,7101.66651781,7239.258701324463,0.0
Plant 1,7JYdWkrLSPkdwr4,2020-05-31,5826.985268,5878.287094116211,0.0
Plant 1,7JYdWkrLSPkdwr4,2020-06-01,5737.0861604625,5800.953893661499,0.0
Plant 1,7JYdWkrLSPkdwr4,2020-06-02,7194.3218746249995,7302.057327270508,0.0
Plant 1,7JYdWkrLSPkdwr4,2020-06-03,7356.233928475,7412.696727752686,0.0
Plant 1,7JYdWkrLSPkdwr4,2020-06-04,7967.1406252525,8137.256729125977,0.0
Plant 1,7JYdWkrLSPkdwr4,2020-06-05,7465.208035725,7700.768590927124,0.0
Plant 1,7JYdWkrLSPkdwr4,2020-06-06,6370.3370536,6416.828008651733,0.0
Plant 1,7JYdWkrLSPkdwr4,2020-06-07,8017.1151786475,8054.619258880615,0.0
Plant 1,7JYdWkrLSPkdwr4,2020-06-08,8228.29511894,8325.448474884033,0.0
Plant 1,7JYdWkrLSPkdwr4,2020-06-09,7885.4522324025,8094.030586242676,0.0
Plant 1,7JYdWkrLSPkdwr4,2020-06-10,6285.8041963825,6464.745450973511,0.0
Plant 1,7JYdWkrLSPkdwr4,2020-06-11,5538.7290178475,5421.548784255981,0.0
Plant 1,7JYdWkrLSPkdwr4,2020-06-12,5702.946428595,5667.481363296509,0.0
Plant 1,7JYdWkrLSPkdwr4,2020-06-13,8379.746874975,8316.519918441772,0.0
Plant 1,7JYdWkrLSPkdwr4,2020-06-14,7295.160714375,7070.335224151611,0.0
Plant 1,7JYdWkrLSPkdwr4,2020-06-15,6761.6330358475,6644.463321685791,0.0
Plant 1,7JYdWkrLSPkdwr4,2020-06-16,6110.46874999,6063.0911655426025,0.0
Plant 1,7JYdWkrLSPkdwr4,2020-06-17,5887.9276785824995,5768.926286697388,0.0
Plant 1,McdE0feGgRqW7Ca,2020-05-15,6412.08258925,6302.543743133545,0.0
Plant 1,McdE0feGgRqW7Ca,2020-05-16,6515.4120537075,6330.695255279541,0.0
Plant 1,McdE0feGgRqW7Ca,2020-05-17,7552.3386902675,7488.474168777466,0.0
Plant 1,McdE0feGgRqW7Ca,2020-05-18,5436.51964291,5333.540523529053,0.0
Plant 1,McdE0feGgRqW7Ca,2020-05-19,6263.092410725,6092.878582000732,0.0
Plant 1,McdE0feGgRqW7Ca,2020-05-20,6062.465029835,5914.946657180786,0.0
Plant 1,McdE0feGgRqW7Ca,2020-05-21,7727.2027679975,7570.757606506348,0.0
Plant 1,McdE0feGgRqW7Ca,2020-05-22,6878.4450891975,7179.6300411224365,0.0
Plant 1,McdE0feGgRqW7Ca,2020-05-23,8631.986606875,8454.892036437988,0.0
Plant 1,McdE0feGgRqW7Ca,2020-05-24,8011.59151785,7990.352045059204,0.0
Plant 1,McdE0feGgRqW7Ca,2020-05-25,8922.0607146175,8761.297159194946,0.0
Plant 1,McdE0feGgRqW7Ca,2020-05-26,7904.5379465999995,7748.195293426514,0.0
Plant 1,McdE0feGgRqW7Ca,2020-05-27,6848.8080357750005,6701.244632720947,0.0
Plant 1,McdE0feGgRqW7Ca,2020-05-28,8504.6558036725,8348.273880004883,0.0
Plant 1,McdE0feGgRqW7Ca,2020-05-29,8195.9906249625,8117.0405559539795,0.0
Plant 1,McdE0feGgRqW7Ca,2020-05-30,7288.0080357525,7239.258701324463,0.0
Plant 1,McdE0feGgRqW7Ca,2020-05-31,6132.9571430325,5878.287094116211,0.0
Plant 1,McdE0feGgRqW7Ca,2020-06-01,5936.84866057,5800.953893661499,0.0
Plant 1,McdE0feGgRqW7Ca,2020-06-02,7567.9745535825,7302.057327270508,0.0
Plant 1,McdE0feGgRqW7Ca,2020-06-03,7633.1620536775,7412.696727752686,0.0
Plant 1,McdE0feGgRqW7Ca,2020-06-04,8368.1312496025,8137.256729125977,0.0
Plant 1,McdE0feGgRqW7Ca,2020-06-05,7841.184821475,7700.768590927124,0.0
Plant 1,McdE0feGgRqW7Ca,2020-06-06,6380.28794655,6416.828008651733,0.0
Plant 1,McdE0feGgRqW7Ca,2020-06-07,6989.6232140175,8054.619258880615,0.75
Plant 1,McdE0feGgRqW7Ca,2020-06-08,8409.5843747775,8325.448474884033,0.0
Plant 1,McdE0feGgRqW7Ca,2020-06-09,8164.9325892425,8094.030586242676,0.0
Plant 1,McdE0feGgRqW7Ca,2020-06-10,6535.4787501075,6464.745450973511,0.0
Plant 1,McdE0feGgRqW7Ca,2020-06-11,5681.9049107,5421.548784255981,0.0
Plant 1,McdE0feGgRqW7Ca,2020-06-12,5923.90312514,5667.481363296509,0.0
Plant 1,McdE0feGgRqW7Ca,2020-06-13,8589.545535825,8316.519918441772,0.0
Plant 1,McdE0feGgRqW7Ca,2020-06-14,7413.130803725,7070.335224151611,0.0
Plant 1,McdE0feGgRqW7Ca,2020-06-15,6941.2843751225,6644.463321685791,0.0
Plant 1,McdE0feGgRqW7Ca,2020-06-16,6307.04866065,6063.0911655426025,0.0
Plant 1,McdE0feGgRqW7Ca,2020-06-17,5990.1166073125,5768.926286697388,0.0
Plant 1,VHMLBKoKgIrUVDU,2020-05-15,6193.8263392,6302.543743133545,0.0
Plant 1,VHMLBKoKgIrUVDU,2020-05-16,6660.6098213675,6330.695255279541,0.0
Plant 1,VHMLBKoKgIrUVDU,2020-05-17,7709.1104166825,7488.474168777466,0.0
Plant 1,VHMLBKoKgIrUVDU,2020-05-18,5423.3147320524995,5333.540523529053,0.0
Plant 1,VHMLBKoKgIrUVDU,2020-05-19,6171.71875,6092.878582000732,0.0
Plant 1,VHMLBKoKgIrUVDU,2020-05-20,6090.38943441,5914.946657180786,0.0
Plant 1,VHMLBKoKgIrUVDU,2020-05-21,7557.748749975,7570.757606506348,0.0
Plant 1,VHMLBKoKgIrUVDU,2020-05-22,7315.40143861,7179.6300411224365,0.0
Plant 1,VHMLBKoKgIrUVDU,2020-05-23,8575.11830365,8454.892036437988,0.0
Plant 1,VHMLBKoKgIrUVDU,2020-05-24,8126.1299106025,7990.352045059204,0.0
Plant 1,VHMLBKoKgIrUVDU,2020-05-25,8976.6803576325,8761.297159194946,0.0
Plant 1,VHMLBKoKgIrUVDU,2020-05-26,8038.34910725,7748.195293426514,0.0
Plant 1,VHMLBKoKgIrUVDU,2020-05-27,6753.6656248750005,6701.244632720947,0.0
Plant 1,VHMLBKoKgIrUVDU,2020-05-28,8478.7350892225,8348.273880004883,0.0
Plant 1,VHMLBKoKgIrUVDU,2020-05-29,8160.3370539675,8117.0405559539795,0.0
Plant 1,VHMLBKoKgIrUVDU,2020-05-30,7230.4558036225,7239.258701324463,0.0
Plant 1,VHMLBKoKgIrUVDU,2020-05-31,6108.966071425,5878.287094116211,0.0
Plant 1,VHMLBKoKgIrUVDU,2020-06-01,5837.34717235,5800.953893661499,0.0
Plant 1,VHMLBKoKgIrUVDU,2020-06-02,7388.7750001175,7302.057327270508,0.0
Plant 1,VHMLBKoKgIrUVDU,2020-06-03,7513.7077383000005,7412.696727752686,0.0
Plant 1,VHMLBKoKgIrUVDU,2020-06-04,8149.6785714475,8137.256729125977,0.0
Plant 1,VHMLBKoKgIrUVDU,2020-06-05,7680.416071425,7700.768590927124,0.0
Plant 1,VHMLBKoKgIrUVDU,2020-06-06,6424.959374975,6416.828008651733,0.0
Plant 1,VHMLBKoKgIrUVDU,2020-06-07,8179.1437501175,8054.619258880615,0.0
Plant 1,VHMLBKoKgIrUVDU,2020-06-08,8429.390267825,8325.448474884033,0.0
Plant 1,VHMLBKoKgIrUVDU,2020-06-09,8101.0303572925,8094.030586242676,0.0
Plant 1,VHMLBKoKgIrUVDU,2020-06-10,6387.869375182499,6464.745450973511,0.0
Plant 1,VHMLBKoKgIrUVDU,2020-06-11,5686.1044643675,5421.548784255981,0.0
Plant 1,VHMLBKoKgIrUVDU,2020-06-12,5854.13883936,5667.481363296509,0.0
Plant 1,VHMLBKoKgIrUVDU,2020-06-13,8627.466964075,8316.519918441772,0.0
Plant 1,VHMLBKoKgIrUVDU,2020-06-14,7474.52589295,7070.335224151611,0.0
Plant 1,VHMLBKoKgIrUVDU,2020-06-15,6943.1892858500005,6644.463321685791,0.0
Plant 1,VHMLBKoKgIrUVDU,2020-06-16,6287.5589288025,6063.0911655426025,0.0
Plant 1,VHMLBKoKgIrUVDU,2020-06-17,6024.77241094,5768.926286697388,0.0
Plant 1,WRmjgnKYAwPKWDb,2020-05-15,6117.0263392,6302.543743133545,0.0
Plant 1,WRmjgnKYAwPKWDb,2020-05-16,6575.884374925,6330.695255279541,0.0
Plant 1,WRmjgnKYAwPKWDb,2020-05-17,7688.7142858225,7488.474168777466,0.0
Plant 1,WRmjgnKYAwPKWDb,2020-05-18,5318.1830356,5333.540523529053,0.0
Plant 1,WRmjgnKYAwPKWDb,2020-05-19,5512.7931548,5749.576503753662,0.0
Plant 1,WRmjgnKYAwPKWDb,2020-05-20,5976.3001784,5914.946657180786,0.0
Plant 1,WRmjgnKYAwPKWDb,2020-05-21,7364.912083225,7570.757606506348,0.0
Plant 1,WRmjgnKYAwPKWDb,2020-05-22,7183.495535975,7179.6300411224365,0.0
Plant 1,WRmjgnKYAwPKWDb,2020-05-23,8424.997767675,8454.892036437988,0.0
Plant 1,WRmjgnKYAwPKWDb,2020-05-24,7964.039285965,7990.352045059204,0.0
Plant 1,WRmjgnKYAwPKWDb,2020-05-25,8848.9778273,8761.297159194946,0.0
Plant 1,WRmjgnKYAwPKWDb,2020-05-26,7787.0910714225,7748.195293426514,0.0
Plant 1,WRmjgnKYAwPKWDb,2020-05-27,6586.634285715,6701.244632720947,0.0
Plant 1,WRmjgnKYAwPKWDb,2020-05-28,8255.18586315,8348.273880004883,0.0
Plant 1,WRmjgnKYAwPKWDb,2020-05-29,7990.0758929975,8117.0405559539795,0.0
Plant 1,WRmjgnKYAwPKWDb,2020-05-30,7085.787053825,7239.258701324463,0.0
Plant 1,WRmjgnKYAwPKWDb,2020-05-31,5843.726785625,5878.287094116211,0.0
Plant 1,WRmjgnKYAwPKWDb,2020-06-01,5786.47857135,5800.953893661499,0.0
Plant 1,WRmjgnKYAwPKWDb,2020-06-02,7144.216964315,7302.057327270508,0.0
Plant 1,WRmjgnKYAwPKWDb,2020-06-03,7317.3833333025,7412.696727752686,0.0
Plant 1,WRmjgnKYAwPKWDb,2020-06-04,8074.6026786675,8137.256729125977,0.0
Plant 1,WRmjgnKYAwPKWDb,2020-06-05,7645.0941964975,7700.768590927124,0.0
Plant 1,WRmjgnKYAwPKWDb,2020-06-06,6307.543303575,6416.828008651733,0.0
Plant 1,WRmjgnKYAwPKWDb,2020-06-07,8110.30178571,8054.619258880615,0.0
Plant 1,WRmjgnKYAwPKWDb,2020-06-08,8317.7410119575,8325.448474884033,0.0
Plant 1,WRmjgnKYAwPKWDb,2020-06-09,7956.6459823275,8094.030586242676,0.0
Plant 1,WRmjgnKYAwPKWDb,2020-06-10,6400.4446427775,6464.745450973511,0.0
Plant 1,WRmjgnKYAwPKWDb,2020-06-11,5576.702678595,5421.548784255981,0.0
Plant 1,WRmjgnKYAwPKWDb,2020-06-12,5757.43705353,5667.481363296509,0.0
Plant 1,WRmjgnKYAwPKWDb,2020-06-13,8241.442857165,8316.519918441772,0.0
Plant 1,WRmjgnKYAwPKWDb,2020-06-14,7361.018750135,7070.335224151611,0.0
Plant 1,WRmjgnKYAwPKWDb,2020-06-15,6567.82276785,6644.463321685791,0.0
Plant 1,WRmjgnKYAwPKWDb,2020-06-16,6216.357589375,6063.0911655426025,0.0
Plant 1,WRmjgnKYAwPKWDb,2020-06-17,5957.3554465675,5768.926286697388,0.0
Plant 1,YxYtjZvoooNbGkE,2020-05-15,6294.28839285,6302.543743133545,0.0
Plant 1,YxYtjZvoooNbGkE,2020-05-16,6430.812053485,6330.695255279541,0.0
Plant 1,YxYtjZvoooNbGkE,2020-05-17,7456.08869035,7488.474168777466,0.0
Plant 1,YxYtjZvoooNbGkE,2020-05-18,5326.97232145,5333.540523529053,0.0
Plant 1,YxYtjZvoooNbGkE,2020-05-19,6085.853422675,6092.878582000732,0.0
Plant 1,YxYtjZvoooNbGkE,2020-05-20,5954.116368975,5914.946657180786,0.0
Plant 1,YxYtjZvoooNbGkE,2020-05-21,7522.7461606,7570.757606506348,0.0
Plant 1,YxYtjZvoooNbGkE,2020-05-22,7045.6133926975,7179.6300411224365,0.0
Plant 1,YxYtjZvoooNbGkE,2020-05-23,8516.5785712,8454.892036437988,0.0
Plant 1,YxYtjZvoooNbGkE,2020-05-24,7999.0084821475,7990.352045059204,0.0
Plant 1,YxYtjZvoooNbGkE,2020-05-25,8782.24732095,8761.297159194946,0.0
Plant 1,YxYtjZvoooNbGkE,2020-05-26,7779.551339375,7748.195293426514,0.0
Plant 1,YxYtjZvoooNbGkE,2020-05-27,6741.709375085,6701.244632720947,0.0
Plant 1,YxYtjZvoooNbGkE,2020-05-28,8307.5584823175,8348.273880004883,0.0
Plant 1,YxYtjZvoooNbGkE,2020-05-29,8068.2098213875,8117.0405559539795,0.0
Plant 1,YxYtjZvoooNbGkE,2020-05-30,7222.65624986,7239.258701324463,0.0
Plant 1,YxYtjZvoooNbGkE,2020-05-31,5890.3227678250005,5878.287094116211,0.0
Plant 1,YxYtjZvoooNbGkE,2020-06-01,5743.6592262,5800.953893661499,0.0
Plant 1,YxYtjZvoooNbGkE,2020-06-02,7365.8991070975,7302.057327270508,0.0
Plant 1,YxYtjZvoooNbGkE,2020-06-03,7409.3093752275,7412.696727752686,0.0
Plant 1,YxYtjZvoooNbGkE,2020-06-04,8098.790178525,8137.256729125977,0.0
Plant 1,YxYtjZvoooNbGkE,2020-06-05,7575.992410625,7700.768590927124,0.0
Plant 1,YxYtjZvoooNbGkE,2020-06-06,6278.1446430025,6416.828008651733,0.0
Plant 1,YxYtjZvoooNbGkE,2020-06-07,8117.3558038175,8054.619258880615,0.0
Plant 1,YxYtjZvoooNbGkE,2020-06-08,8353.6877972275,8325.448474884033,0.0
Plant 1,YxYtjZvoooNbGkE,2020-06-09,7992.63794655,8094.030586242676,0.0
Plant 1,YxYtjZvoooNbGkE,2020-06-10,6372.308035615,6464.745450973511,0.0
Plant 1,YxYtjZvoooNbGkE,2020-06-11,5539.51651787,5421.548784255981,0.0
Plant 1,YxYtjZvoooNbGkE,2020-06-12,5737.7723214175,5667.481363296509,0.0
Plant 1,YxYtjZvoooNbGkE,2020-06-13,8229.820535875,8316.519918441772,0.0
Plant 1,YxYtjZvoooNbGkE,2020-06-14,7184.0339284225,7070.335224151611,0.0
Plant 1,YxYtjZvoooNbGkE,2020-06-15,6477.25758925,6644.463321685791,0.0
Plant 1,YxYtjZvoooNbGkE,2020-06-16,6206.941071375,6063.0911655426025,0.0
Plant 1,YxYtjZvoooNbGkE,2020-06-17,5901.3803571925,5768.926286697388,0.0
Plant 1,ZnxXDlPa8U1GXgE,2020-05-15,6235.716071275,6302.543743133545,0.0
Plant 1,ZnxXDlPa8U1GXgE,2020-05-16,6654.40446425,6330.695255279541,0.0
Plant 1,ZnxXDlPa8U1GXgE,2020-05-17,7608.4245535325,7488.474168777466,0.0
Plant 1,ZnxXDlPa8U1GXgE,2020-05-18,5412.7915177975,5333.540523529053,0.0
Plant 1,ZnxXDlPa8U1GXgE,2020-05-19,6146.6848215,6092.878582000732,0.0
Plant 1,ZnxXDlPa8U1GXgE,2020-05-20,6037.1944643775,5914.946657180786,0.0
Plant 1,ZnxXDlPa8U1GXgE,2020-05-21,7583.055059675,7570.757606506348,0.0
Plant 1,ZnxXDlPa8U1GXgE,2020-05-22,7249.8571430675,7179.6300411224365,0.0
Plant 1,ZnxXDlPa8U1GXgE,2020-05-23,8522.4544643,8454.892036437988,0.0
Plant 1,ZnxXDlPa8U1GXgE,2020-05-24,7947.1450894175,7990.352045059204,0.0
Plant 1,ZnxXDlPa8U1GXgE,2020-05-25,8884.7723211275,8761.297159194946,0.0
Plant 1,ZnxXDlPa8U1GXgE,2020-05-26,7969.7241070325,7748.195293426514,0.0
Plant 1,ZnxXDlPa8U1GXgE,2020-05-27,6686.0950893675,6701.244632720947,0.0
Plant 1,ZnxXDlPa8U1GXgE,2020-05-28,8474.2626488,8348.273880004883,0.0
Plant 1,ZnxXDlPa8U1GXgE,2020-05-29,8120.02678586,8117.0405559539795,0.0
Plant 1,ZnxXDlPa8U1GXgE,2020-05-30,7274.58526775,7239.258701324463,0.0
Plant 1,ZnxXDlPa8U1GXgE,2020-05-31,6124.8991071,5878.287094116211,0.0
Plant 1,ZnxXDlPa8U1GXgE,2020-06-01,5841.6190476775,5800.953893661499,0.0
Plant 1,ZnxXDlPa8U1GXgE,2020-06-02,7508.882142825,7302.057327270508,0.0
Plant 1,ZnxXDlPa8U1GXgE,2020-06-03,7521.417113025,7412.696727752686,0.0
Plant 1,ZnxXDlPa8U1GXgE,2020-06-04,8183.9397324475,8137.256729125977,0.0
Plant 1,ZnxXDlPa8U1GXgE,2020-06-05,7623.533035875,7700.768590927124,0.0
Plant 1,ZnxXDlPa8U1GXgE,2020-06-06,6236.3232142675,6416.828008651733,0.0
Plant 1,ZnxXDlPa8U1GXgE,2020-06-07,8164.11294645,8054.619258880615,0.0
Plant 1,ZnxXDlPa8U1GXgE,2020-06-08,8454.91755954,8325.448474884033,0.0
Plant 1,ZnxXDlPa8U1GXgE,2020-06-09,8098.6834819225005,8094.030586242676,0.0
Plant 1,ZnxXDlPa8U1GXgE,2020-06-10,6366.3638393325,6464.745450973511,0.0
Plant 1,ZnxXDlPa8U1GXgE,2020-06-11,5635.7709820225,5421.548784255981,0.0
Plant 1,ZnxXDlPa8U1GXgE,2020-06-12,5842.2174106925,5667.481363296509,0.0
Plant 1,ZnxXDlPa8U1GXgE,2020-06-13,8578.78214255,8316.519918441772,0.0
Plant 1,ZnxXDlPa8U1GXgE,2020-06-14,7353.16517855,7070.335224151611,0.0
Plant 1,ZnxXDlPa8U1GXgE,2020-06-15,6684.51249996,6644.463321685791,0.0
Plant 1,ZnxXDlPa8U1GXgE,2020-06-16,6213.2843750975,6063.0911655426025,0.0
Plant 1,ZnxXDlPa8U1GXgE,2020-06-17,5900.3106250275005,5768.926286697388,0.0
Plant 1,ZoEaEvLYb1n2sOq,2020-05-15,6221.688839225,6302.543743133545,0.0
Plant 1,ZoEaEvLYb1n2sOq,2020-05-16,6353.900446465,6330.695255279541,0.0
Plant 1,ZoEaEvLYb1n2sOq,2020-05-17,7471.331696525,7488.474168777466,0.0
Plant 1,ZoEaEvLYb1n2sOq,2020-05-18,5304.7718749175,5333.540523529053,0.0
Plant 1,ZoEaEvLYb1n2sOq,2020-05-19,6042.777381,6092.878582000732,0.0
Plant 1,ZoEaEvLYb1n2sOq,2020-05-20,5875.8763393475,5914.946657180786,0.0
Plant 1,ZoEaEvLYb1n2sOq,2020-05-21,7432.3236607750005,7570.757606506348,0.0
Plant 1,ZoEaEvLYb1n2sOq,2020-05-22,6919.4848216025,7179.6300411224365,0.0
Plant 1,ZoEaEvLYb1n2sOq,2020-05-23,8421.0758928775,8454.892036437988,0.0
Plant 1,ZoEaEvLYb1n2sOq,2020-05-24,7940.6758927225,7990.352045059204,0.0
Plant 1,ZoEaEvLYb1n2sOq,2020-05-25,8726.758482525,8761.297159194946,0.0
Plant 1,ZoEaEvLYb1n2sOq,2020-05-26,7759.234821315,7748.195293426514,0.0
Plant 1,ZoEaEvLYb1n2sOq,2020-05-27,6650.8840774025,6701.244632720947,0.0
Plant 1,ZoEaEvLYb1n2sOq,2020-05-28,8202.3937499075,8348.273880004883,0.0
Plant 1,ZoEaEvLYb1n2sOq,2020-05-29,8045.5322917375,8117.0405559539795,0.0
Plant 1,ZoEaEvLYb1n2sOq,2020-05-30,7189.8660712500005,7239.258701324463,0.0
Plant 1,ZoEaEvLYb1n2sOq,2020-05-31,5763.7303571475,5878.287094116211,0.0
Plant 1,ZoEaEvLYb1n2sOq,2020-06-01,5749.1866070125,5800.953893661499,0.0
Plant 1,ZoEaEvLYb1n2sOq,2020-06-02,7280.354910835,7302.057327270508,0.0
Plant 1,ZoEaEvLYb1n2sOq,2020-06-03,7404.4919641425,7412.696727752686,0.0
Plant 1,ZoEaEvLYb1n2sOq,2020-06-04,8013.0013392500005,8137.256729125977,0.0
Plant 1,ZoEaEvLYb1n2sOq,2020-06-05,7537.142857375,7700.768590927124,0.0
Plant 1,ZoEaEvLYb1n2sOq,2020-06-06,6226.7415178675,6416.828008651733,0.0
Plant 1,ZoEaEvLYb1n2sOq,2020-06-07,7983.0571426275,8054.619258880615,0.0
Plant 1,ZoEaEvLYb1n2sOq,2020-06-08,8240.970238034999,8325.448474884033,0.0
Plant 1,ZoEaEvLYb1n2sOq,2020-06-09,7995.4084821,8094.030586242676,0.0
Plant 1,ZoEaEvLYb1n2sOq,2020-06-10,6372.7406249925,6464.745450973511,0.0
Plant 1,ZoEaEvLYb1n2sOq,2020-06-11,5509.470089225,5421.548784255981,0.0
Plant 1,ZoEaEvLYb1n2sOq,2020-06-12,5713.2687499575,5667.481363296509,0.0
Plant 1,ZoEaEvLYb1n2sOq,2020-06-13,8254.47098195,8316.519918441772,0.0
Plant 1,ZoEaEvLYb1n2sOq,2020-06-14,7203.4808036025,7070.335224151611,0.0
Plant 1,ZoEaEvLYb1n2sOq,2020-06-15,6525.94821425,6644.463321685791,0.0
Plant 1,ZoEaEvLYb1n2sOq,2020-06-16,6191.482589125,6063.0911655426025,0.0
Plant 1,ZoEaEvLYb1n2sOq,2020-06-17,5887.1855355625,5768.926286697388,0.0
Plant 1,adLQvlD726eNBSB,2020-05-15,6315.931696375,6302.543743133545,0.0
Plant 1,adLQvlD726eNBSB,2020-05-16,6675.625892825,6330.695255279541,0.0
Plant 1,adLQvlD726eNBSB,2020-05-17,7837.2950890325,7488.474168777466,0.0
Plant 1,adLQvlD726eNBSB,2020-05-18,5452.73616071,5333.540523529053,0.0
Plant 1,adLQvlD726eNBSB,2020-05-19,5796.2946427,5749.576503753662,0.0
Plant 1,adLQvlD726eNBSB,2020-05-20,6190.6271427,5914.946657180786,0.0
Plant 1,adLQvlD726eNBSB,2020-05-21,7718.629642865,7570.757606506348,0.0
Plant 1,adLQvlD726eNBSB,2020-05-22,7295.502678325,7179.6300411224365,0.0
Plant 1,adLQvlD726eNBSB,2020-05-23,8745.10446435,8454.892036437988,0.0
Plant 1,adLQvlD726eNBSB,2020-05-24,8398.41473224,7990.352045059204,0.0
Plant 1,adLQvlD726eNBSB,2020-05-25,9132.5864585275,8761.297159194946,0.0
Plant 1,adLQvlD726eNBSB,2020-05-26,8192.1281250775,7748.195293426514,0.0
Plant 1,adLQvlD726eNBSB,2020-05-27,6798.258482,6701.244632720947,0.0
Plant 1,adLQvlD726eNBSB,2020-05-28,8632.49499987,8348.273880004883,0.0
Plant 1,adLQvlD726eNBSB,2020-05-29,8320.387499915,8117.0405559539795,0.0
Plant 1,adLQvlD726eNBSB,2020-05-30,7408.9183037825,7239.258701324463,0.0
Plant 1,adLQvlD726eNBSB,2020-05-31,5942.85267855,5878.287094116211,0.0
Plant 1,adLQvlD726eNBSB,2020-06-01,6113.486011675,5800.953893661499,0.0
Plant 1,adLQvlD726eNBSB,2020-06-02,7413.2906250675005,7302.057327270508,0.0
Plant 1,adLQvlD726eNBSB,2020-06-03,7613.6473216475,7412.696727752686,0.0
Plant 1,adLQvlD726eNBSB,2020-06-04,8335.4857143025,8137.256729125977,0.0
Plant 1,adLQvlD726eNBSB,2020-06-05,7731.880803375,7700.768590927124,0.0
Plant 1,adLQvlD726eNBSB,2020-06-06,6581.1254464825,6416.828008651733,0.0
Plant 1,adLQvlD726eNBSB,2020-06-07,8332.9629462525,8054.619258880615,0.0
Plant 1,adLQvlD726eNBSB,2020-06-08,8587.074999735,8325.448474884033,0.0
Plant 1,adLQvlD726eNBSB,2020-06-09,8139.6616071725,8094.030586242676,0.0
Plant 1,adLQvlD726eNBSB,2020-06-10,6583.008839315,6464.745450973511,0.0
Plant 1,adLQvlD726eNBSB,2020-06-11,5752.2575893675,5421.548784255981,0.0
Plant 1,adLQvlD726eNBSB,2020-06-12,5937.217410755,5667.481363296509,0.0
Plant 1,adLQvlD726eNBSB,2020-06-13,8803.0794645475,8316.519918441772,0.0
Plant 1,adLQvlD726eNBSB,2020-06-14,7543.84687475,7070.335224151611,0.0
Plant 1,adLQvlD726eNBSB,2020-06-15,6977.27098204,6644.463321685791,0.0
Plant 1,adLQvlD726eNBSB,2020-06-16,6349.137053500001,6063.0911655426025,0.0
Plant 1,adLQvlD726eNBSB,2020-06-17,6101.715000095,5768.926286697388,0.0
Plant 1,bvBOhCH3iADSZry,2020-05-15,5712.68258925,6302.543743133545,0.0
Plant 1,bvBOhCH3iADSZry,2020-05-16,6107.5973216525,6330.695255279541,0.0
Plant 1,bvBOhCH3iADSZry,2020-05-17,6907.93392855,7488.474168777466,0.0
Plant 1,bvBOhCH3iADSZry,2020-05-18,4945.2973214,5333.540523529053,0.0
Plant 1,bvBOhCH3iADSZry,2020-05-19,5566.053571425,6092.878582000732,0.0
Plant 1,bvBOhCH3iADSZry,2020-05-20,5503.0090776225,5914.946657180786,0.0
Plant 1,bvBOhCH3iADSZry,2020-05-21,6889.8047914974995,7570.757606506348,0.0
Plant 1,bvBOhCH3iADSZry,2020-05-22,6792.2517856,7179.6300411224365,0.0
Plant 1,bvBOhCH3iADSZry,2020-05-23,7850.3017857,8454.892036437988,0.0
Plant 1,bvBOhCH3iADSZry,2020-05-24,7386.92857165,7990.352045059204,0.0
Plant 1,bvBOhCH3iADSZry,2020-05-25,8084.37901827,8761.297159194946,0.0
Plant 1,bvBOhCH3iADSZry,2020-05-26,7297.0276784325,7748.195293426514,0.0
Plant 1,bvBOhCH3iADSZry,2020-05-27,6102.37991071,6701.244632720947,0.0
Plant 1,bvBOhCH3iADSZry,2020-05-28,7712.506249875,8348.273880004883,0.0
Plant 1,bvBOhCH3iADSZry,2020-05-29,7441.225892825,8117.0405559539795,0.0
Plant 1,bvBOhCH3iADSZry,2020-05-30,6624.4026783975005,7239.258701324463,0.0
Plant 1,bvBOhCH3iADSZry,2020-05-31,5592.90446436,5878.287094116211,0.0
Plant 1,bvBOhCH3iADSZry,2020-06-01,5292.882738145,5800.953893661499,0.0
Plant 1,bvBOhCH3iADSZry,2020-06-02,6791.770982025,7302.057327270508,0.0
Plant 1,bvBOhCH3iADSZry,2020-06-03,6871.0312501675,7412.696727752686,0.0
Plant 1,bvBOhCH3iADSZry,2020-06-04,7509.7022322575,8137.256729125977,0.0
Plant 1,bvBOhCH3iADSZry,2020-06-05,7034.635267975,7700.768590927124,0.0
Plant 1,bvBOhCH3iADSZry,2020-06-06,5843.7549106275,6416.828008651733,0.0
Plant 1,bvBOhCH3iADSZry,2020-06-07,5087.6973213775,8054.619258880615,2.0
Plant 1,bvBOhCH3iADSZry,2020-06-08,7536.970535825,8325.448474884033,0.0
Plant 1,bvBOhCH3iADSZry,2020-06-09,7275.46026785,8094.030586242676,0.0
Plant 1,bvBOhCH3iADSZry,2020-06-10,5863.009464175,6464.745450973511,0.0
Plant 1,bvBOhCH3iADSZry,2020-06-11,5147.8571428525,5421.548784255981,0.0
Plant 1,bvBOhCH3iADSZry,2020-06-12,5338.80491071,5667.481363296509,0.0
Plant 1,bvBOhCH3iADSZry,2020-06-13,7893.9754462850005,8316.519918441772,0.0
Plant 1,bvBOhCH3iADSZry,2020-06-14,3927.675446325,7070.335224151611,3.0
Plant 1,bvBOhCH3iADSZry,2020-06-15,6126.25714296,6644.463321685791,0.0
Plant 1,bvBOhCH3iADSZry,2020-06-16,5677.20044638,6063.0911655426025,0.0
Plant 1,bvBOhCH3iADSZry,2020-06-17,5406.59660714,5768.926286697388,0.0
Plant 1,iCRJl6heRkivqQ3,2020-05-15,6415.49821425,6302.543743133545,0.0
Plant 1,iCRJl6heRkivqQ3,2020-05-16,6404.0214285600005,6330.695255279541,0.0
Plant 1,iCRJl6heRkivqQ3,2020-05-17,7495.2910714275,7488.474168777466,0.0
Plant 1,iCRJl6heRkivqQ3,2020-05-18,5364.1933036425,5333.540523529053,0.0
Plant 1,iCRJl6heRkivqQ3,2020-05-19,6203.16145845,6092.878582000732,0.0
Plant 1,iCRJl6heRkivqQ3,2020-05-20,5958.5900301175,5914.946657180786,0.0
Plant 1,iCRJl6heRkivqQ3,2020-05-21,7573.56249989,7570.757606506348,0.0
Plant 1,iCRJl6heRkivqQ3,2020-05-22,7152.2290176775,7179.6300411224365,0.0
Plant 1,iCRJl6heRkivqQ3,2020-05-23,8587.5933036225,8454.892036437988,0.0
Plant 1,iCRJl6heRkivqQ3,2020-05-24,8024.6915180999995,7990.352045059204,0.0
Plant 1,iCRJl6heRkivqQ3,2020-05-25,8828.97276765,8761.297159194946,0.0
Plant 1,iCRJl6heRkivqQ3,2020-05-26,7824.9183035325,7748.195293426514,0.0
Plant 1,iCRJl6heRkivqQ3,2020-05-27,6681.50982149,6701.244632720947,0.0
Plant 1,iCRJl6heRkivqQ3,2020-05-28,8287.399999925,8348.273880004883,0.0
Plant 1,iCRJl6heRkivqQ3,2020-05-29,8231.4071429025,8117.0405559539795,0.0
Plant 1,iCRJl6heRkivqQ3,2020-05-30,7327.220535775,7239.258701324463,0.0
Plant 1,iCRJl6heRkivqQ3,2020-05-31,5903.5937499775,5878.287094116211,0.0
Plant 1,iCRJl6heRkivqQ3,2020-06-01,5761.77113096,5800.953893661499,0.0
Plant 1,iCRJl6heRkivqQ3,2020-06-02,7408.889732135,7302.057327270508,0.0
Plant 1,iCRJl6heRkivqQ3,2020-06-03,7459.0611605725,7412.696727752686,0.0
Plant 1,iCRJl6heRkivqQ3,2020-06-04,8271.8816963675,8137.256729125977,0.0
Plant 1,iCRJl6heRkivqQ3,2020-06-05,7775.470535875,7700.768590927124,0.0
Plant 1,iCRJl6heRkivqQ3,2020-06-06,6412.18392855,6416.828008651733,0.0
Plant 1,iCRJl6heRkivqQ3,2020-06-07,8187.1017853975,8054.619258880615,0.0
Plant 1,iCRJl6heRkivqQ3,2020-06-08,8415.64910689,8325.448474884033,0.0
Plant 1,iCRJl6heRkivqQ3,2020-06-09,8238.6558034025,8094.030586242676,0.0
Plant 1,iCRJl6heRkivqQ3,2020-06-10,6524.8815178025,6464.745450973511,0.0
Plant 1,iCRJl6heRkivqQ3,2020-06-11,5618.841517865,5421.548784255981,0.0
Plant 1,iCRJl6heRkivqQ3,2020-06-12,5848.7316964575,5667.481363296509,0.0
Plant 1,iCRJl6heRkivqQ3,2020-06-13,8455.27723244,8316.519918441772,0.0
Plant 1,iCRJl6heRkivqQ3,2020-06-14,7354.5053571,7070.335224151611,0.0
Plant 1,iCRJl6heRkivqQ3,2020-06-15,6755.81250011,6644.463321685791,0.0
Plant 1,iCRJl6heRkivqQ3,2020-06-16,6231.0593750175,6063.0911655426025,0.0
Plant 1,iCRJl6heRkivqQ3,2020-06-17,5928.2387500025,5768.926286697388,0.0
Plant 1,ih0vzX44oOqAx2f,2020-05-15,6139.911577475,6302.543743133545,0.0
Plant 1,ih0vzX44oOqAx2f,2020-05-16,6437.841071375,6330.695255279541,0.0
Plant 1,ih0vzX44oOqAx2f,2020-05-17,7426.5674105975,7488.474168777466,0.0
Plant 1,ih0vzX44oOqAx2f,2020-05-18,5281.6500001,5333.540523529053,0.0
Plant 1,ih0vzX44oOqAx2f,2020-05-19,6004.545982025,6092.878582000732,0.0
Plant 1,ih0vzX44oOqAx2f,2020-05-20,5859.42482151,5914.946657180786,0.0
Plant 1,ih0vzX44oOqAx2f,2020-05-21,7372.218511675,7570.757606506348,0.0
Plant 1,ih0vzX44oOqAx2f,2020-05-22,7005.758928875,7179.6300411224365,0.0
Plant 1,ih0vzX44oOqAx2f,2020-05-23,8318.64464295,8454.892036437988,0.0
Plant 1,ih0vzX44oOqAx2f,2020-05-24,7510.2482145475,7990.352045059204,0.0
Plant 1,ih0vzX44oOqAx2f,2020-05-25,7997.85357112,8761.297159194946,0.25
Plant 1,ih0vzX44oOqAx2f,2020-05-26,7668.4165178025,7748.195293426514,0.0
Plant 1,ih0vzX44oOqAx2f,2020-05-27,6531.3933632975,6701.244632720947,0.0
Plant 1,ih0vzX44oOqAx2f,2020-05-28,8292.3352674725,8348.273880004883,0.0
Plant 1,ih0vzX44oOqAx2f,2020-05-29,7937.7049109675,8117.0405559539795,0.0
Plant 1,ih0vzX44oOqAx2f,2020-05-30,7102.9410714000005,7239.258701324463,0.0
Plant 1,ih0vzX44oOqAx2f,2020-05-31,5958.577232285,5878.287094116211,0.0
Plant 1,ih0vzX44oOqAx2f,2020-06-01,5661.273214325,5800.953893661499,0.0
Plant 1,ih0vzX44oOqAx2f,2020-06-02,7300.436160615,7302.057327270508,0.0
Plant 1,ih0vzX44oOqAx2f,2020-06-03,7314.3952378,7412.696727752686,0.0
Plant 1,ih0vzX44oOqAx2f,2020-06-04,7981.1982144,8137.256729125977,0.0
Plant 1,ih0vzX44oOqAx2f,2020-06-05,7356.411160775,7700.768590927124,0.0
Plant 1,ih0vzX44oOqAx2f,2020-06-06,6132.727678725,6416.828008651733,0.0
Plant 1,ih0vzX44oOqAx2f,2020-06-07,7985.41741085,8054.619258880615,0.0
Plant 1,ih0vzX44oOqAx2f,2020-06-08,8251.0147318725,8325.448474884033,0.0
Plant 1,ih0vzX44oOqAx2f,2020-06-09,7856.5830356475,8094.030586242676,0.0
Plant 1,ih0vzX44oOqAx2f,2020-06-10,6212.28526784,6464.745450973511,0.0
Plant 1,ih0vzX44oOqAx2f,2020-06-11,5467.4620535025,5421.548784255981,0.0
Plant 1,ih0vzX44oOqAx2f,2020-06-12,5674.666071475,5667.481363296509,0.0
Plant 1,ih0vzX44oOqAx2f,2020-06-13,8329.21250005,8316.519918441772,0.0
Plant 1,ih0vzX44oOqAx2f,2020-06-14,7134.951785875,7070.335224151611,0.0
Plant 1,ih0vzX44oOqAx2f,2020-06-15,6514.269642935,6644.463321685791,0.0
Plant 1,ih0vzX44oOqAx2f,2020-06-16,6027.5767858025,6063.0911655426025,0.0
Plant 1,ih0vzX44oOqAx2f,2020-06-17,5753.441428735,5768.926286697388,0.0
Plant 1,pkci93gMrogZuBj,2020-05-15,6318.903124925,6302.543743133545,0.0
Plant 1,pkci93gMrogZuBj,2020-05-16,6139.573214285,6330.695255279541,0.0
Plant 1,pkci93gMrogZuBj,2020-05-17,7367.0058037075,7488.474168777466,0.0
Plant 1,pkci93gMrogZuBj,2020-05-18,5331.5196429275,5333.540523529053,0.0
Plant 1,pkci93gMrogZuBj,2020-05-19,6154.21145825,6092.878582000732,0.0
Plant 1,pkci93gMrogZuBj,2020-05-20,5895.57410711,5914.946657180786,0.0
Plant 1,pkci93gMrogZuBj,2020-05-21,7522.5607442025,7570.757606506348,0.0
Plant 1,pkci93gMrogZuBj,2020-05-22,7189.434374775,7179.6300411224365,0.0
Plant 1,pkci93gMrogZuBj,2020-05-23,8438.0223213525,8454.892036437988,0.0
Plant 1,pkci93gMrogZuBj,2020-05-24,8004.6357145225,7990.352045059204,0.0
Plant 1,pkci93gMrogZuBj,2020-05-25,8786.989285465,8761.297159194946,0.0
Plant 1,pkci93gMrogZuBj,2020-05-26,7796.413839225,7748.195293426514,0.0
Plant 1,pkci93gMrogZuBj,2020-05-27,6650.615475965,6701.244632720947,0.0
Plant 1,pkci93gMrogZuBj,2020-05-28,8190.8736607075,8348.273880004883,0.0
Plant 1,pkci93gMrogZuBj,2020-05-29,8225.6401786075,8117.0405559539795,0.0
Plant 1,pkci93gMrogZuBj,2020-05-30,7288.6660714275,7239.258701324463,0.0
Plant 1,pkci93gMrogZuBj,2020-05-31,5851.7116070975,5878.287094116211,0.0
Plant 1,pkci93gMrogZuBj,2020-06-01,5458.87633927,5800.953893661499,0.0
Plant 1,pkci93gMrogZuBj,2020-06-02,7318.1375000725,7302.057327270508,0.0
Plant 1,pkci93gMrogZuBj,2020-06-03,7447.6459819525,7412.696727752686,0.0
Plant 1,pkci93gMrogZuBj,2020-06-04,8203.17455356,8137.256729125977,0.0
Plant 1,pkci93gMrogZuBj,2020-06-05,7759.944642925,7700.768590927124,0.0
Plant 1,pkci93gMrogZuBj,2020-06-06,6345.13794654,6416.828008651733,0.0
Plant 1,pkci93gMrogZuBj,2020-06-07,8167.9401786025,8054.619258880615,0.0
Plant 1,pkci93gMrogZuBj,2020-06-08,8275.50327379,8325.448474884033,0.0
Plant 1,pkci93gMrogZuBj,2020-06-09,8234.63928546,8094.030586242676,0.0
Plant 1,pkci93gMrogZuBj,2020-06-10,6566.4576784724995,6464.745450973511,0.0
Plant 1,pkci93gMrogZuBj,2020-06-11,5600.289285775,5421.548784255981,0.0
Plant 1,pkci93gMrogZuBj,2020-06-12,5802.3299107425,5667.481363296509,0.0
Plant 1,pkci93gMrogZuBj,2020-06-13,8186.362946315,8316.519918441772,0.0
Plant 1,pkci93gMrogZuBj,2020-06-14,7192.98526775,7070.335224151611,0.0
Plant 1,pkci93gMrogZuBj,2020-06-15,6773.1004465,6644.463321685791,0.0
Plant 1,pkci93gMrogZuBj,2020-06-16,6245.454166675,6063.0911655426025,0.0
Plant 1,pkci93gMrogZuBj,2020-06-17,5922.23312515,5768.926286697388,0.0
Plant 1,rGa61gmuvPhdLxV,2020-05-15,6409.4678572,6302.543743133545,0.0
Plant 1,rGa61gmuvPhdLxV,2020-05-16,6184.6026785775,6330.695255279541,0.0
Plant 1,rGa61gmuvPhdLxV,2020-05-17,7417.5514881525,7488.474168777466,0.0
Plant 1,rGa61gmuvPhdLxV,2020-05-18,5344.0745534475,5333.540523529053,0.0
Plant 1,rGa61gmuvPhdLxV,2020-05-19,6156.290029725,6092.878582000732,0.0
Plant 1,rGa61gmuvPhdLxV,2020-05-20,5895.41089321,5914.946657180786,0.0
Plant 1,rGa61gmuvPhdLxV,2020-05-21,7589.99696415,7570.757606506348,0.0
Plant 1,rGa61gmuvPhdLxV,2020-05-22,6878.61821409,7179.6300411224365,0.0
Plant 1,rGa61gmuvPhdLxV,2020-05-23,8124.71205359,8454.892036437988,0.0
Plant 1,rGa61gmuvPhdLxV,2020-05-24,7952.6812498675,7990.352045059204,0.0
Plant 1,rGa61gmuvPhdLxV,2020-05-25,8766.60491073,8761.297159194946,0.0
Plant 1,rGa61gmuvPhdLxV,2020-05-26,7725.46383924,7748.195293426514,0.0
Plant 1,rGa61gmuvPhdLxV,2020-05-27,6636.7220535125,6701.244632720947,0.0
Plant 1,rGa61gmuvPhdLxV,2020-05-28,8209.71488109,8348.273880004883,0.0
Plant 1,rGa61gmuvPhdLxV,2020-05-29,8229.3638393975,8117.0405559539795,0.0
Plant 1,rGa61gmuvPhdLxV,2020-05-30,7342.28125006,7239.258701324463,0.0
Plant 1,rGa61gmuvPhdLxV,2020-05-31,5895.6700892750005,5878.287094116211,0.0
Plant 1,rGa61gmuvPhdLxV,2020-06-01,5624.950892685,5800.953893661499,0.0
Plant 1,rGa61gmuvPhdLxV,2020-06-02,7291.1674108,7302.057327270508,0.0
Plant 1,rGa61gmuvPhdLxV,2020-06-03,7415.6107145425,7412.696727752686,0.0
Plant 1,rGa61gmuvPhdLxV,2020-06-04,8176.81383929,8137.256729125977,0.0
Plant 1,rGa61gmuvPhdLxV,2020-06-05,7774.676339525,7700.768590927124,0.0
Plant 1,rGa61gmuvPhdLxV,2020-06-06,6371.043750075,6416.828008651733,0.0
Plant 1,rGa61gmuvPhdLxV,2020-06-07,8083.1754466075,8054.619258880615,0.0
Plant 1,rGa61gmuvPhdLxV,2020-06-08,8272.914881265,8325.448474884033,0.0
Plant 1,rGa61gmuvPhdLxV,2020-06-09,8164.8290176,8094.030586242676,0.0
Plant 1,rGa61gmuvPhdLxV,2020-06-10,6539.8924107825,6464.745450973511,0.0
Plant 1,rGa61gmuvPhdLxV,2020-06-11,5596.1419643075,5421.548784255981,0.0
Plant 1,rGa61gmuvPhdLxV,2020-06-12,5807.431250035,5667.481363296509,0.0
Plant 1,rGa61gmuvPhdLxV,2020-06-13,8364.1803572825,8316.519918441772,0.0
Plant 1,rGa61gmuvPhdLxV,2020-06-14,7269.0535714,7070.335224151611,0.0
Plant 1,rGa61gmuvPhdLxV,2020-06-15,6691.185714325,6644.463321685791,0.0
Plant 1,rGa61gmuvPhdLxV,2020-06-16,6183.6174107775005,6063.0911655426025,0.0
Plant 1,rGa61gmuvPhdLxV,2020-06-17,5945.5215178225,5768.926286697388,0.0
Plant 1,sjndEbLyjtCKgGv,2020-05-15,6300.0084824,6302.543743133545,0.0
Plant 1,sjndEbLyjtCKgGv,2020-05-16,6361.7749998399995,6330.695255279541,0.0
Plant 1,sjndEbLyjtCKgGv,2020-05-17,7418.2008932225,7488.474168777466,0.0
Plant 1,sjndEbLyjtCKgGv,2020-05-18,5331.58526785,5333.540523529053,0.0
Plant 1,sjndEbLyjtCKgGv,2020-05-19,6151.503571475,6092.878582000732,0.0
Plant 1,sjndEbLyjtCKgGv,2020-05-20,5904.4925595825,5914.946657180786,0.0
Plant 1,sjndEbLyjtCKgGv,2020-05-21,7565.3308335525,7570.757606506348,0.0
Plant 1,sjndEbLyjtCKgGv,2020-05-22,7086.5401786075,7179.6300411224365,0.0
Plant 1,sjndEbLyjtCKgGv,2020-05-23,8455.185714125,8454.892036437988,0.0
Plant 1,sjndEbLyjtCKgGv,2020-05-24,7837.199553225,7990.352045059204,0.0
Plant 1,sjndEbLyjtCKgGv,2020-05-25,8720.8683034625,8761.297159194946,0.0
Plant 1,sjndEbLyjtCKgGv,2020-05-26,7704.182142635,7748.195293426514,0.0
Plant 1,sjndEbLyjtCKgGv,2020-05-27,6617.74241075,6701.244632720947,0.0
Plant 1,sjndEbLyjtCKgGv,2020-05-28,8262.0766963175,8348.273880004883,0.0
Plant 1,sjndEbLyjtCKgGv,2020-05-29,8068.13080362,8117.0405559539795,0.0
Plant 1,sjndEbLyjtCKgGv,2020-05-30,7184.958035665,7239.258701324463,0.0
Plant 1,sjndEbLyjtCKgGv,2020-05-31,5945.1218750650005,5878.287094116211,0.0
Plant 1,sjndEbLyjtCKgGv,2020-06-01,5730.14836334,5800.953893661499,0.0
Plant 1,sjndEbLyjtCKgGv,2020-06-02,7402.5125000525,7302.057327270508,0.0
Plant 1,sjndEbLyjtCKgGv,2020-06-03,7453.15267884,7412.696727752686,0.0
Plant 1,sjndEbLyjtCKgGv,2020-06-04,8179.9125000925,8137.256729125977,0.0
Plant 1,sjndEbLyjtCKgGv,2020-06-05,7678.7374999,7700.768590927124,0.0
Plant 1,sjndEbLyjtCKgGv,2020-06-06,6316.8955357475,6416.828008651733,0.0
Plant 1,sjndEbLyjtCKgGv,2020-06-07,6788.8116073225,8054.619258880615,0.75
Plant 1,sjndEbLyjtCKgGv,2020-06-08,8247.0809524025,8325.448474884033,0.0
Plant 1,sjndEbLyjtCKgGv,2020-06-09,8131.552678525,8094.030586242676,0.0
Plant 1,sjndEbLyjtCKgGv,2020-06-10,6427.883839415,6464.745450973511,0.0
Plant 1,sjndEbLyjtCKgGv,2020-06-11,5602.889732165,5421.548784255981,0.0
Plant 1,sjndEbLyjtCKgGv,2020-06-12,5812.2464285275,5667.481363296509,0.0
Plant 1,sjndEbLyjtCKgGv,2020-06-13,8388.6138396,8316.519918441772,0.0
Plant 1,sjndEbLyjtCKgGv,2020-06-14,7270.66339265,7070.335224151611,0.0
Plant 1,sjndEbLyjtCKgGv,2020-06-15,6776.64017845,6644.463321685791,0.0
Plant 1,sjndEbLyjtCKgGv,2020-06-16,6189.09642844,6063.0911655426025,0.0
Plant 1,sjndEbLyjtCKgGv,2020-06-17,5884.1497321475,5768.926286697388,0.0
Plant 1,uHbuxQJl8lW7ozc,2020-05-15,6308.0062497750005,6302.543743133545,0.0
Plant 1,uHbuxQJl8lW7ozc,2020-05-16,6239.7004464,6330.695255279541,0.0
Plant 1,uHbuxQJl8lW7ozc,2020-05-17,7404.2370534675,7488.474168777466,0.0
Plant 1,uHbuxQJl8lW7ozc,2020-05-18,5399.7982142725,5333.540523529053,0.0
Plant 1,uHbuxQJl8lW7ozc,2020-05-19,6229.50922615,6092.878582000732,0.0
Plant 1,uHbuxQJl8lW7ozc,2020-05-20,5942.752232425,5914.946657180786,0.0
Plant 1,uHbuxQJl8lW7ozc,2020-05-21,7658.876071565,7570.757606506348,0.0
Plant 1,uHbuxQJl8lW7ozc,2020-05-22,7209.327232075,7179.6300411224365,0.0
Plant 1,uHbuxQJl8lW7ozc,2020-05-23,8449.7776788,8454.892036437988,0.0
Plant 1,uHbuxQJl8lW7ozc,2020-05-24,8090.02321404,7990.352045059204,0.0
Plant 1,uHbuxQJl8lW7ozc,2020-05-25,8811.8883931225,8761.297159194946,0.0
Plant 1,uHbuxQJl8lW7ozc,2020-05-26,7774.257143075,7748.195293426514,0.0
Plant 1,uHbuxQJl8lW7ozc,2020-05-27,6708.9799107399995,6701.244632720947,0.0
Plant 1,uHbuxQJl8lW7ozc,2020-05-28,8323.340773585,8348.273880004883,0.0
Plant 1,uHbuxQJl8lW7ozc,2020-05-29,8307.7937502225,8117.0405559539795,0.0
Plant 1,uHbuxQJl8lW7ozc,2020-05-30,7298.1049106925,7239.258701324463,0.0
Plant 1,uHbuxQJl8lW7ozc,2020-05-31,6055.2124998825,5878.287094116211,0.0
Plant 1,uHbuxQJl8lW7ozc,2020-06-01,5530.24598206,5800.953893661499,0.0
Plant 1,uHbuxQJl8lW7ozc,2020-06-02,7424.6651785925,7302.057327270508,0.0
Plant 1,uHbuxQJl8lW7ozc,2020-06-03,7474.23482156,7412.696727752686,0.0
Plant 1,uHbuxQJl8lW7ozc,2020-06-04,8274.772768035,8137.256729125977,0.0
Plant 1,uHbuxQJl8lW7ozc,2020-06-05,7825.483928325,7700.768590927124,0.0
Plant 1,uHbuxQJl8lW7ozc,2020-06-06,6509.14732144,6416.828008651733,0.0
Plant 1,uHbuxQJl8lW7ozc,2020-06-07,8243.1571430475,8054.619258880615,0.0
Plant 1,uHbuxQJl8lW7ozc,2020-06-08,8363.67604168,8325.448474884033,0.0
Plant 1,uHbuxQJl8lW7ozc,2020-06-09,8236.70669639,8094.030586242676,0.0
Plant 1,uHbuxQJl8lW7ozc,2020-06-10,6603.6592859175,6464.745450973511,0.0
Plant 1,uHbuxQJl8lW7ozc,2020-06-11,5640.271428535,5421.548784255981,0.0
Plant 1,uHbuxQJl8lW7ozc,2020-06-12,5831.587500005,5667.481363296509,0.0
Plant 1,uHbuxQJl8lW7ozc,2020-06-13,8309.550446095,8316.519918441772,0.0
Plant 1,uHbuxQJl8lW7ozc,2020-06-14,7264.2450893975,7070.335224151611,0.0
Plant 1,uHbuxQJl8lW7ozc,2020-06-15,6844.814285725,6644.463321685791,0.0
Plant 1,uHbuxQJl8lW7ozc,2020-06-16,6275.414632825,6063.0911655426025,0.0
Plant 1,uHbuxQJl8lW7ozc,2020-06-17,5966.1354463425,5768.926286697388,0.0
Plant 1,wCURE6d3bPkepu2,2020-05-15,6324.8075892,6302.543743133545,0.0
Plant 1,wCURE6d3bPkepu2,2020-05-16,6475.1874999500005,6330.695255279541,0.0
Plant 1,wCURE6d3bPkepu2,2020-05-17,7441.16636889,7488.474168777466,0.0
Plant 1,wCURE6d3bPkepu2,2020-05-18,5372.93928576,5333.540523529053,0.0
Plant 1,wCURE6d3bPkepu2,2020-05-19,6182.3272322249995,6092.878582000732,0.0
Plant 1,wCURE6d3bPkepu2,2020-05-20,6003.3708333675,5914.946657180786,0.0
Plant 1,wCURE6d3bPkepu2,2020-05-21,7505.0327379975,7570.757606506348,0.0
Plant 1,wCURE6d3bPkepu2,2020-05-22,7123.4901783975,7179.6300411224365,0.0
Plant 1,wCURE6d3bPkepu2,2020-05-23,8538.13749985,8454.892036437988,0.0
Plant 1,wCURE6d3bPkepu2,2020-05-24,7924.044196325,7990.352045059204,0.0
Plant 1,wCURE6d3bPkepu2,2020-05-25,8817.9424109,8761.297159194946,0.0
Plant 1,wCURE6d3bPkepu2,2020-05-26,7792.4687499,7748.195293426514,0.0
Plant 1,wCURE6d3bPkepu2,2020-05-27,6739.7697918775,6701.244632720947,0.0
Plant 1,wCURE6d3bPkepu2,2020-05-28,8503.298065375,8348.273880004883,0.0
Plant 1,wCURE6d3bPkepu2,2020-05-29,8168.6821428725,8117.0405559539795,0.0
Plant 1,wCURE6d3bPkepu2,2020-05-30,7260.870982175,7239.258701324463,0.0
Plant 1,wCURE6d3bPkepu2,2020-05-31,6262.69151785,5878.287094116211,0.0
Plant 1,wCURE6d3bPkepu2,2020-06-01,5843.87303565,5800.953893661499,0.0
Plant 1,wCURE6d3bPkepu2,2020-06-02,7475.775000075,7302.057327270508,0.0
Plant 1,wCURE6d3bPkepu2,2020-06-03,7537.250892915,7412.696727752686,0.0
Plant 1,wCURE6d3bPkepu2,2020-06-04,8229.813839435,8137.256729125977,0.0
Plant 1,wCURE6d3bPkepu2,2020-06-05,7729.325446525,7700.768590927124,0.0
Plant 1,wCURE6d3bPkepu2,2020-06-06,6282.0611606075,6416.828008651733,0.0
Plant 1,wCURE6d3bPkepu2,2020-06-07,6368.6830355175,8054.619258880615,1.25
Plant 1,wCURE6d3bPkepu2,2020-06-08,8420.0675594425,8325.448474884033,0.0
Plant 1,wCURE6d3bPkepu2,2020-06-09,7941.7017856925,8094.030586242676,0.0
Plant 1,wCURE6d3bPkepu2,2020-06-10,6385.3095535150005,6464.745450973511,0.0
Plant 1,wCURE6d3bPkepu2,2020-06-11,5591.7352678925,5421.548784255981,0.0
Plant 1,wCURE6d3bPkepu2,2020-06-12,5819.296428625,5667.481363296509,0.0
Plant 1,wCURE6d3bPkepu2,2020-06-13,8520.095535575,8316.519918441772,0.0
Plant 1,wCURE6d3bPkepu2,2020-06-14,7295.382143,7070.335224151611,0.0
Plant 1,wCURE6d3bPkepu2,2020-06-15,6866.9075894025,6644.463321685791,0.0
Plant 1,wCURE6d3bPkepu2,2020-06-16,6232.389285915,6063.0911655426025,0.0
Plant 1,wCURE6d3bPkepu2,2020-06-17,5873.33178556,5768.926286697388,0.0
Plant 1,z9Y9gH1T5YWrNuG,2020-05-15,6397.6941965,6302.543743133545,0.0
Plant 1,z9Y9gH1T5YWrNuG,2020-05-16,6450.9383927825,6330.695255279541,0.0
Plant 1,z9Y9gH1T5YWrNuG,2020-05-17,7413.8470237925,7488.474168777466,0.0
Plant 1,z9Y9gH1T5YWrNuG,2020-05-18,5333.913392915,5333.540523529053,0.0
Plant 1,z9Y9gH1T5YWrNuG,2020-05-19,6125.88258925,6092.878582000732,0.0
Plant 1,z9Y9gH1T5YWrNuG,2020-05-20,5953.5566961925,5914.946657180786,0.0
Plant 1,z9Y9gH1T5YWrNuG,2020-05-21,7577.5532145,7570.757606506348,0.0
Plant 1,z9Y9gH1T5YWrNuG,2020-05-22,6974.0602677925,7179.6300411224365,0.0
Plant 1,z9Y9gH1T5YWrNuG,2020-05-23,8456.308481925,8454.892036437988,0.0
Plant 1,z9Y9gH1T5YWrNuG,2020-05-24,7838.647768175,7990.352045059204,0.0
Plant 1,z9Y9gH1T5YWrNuG,2020-05-25,8757.173214335,8761.297159194946,0.0
Plant 1,z9Y9gH1T5YWrNuG,2020-05-26,7663.691071125,7748.195293426514,0.0
Plant 1,z9Y9gH1T5YWrNuG,2020-05-27,6652.2154763,6701.244632720947,0.0
Plant 1,z9Y9gH1T5YWrNuG,2020-05-28,8490.8059524,8348.273880004883,0.0
Plant 1,z9Y9gH1T5YWrNuG,2020-05-29,8051.6218752525,8117.0405559539795,0.0
Plant 1,z9Y9gH1T5YWrNuG,2020-05-30,7122.305357075,7239.258701324463,0.0
Plant 1,z9Y9gH1T5YWrNuG,2020-05-31,6228.4906251,5878.287094116211,0.0
Plant 1,z9Y9gH1T5YWrNuG,2020-06-01,5825.0461607875,5800.953893661499,0.0
Plant 1,z9Y9gH1T5YWrNuG,2020-06-02,7419.612053575,7302.057327270508,0.0
Plant 1,z9Y9gH1T5YWrNuG,2020-06-03,7497.2991074525,7412.696727752686,0.0
Plant 1,z9Y9gH1T5YWrNuG,2020-06-04,8124.0589285725,8137.256729125977,0.0
Plant 1,z9Y9gH1T5YWrNuG,2020-06-05,7674.9808036,7700.768590927124,0.0
Plant 1,z9Y9gH1T5YWrNuG,2020-06-06,6204.9843752025,6416.828008651733,0.0
Plant 1,z9Y9gH1T5YWrNuG,2020-06-07,6328.29776775,8054.619258880615,1.5
Plant 1,z9Y9gH1T5YWrNuG,2020-06-08,7840.698511625,8325.448474884033,0.0
Plant 1,z9Y9gH1T5YWrNuG,2020-06-09,7684.127231925,8094.030586242676,0.25
Plant 1,z9Y9gH1T5YWrNuG,2020-06-10,6362.75839279,6464.745450973511,0.0
Plant 1,z9Y9gH1T5YWrNuG,2020-06-11,5533.0959821725,5421.548784255981,0.0
Plant 1,z9Y9gH1T5YWrNuG,2020-06-12,5769.8107144,5667.481363296509,0.0
Plant 1,z9Y9gH1T5YWrNuG,2020-06-13,8350.7767856,8316.519918441772,0.0
Plant 1,z9Y9gH1T5YWrNuG,2020-06-14,7200.334375275,7070.335224151611,0.0
Plant 1,z9Y9gH1T5YWrNuG,2020-06-15,6779.0174106525,6644.463321685791,0.0
Plant 1,z9Y9gH1T5YWrNuG,2020-06-16,6184.3151785575,6063.0911655426025,0.0
Plant 1,z9Y9gH1T5YWrNuG,2020-06-17,5784.4027677525,5768.926286697388,0.0
Plant 1,zBIq5rxdHJRwDNY,2020-05-15,6392.637500075,6302.543743133545,0.0
Plant 1,zBIq5rxdHJRwDNY,2020-05-16,6334.559374965,6330.695255279541,0.0
Plant 1,zBIq5rxdHJRwDNY,2020-05-17,7516.2955356175,7488.474168777466,0.0
Plant 1,zBIq5rxdHJRwDNY,2020-05-18,5380.676785642499,5333.540523529053,0.0
Plant 1,zBIq5rxdHJRwDNY,2020-05-19,6164.43675595,6092.878582000732,0.0
Plant 1,zBIq5rxdHJRwDNY,2020-05-20,5967.7622023725,5914.946657180786,0.0
Plant 1,zBIq5rxdHJRwDNY,2020-05-21,7496.1937500675,7570.757606506348,0.0
Plant 1,zBIq5rxdHJRwDNY,2020-05-22,7189.96517859,7179.6300411224365,0.0
Plant 1,zBIq5rxdHJRwDNY,2020-05-23,8589.551786,8454.892036437988,0.0
Plant 1,zBIq5rxdHJRwDNY,2020-05-24,7226.536160675,7990.352045059204,0.25
Plant 1,zBIq5rxdHJRwDNY,2020-05-25,8407.037350985,8761.297159194946,0.0
Plant 1,zBIq5rxdHJRwDNY,2020-05-26,7408.462946435,7748.195293426514,0.0
Plant 1,zBIq5rxdHJRwDNY,2020-05-27,6349.4767856575,6701.244632720947,0.0
Plant 1,zBIq5rxdHJRwDNY,2020-05-28,7853.312499925,8348.273880004883,0.0
Plant 1,zBIq5rxdHJRwDNY,2020-05-29,7910.0450891724995,8117.0405559539795,0.0
Plant 1,zBIq5rxdHJRwDNY,2020-05-30,7352.7080354,7239.258701324463,0.0
Plant 1,zBIq5rxdHJRwDNY,2020-05-31,5896.3901785925,5878.287094116211,0.0
Plant 1,zBIq5rxdHJRwDNY,2020-06-01,5774.603720065,5800.953893661499,0.0
Plant 1,zBIq5rxdHJRwDNY,2020-06-02,7359.75535689,7302.057327270508,0.0
Plant 1,zBIq5rxdHJRwDNY,2020-06-03,7493.328124705,7412.696727752686,0.0
Plant 1,zBIq5rxdHJRwDNY,2020-06-04,8223.4741072975,8137.256729125977,0.0
Plant 1,zBIq5rxdHJRwDNY,2020-06-05,7697.8450893,7700.768590927124,0.0
Plant 1,zBIq5rxdHJRwDNY,2020-06-06,6368.868303725,6416.828008651733,0.0
Plant 1,zBIq5rxdHJRwDNY,2020-06-07,8177.049553715,8054.619258880615,0.0
Plant 1,zBIq5rxdHJRwDNY,2020-06-08,8286.1333330425,8325.448474884033,0.0
Plant 1,zBIq5rxdHJRwDNY,2020-06-09,8061.446428565,8094.030586242676,0.0
Plant 1,zBIq5rxdHJRwDNY,2020-06-10,6479.4208928475,6464.745450973511,0.0
Plant 1,zBIq5rxdHJRwDNY,2020-06-11,5604.5647321725,5421.548784255981,0.0
Plant 1,zBIq5rxdHJRwDNY,2020-06-12,5804.290178625,5667.481363296509,0.0
Plant 1,zBIq5rxdHJRwDNY,2020-06-13,8535.36830364,8316.519918441772,0.0
Plant 1,zBIq5rxdHJRwDNY,2020-06-14,7287.071874825,7070.335224151611,0.0
Plant 1,zBIq5rxdHJRwDNY,2020-06-15,6785.3977679849995,6644.463321685791,0.0
Plant 1,zBIq5rxdHJRwDNY,2020-06-16,5652.94642855,6063.0911655426025,0.5
Plant 1,zBIq5rxdHJRwDNY,2020-06-17,5809.476607075,5768.926286697388,0.0
Plant 1,zVJPv84UY57bAof,2020-05-15,5893.859374975,6302.543743133545,0.5
Plant 1,zVJPv84UY57bAof,2020-05-16,6397.3446428325,6330.695255279541,0.0
Plant 1,zVJPv84UY57bAof,2020-05-17,7518.2336310175,7488.474168777466,0.0
Plant 1,zVJPv84UY57bAof,2020-05-18,5369.4044644450005,5333.540523529053,0.0
Plant 1,zVJPv84UY57bAof,2020-05-19,6233.1127975,6092.878582000732,0.0
Plant 1,zVJPv84UY57bAof,2020-05-20,5940.91053575,5914.946657180786,0.0
Plant 1,zVJPv84UY57bAof,2020-05-21,7720.714315375,7570.757606506348,0.0
Plant 1,zVJPv84UY57bAof,2020-05-22,7165.9633928075,7179.6300411224365,0.0
Plant 1,zVJPv84UY57bAof,2020-05-23,8511.0526783325,8454.892036437988,0.0
Plant 1,zVJPv84UY57bAof,2020-05-24,7919.7883924575,7990.352045059204,0.0
Plant 1,zVJPv84UY57bAof,2020-05-25,8756.4910716775,8761.297159194946,0.0
Plant 1,zVJPv84UY57bAof,2020-05-26,7760.251785935,7748.195293426514,0.0
Plant 1,zVJPv84UY57bAof,2020-05-27,6667.0277679075,6701.244632720947,0.0
Plant 1,zVJPv84UY57bAof,2020-05-28,8429.4312498425,8348.273880004883,0.0
Plant 1,zVJPv84UY57bAof,2020-05-29,8214.24910696,8117.0405559539795,0.0
Plant 1,zVJPv84UY57bAof,2020-05-30,7244.3714288325,7239.258701324463,0.0
Plant 1,zVJPv84UY57bAof,2020-05-31,6062.3058038,5878.287094116211,0.0
Plant 1,zVJPv84UY57bAof,2020-06-01,5714.5416668,5800.953893661499,0.0
Plant 1,zVJPv84UY57bAof,2020-06-02,7402.62946421,7302.057327270508,0.0
Plant 1,zVJPv84UY57bAof,2020-06-03,7430.3736608075,7412.696727752686,0.0
Plant 1,zVJPv84UY57bAof,2020-06-04,8212.10223211,8137.256729125977,0.0
Plant 1,zVJPv84UY57bAof,2020-06-05,7787.639285675,7700.768590927124,0.0
Plant 1,zVJPv84UY57bAof,2020-06-06,6480.7232143,6416.828008651733,0.0
Plant 1,zVJPv84UY57bAof,2020-06-07,8216.895535784999,8054.619258880615,0.0
Plant 1,zVJPv84UY57bAof,2020-06-08,8334.8928575025,8325.448474884033,0.0
Plant 1,zVJPv84UY57bAof,2020-06-09,8340.789285675,8094.030586242676,0.0
Plant 1,zVJPv84UY57bAof,2020-06-10,6557.5941964825,6464.745450973511,0.0
Plant 1,zVJPv84UY57bAof,2020-06-11,5617.867857165,5421.548784255981,0.0
Plant 1,zVJPv84UY57bAof,2020-06-12,5825.06607141,5667.481363296509,0.0
Plant 1,zVJPv84UY57bAof,2020-06-13,8239.324107185,8316.519918441772,0.0
Plant 1,zVJPv84UY57bAof,2020-06-14,7274.5558035,7070.335224151611,0.0
Plant 1,zVJPv84UY57bAof,2020-06-15,6810.753571425,6644.463321685791,0.0
Plant 1,zVJPv84UY57bAof,2020-06-16,6202.0174106975,6063.0911655426025,0.0
Plant 1,zVJPv84UY57bAof,2020-06-17,5906.88249996,5768.926286697388,0.0
Plant 2,4UPUqMRk7TRMgml,2020-05-15,4141.500714285714,8978.769454956055,4.25
Plant 2,4UPUqMRk7TRMgml,2020-05-16,5666.277380952381,7376.191577911377,1.5
Plant 2,4UPUqMRk7TRMgml,2020-05-17,6302.693452380952,6798.238492965698,0.75
Plant 2,4UPUqMRk7TRMgml,2020-05-18,7582.05869047619,6824.186058044434,0.0
Plant 2,4UPUqMRk7TRMgml,2020-05-19,1907.4099999999999,6028.5962772369385,4.0
Plant 2,4UPUqMRk7TRMgml,2020-05-20,2393.315,2266.689167022705,0.0
Plant 2,4UPUqMRk7TRMgml,2020-05-21,9109.221428571429,8100.066289901733,0.0
Plant 2,4UPUqMRk7TRMgml,2020-05-22,9834.52738095238,8656.666957855225,0.0
Plant 2,4UPUqMRk7TRMgml,2020-05-23,9665.84619047619,8702.935232162476,0.0
Plant 2,4UPUqMRk7TRMgml,2020-05-24,4610.561785714286,8355.119819641113,3.75
Plant 2,4UPUqMRk7TRMgml,2020-05-25,9157.54630952381,8475.810983657837,0.0
Plant 2,4UPUqMRk7TRMgml,2020-05-26,9454.328095238096,8754.347805023193,0.0
Plant 2,4UPUqMRk7TRMgml,2020-05-27,9469.825,8179.196603775024,0.0
Plant 2,4UPUqMRk7TRMgml,2020-05-28,3700.730604395604,8466.090330123901,4.75
Plant 2,4UPUqMRk7TRMgml,2020-05-29,7919.483376623376,7460.186973571777,0.0
Plant 2,4UPUqMRk7TRMgml,2020-05-30,8108.890238095239,7687.524021148682,0.0
Plant 2,4UPUqMRk7TRMgml,2020-05-31,6605.05238095238,6238.778936386108,0.0
Plant 2,4UPUqMRk7TRMgml,2020-06-01,4206.381785714286,3987.776378631592,0.0
Plant 2,4UPUqMRk7TRMgml,2020-06-02,7347.3284523809525,6674.064373582602,0.5
Plant 2,4UPUqMRk7TRMgml,2020-06-03,5795.5522619047615,5184.156223297119,0.0
Plant 2,4UPUqMRk7TRMgml,2020-06-04,6985.894285714286,6256.304937362671,0.0
Plant 2,4UPUqMRk7TRMgml,2020-06-05,7682.147261904762,6826.985330581665,0.0
Plant 2,4UPUqMRk7TRMgml,2020-06-06,8321.156071428572,7548.860586166382,0.25
Plant 2,4UPUqMRk7TRMgml,2020-06-07,7769.34880952381,6991.387296676636,0.25
Plant 2,4UPUqMRk7TRMgml,2020-06-08,9206.661923076923,8046.771507263184,0.0
Plant 2,4UPUqMRk7TRMgml,2020-06-09,8084.576071428572,7195.718189239502,0.0
Plant 2,4UPUqMRk7TRMgml,2020-06-10,5521.356428571428,5782.966602325439,0.5
Plant 2,4UPUqMRk7TRMgml,2020-06-11,3890.9659065934065,3938.2923622131348,0.25
Plant 2,4UPUqMRk7TRMgml,2020-06-12,4534.512142857143,4573.959568023682,0.25
Plant 2,4UPUqMRk7TRMgml,2020-06-13,6298.353928571429,6313.780376434326,0.5
Plant 2,4UPUqMRk7TRMgml,2020-06-14,2138.8952380952383,6593.069923400879,5.0
Plant 2,4UPUqMRk7TRMgml,2020-06-15,2463.9444047619045,5747.959959030151,3.75
Plant 2,4UPUqMRk7TRMgml,2020-06-16,5172.131071428571,5270.5613803863525,0.75
Plant 2,4UPUqMRk7TRMgml,2020-06-17,4333.5824999999995,4104.595355987549,0.0
Plant 2,81aHJ1q11NBPMrL,2020-05-15,3181.2891666666665,8978.769454956055,5.0
Plant 2,81aHJ1q11NBPMrL,2020-05-16,4688.081428571429,7376.191577911377,3.25
Plant 2,81aHJ1q11NBPMrL,2020-05-17,5715.639880952381,6798.238492965698,1.0
Plant 2,81aHJ1q11NBPMrL,2020-05-18,3406.599166666667,6824.186058044434,3.25
Plant 2,81aHJ1q11NBPMrL,2020-05-19,6753.730714285714,6028.5962772369385,0.0
Plant 2,81aHJ1q11NBPMrL,2020-05-20,3405.9208333333336,7098.642797470093,4.75
Plant 2,81aHJ1q11NBPMrL,2020-05-21,7250.479285714286,8100.066289901733,2.5
Plant 2,81aHJ1q11NBPMrL,2020-05-22,3214.9103571428573,8656.666957855225,5.0
Plant 2,81aHJ1q11NBPMrL,2020-05-23,6749.012738095238,8702.935232162476,2.0
Plant 2,81aHJ1q11NBPMrL,2020-05-24,3860.7620238095237,8355.119819641113,4.5
Plant 2,81aHJ1q11NBPMrL,2020-05-25,8733.050476190476,8475.810983657837,0.5
Plant 2,81aHJ1q11NBPMrL,2020-05-26,3565.1709523809523,8754.347805023193,6.5
Plant 2,81aHJ1q11NBPMrL,2020-05-27,1297.277142857143,8179.196603775024,8.5
Plant 2,81aHJ1q11NBPMrL,2020-05-28,8808.933434065933,8466.090330123901,0.0
Plant 2,81aHJ1q11NBPMrL,2020-05-29,4599.035119047619,7460.186973571777,3.0
Plant 2,81aHJ1q11NBPMrL,2020-05-30,7128.823928571429,7687.524021148682,0.0
Plant 2,81aHJ1q11NBPMrL,2020-05-31,6261.268095238095,6238.778936386108,0.0
Plant 2,81aHJ1q11NBPMrL,2020-06-01,4042.840119047619,3987.776378631592,0.0
Plant 2,81aHJ1q11NBPMrL,2020-06-02,3869.812857142857,6674.064373582602,3.25
Plant 2,81aHJ1q11NBPMrL,2020-06-03,4604.624285714285,5184.156223297119,0.5
Plant 2,81aHJ1q11NBPMrL,2020-06-04,6104.315595238095,6256.304937362671,0.5
Plant 2,81aHJ1q11NBPMrL,2020-06-05,7359.804047619047,6826.985330581665,0.0
Plant 2,81aHJ1q11NBPMrL,2020-06-06,8176.760357142857,7548.860586166382,0.25
Plant 2,81aHJ1q11NBPMrL,2020-06-07,1844.1839285714286,6991.387296676636,6.0
Plant 2,81aHJ1q11NBPMrL,2020-06-08,9072.138278388278,8046.771507263184,0.0
Plant 2,81aHJ1q11NBPMrL,2020-06-09,4656.433095238095,7195.718189239502,3.25
Plant 2,81aHJ1q11NBPMrL,2020-06-10,5480.642976190476,5782.966602325439,0.5
Plant 2,81aHJ1q11NBPMrL,2020-06-11,3850.8463919413916,3938.2923622131348,0.25
Plant 2,81aHJ1q11NBPMrL,2020-06-12,4733.349166666667,4573.959568023682,0.0
Plant 2,81aHJ1q11NBPMrL,2020-06-13,6642.691071428571,6313.780376434326,0.25
Plant 2,81aHJ1q11NBPMrL,2020-06-14,7486.396071428571,6593.069923400879,0.0
Plant 2,81aHJ1q11NBPMrL,2020-06-15,6247.978809523809,5747.959959030151,0.0
Plant 2,81aHJ1q11NBPMrL,2020-06-16,5469.539523809524,5270.5613803863525,0.25
Plant 2,81aHJ1q11NBPMrL,2020-06-17,4207.7340476190475,4104.595355987549,0.0
Plant 2,9kRcWv60rDACzjR,2020-05-15,9198.421547619047,8978.769454956055,0.0
Plant 2,9kRcWv60rDACzjR,2020-05-16,7644.190476190476,7376.191577911377,0.0
Plant 2,9kRcWv60rDACzjR,2020-05-17,6632.412380952381,6798.238492965698,0.0
Plant 2,9kRcWv60rDACzjR,2020-05-18,7491.193333333334,6824.186058044434,0.0
Plant 2,9kRcWv60rDACzjR,2020-05-19,6349.96238095238,6028.5962772369385,0.0
Plant 2,9kRcWv60rDACzjR,2020-05-20,3956.6647619047617,7098.642797470093,4.25
Plant 2,9kRcWv60rDACzjR,2020-05-21,8791.765357142856,8100.066289901733,0.0
Plant 2,9kRcWv60rDACzjR,2020-05-22,3026.3542857142857,8656.666957855225,5.25
Plant 2,9kRcWv60rDACzjR,2020-05-23,4529.014761904762,8702.935232162476,3.75
Plant 2,9kRcWv60rDACzjR,2020-05-24,9056.918095238096,8355.119819641113,0.0
Plant 2,9kRcWv60rDACzjR,2020-05-25,8789.243928571428,8475.810983657837,0.0
Plant 2,9kRcWv60rDACzjR,2020-05-26,9065.598214285714,8754.347805023193,0.0
Plant 2,9kRcWv60rDACzjR,2020-05-27,2610.9879761904763,8179.196603775024,5.75
Plant 2,9kRcWv60rDACzjR,2020-05-28,8887.644505494505,8466.090330123901,0.0
Plant 2,9kRcWv60rDACzjR,2020-05-29,6763.110487012987,7460.186973571777,1.0
Plant 2,9kRcWv60rDACzjR,2020-05-30,7938.305833333333,7687.524021148682,0.0
Plant 2,9kRcWv60rDACzjR,2020-05-31,6374.081428571429,6238.778936386108,0.0
Plant 2,9kRcWv60rDACzjR,2020-06-01,4009.8567857142857,3987.776378631592,0.0
Plant 2,9kRcWv60rDACzjR,2020-06-02,7044.037023809524,6674.064373582602,0.5
Plant 2,9kRcWv60rDACzjR,2020-06-03,4014.6384523809525,5184.156223297119,1.5
Plant 2,9kRcWv60rDACzjR,2020-06-04,2862.7478571428574,6256.304937362671,4.25
Plant 2,9kRcWv60rDACzjR,2020-06-05,3306.054642857143,6826.985330581665,3.75
Plant 2,9kRcWv60rDACzjR,2020-06-06,8139.4460714285715,7548.860586166382,0.25
Plant 2,9kRcWv60rDACzjR,2020-06-07,1972.3580952380953,6991.387296676636,5.5
Plant 2,9kRcWv60rDACzjR,2020-06-08,3265.459587912088,8046.771507263184,4.75
Plant 2,9kRcWv60rDACzjR,2020-06-09,3753.629761904762,7195.718189239502,4.0
Plant 2,9kRcWv60rDACzjR,2020-06-10,3666.4719047619046,5782.966602325439,2.25
Plant 2,9kRcWv60rDACzjR,2020-06-11,3803.5510347985346,3938.2923622131348,0.25
Plant 2,9kRcWv60rDACzjR,2020-06-12,4656.712380952381,4573.959568023682,0.0
Plant 2,9kRcWv60rDACzjR,2020-06-13,2736.5090476190476,6313.780376434326,4.25
Plant 2,9kRcWv60rDACzjR,2020-06-14,7456.634642857143,6593.069923400879,0.0
Plant 2,9kRcWv60rDACzjR,2020-06-15,6179.627261904762,5747.959959030151,0.0
Plant 2,9kRcWv60rDACzjR,2020-06-16,5361.5526190476185,5270.5613803863525,0.25
Plant 2,9kRcWv60rDACzjR,2020-06-17,4087.9338095238095,4104.595355987549,0.0
Plant 2,Et9kgGMDl729KT4,2020-05-15,4119.475595238096,8978.769454956055,3.75
Plant 2,Et9kgGMDl729KT4,2020-05-16,6481.398809523809,7376.191577911377,0.75
Plant 2,Et9kgGMDl729KT4,2020-05-17,4567.012857142858,6798.238492965698,1.75
Plant 2,Et9kgGMDl729KT4,2020-05-18,2279.422380952381,6824.186058044434,4.25
Plant 2,Et9kgGMDl729KT4,2020-05-19,2536.0284523809523,6028.5962772369385,3.0
Plant 2,Et9kgGMDl729KT4,2020-05-20,2116.4553571428573,2266.689167022705,0.0
Plant 2,Et9kgGMDl729KT4,2020-05-21,6624.414761904762,8100.066289901733,1.5
Plant 2,Et9kgGMDl729KT4,2020-05-22,3560.4991666666665,8656.666957855225,4.75
Plant 2,Et9kgGMDl729KT4,2020-05-23,4580.225238095238,8702.935232162476,3.25
Plant 2,Et9kgGMDl729KT4,2020-05-24,3395.155714285714,8355.119819641113,4.25
Plant 2,Et9kgGMDl729KT4,2020-05-25,6914.968095238095,8475.810983657837,0.5
Plant 2,Et9kgGMDl729KT4,2020-05-26,8254.338452380953,8754.347805023193,0.0
Plant 2,Et9kgGMDl729KT4,2020-05-27,8619.797023809524,8179.196603775024,0.0
Plant 2,Et9kgGMDl729KT4,2020-05-28,7936.444496336996,8466.090330123901,0.5
Plant 2,Et9kgGMDl729KT4,2020-05-29,4098.0388095238095,7460.186973571777,3.25
Plant 2,Et9kgGMDl729KT4,2020-05-30,5453.762023809523,7687.524021148682,1.5
Plant 2,Et9kgGMDl729KT4,2020-05-31,5987.033214285714,6238.778936386108,0.0
Plant 2,Et9kgGMDl729KT4,2020-06-01,3882.203571428571,3987.776378631592,0.0
Plant 2,Et9kgGMDl729KT4,2020-06-02,5425.4158333333335,6674.064373582602,1.25
Plant 2,Et9kgGMDl729KT4,2020-06-03,3769.1467857142857,5184.156223297119,1.75
Plant 2,Et9kgGMDl729KT4,2020-06-04,2657.7039285714286,6256.304937362671,4.25
Plant 2,Et9kgGMDl729KT4,2020-06-05,2716.1934523809523,6826.985330581665,3.75
Plant 2,Et9kgGMDl729KT4,2020-06-06,2257.7608333333333,7548.860586166382,5.5
Plant 2,Et9kgGMDl729KT4,2020-06-07,2516.7990476190475,6991.387296676636,5.0
Plant 2,Et9kgGMDl729KT4,2020-06-08,3174.7064285714287,8046.771507263184,5.0
Plant 2,Et9kgGMDl729KT4,2020-06-09,3845.8890476190472,7195.718189239502,3.25
Plant 2,Et9kgGMDl729KT4,2020-06-10,2418.947380952381,5782.966602325439,3.0
Plant 2,Et9kgGMDl729KT4,2020-06-11,3267.8089285714286,3938.2923622131348,0.25
Plant 2,Et9kgGMDl729KT4,2020-06-12,3709.728452380952,4573.959568023682,0.25
Plant 2,Et9kgGMDl729KT4,2020-06-13,5913.6641666666665,6313.780376434326,0.5
Plant 2,Et9kgGMDl729KT4,2020-06-14,2024.0720238095237,6593.069923400879,4.75
Plant 2,Et9kgGMDl729KT4,2020-06-15,2174.199642857143,5747.959959030151,3.75
Plant 2,Et9kgGMDl729KT4,2020-06-16,4570.083333333333,5270.5613803863525,0.75
Plant 2,Et9kgGMDl729KT4,2020-06-17,3929.554761904762,4104.595355987549,0.0
Plant 2,IQ2d7wF4YD8zU1Q,2020-05-15,9613.06380952381,8978.769454956055,0.0
Plant 2,IQ2d7wF4YD8zU1Q,2020-05-16,7890.977023809523,7376.191577911377,0.0
Plant 2,IQ2d7wF4YD8zU1Q,2020-05-17,7140.556245421245,6798.238492965698,0.0
Plant 2,IQ2d7wF4YD8zU1Q,2020-05-18,7754.85619047619,6824.186058044434,0.0
Plant 2,IQ2d7wF4YD8zU1Q,2020-05-19,6754.219642857142,6028.5962772369385,0.0
Plant 2,IQ2d7wF4YD8zU1Q,2020-05-20,2415.0723214285713,2266.689167022705,0.0
Plant 2,IQ2d7wF4YD8zU1Q,2020-05-29,744.2400216450217,718.1907501220703,0.0
Plant 2,IQ2d7wF4YD8zU1Q,2020-05-30,8165.939047619047,7687.524021148682,0.0
Plant 2,IQ2d7wF4YD8zU1Q,2020-05-31,6597.6221428571425,6238.778936386108,0.0
Plant 2,IQ2d7wF4YD8zU1Q,2020-06-01,4096.068928571429,3987.776378631592,0.0
Plant 2,IQ2d7wF4YD8zU1Q,2020-06-02,7320.189523809524,6674.064373582602,0.5
Plant 2,IQ2d7wF4YD8zU1Q,2020-06-03,5704.91630952381,5184.156223297119,0.0
Plant 2,IQ2d7wF4YD8zU1Q,2020-06-04,6915.028809523809,6256.304937362671,0.0
Plant 2,IQ2d7wF4YD8zU1Q,2020-06-05,7762.500476190477,6826.985330581665,0.0
Plant 2,IQ2d7wF4YD8zU1Q,2020-06-06,8262.742976190477,7548.860586166382,0.25
Plant 2,IQ2d7wF4YD8zU1Q,2020-06-07,7832.737142857142,6991.387296676636,0.0
Plant 2,IQ2d7wF4YD8zU1Q,2020-06-08,9261.542582417582,8046.771507263184,0.0
Plant 2,IQ2d7wF4YD8zU1Q,2020-06-09,8128.519404761904,7195.718189239502,0.0
Plant 2,IQ2d7wF4YD8zU1Q,2020-06-10,5600.645595238095,5782.966602325439,0.5
Plant 2,IQ2d7wF4YD8zU1Q,2020-06-11,3884.622957875458,3938.2923622131348,0.25
Plant 2,IQ2d7wF4YD8zU1Q,2020-06-12,4759.245119047619,4573.959568023682,0.0
Plant 2,IQ2d7wF4YD8zU1Q,2020-06-13,3031.3441666666668,6313.780376434326,3.75
Plant 2,IQ2d7wF4YD8zU1Q,2020-06-14,7532.865833333333,6593.069923400879,0.0
Plant 2,IQ2d7wF4YD8zU1Q,2020-06-15,6248.956666666667,5747.959959030151,0.0
Plant 2,IQ2d7wF4YD8zU1Q,2020-06-16,5561.10630952381,5270.5613803863525,0.25
Plant 2,IQ2d7wF4YD8zU1Q,2020-06-17,4137.1711904761905,4104.595355987549,0.0
Plant 2,LYwnQax7tkwH5Cb,2020-05-15,8436.079523809523,8978.769454956055,0.0
Plant 2,LYwnQax7tkwH5Cb,2020-05-16,3155.0817857142856,7376.191577911377,3.25
Plant 2,LYwnQax7tkwH5Cb,2020-05-17,5460.510073260073,6798.238492965698,1.25
Plant 2,LYwnQax7tkwH5Cb,2020-05-18,3489.950238095238,6824.186058044434,3.25
Plant 2,LYwnQax7tkwH5Cb,2020-05-19,2401.944285714286,6028.5962772369385,3.25
Plant 2,LYwnQax7tkwH5Cb,2020-05-20,4351.501904761904,7098.642797470093,3.5
Plant 2,LYwnQax7tkwH5Cb,2020-05-21,4780.539523809523,8100.066289901733,3.25
Plant 2,LYwnQax7tkwH5Cb,2020-05-22,9323.44978021978,8656.666957855225,0.0
Plant 2,LYwnQax7tkwH5Cb,2020-05-23,3053.4140476190473,8702.935232162476,5.25
Plant 2,LYwnQax7tkwH5Cb,2020-05-24,4702.116547619047,8355.119819641113,3.5
Plant 2,LYwnQax7tkwH5Cb,2020-05-25,4906.175119047619,8475.810983657837,3.0
Plant 2,LYwnQax7tkwH5Cb,2020-05-26,3831.1065476190474,8754.347805023193,4.25
Plant 2,LYwnQax7tkwH5Cb,2020-05-27,4256.336666666667,8179.196603775024,4.0
Plant 2,LYwnQax7tkwH5Cb,2020-05-28,3428.6123626373624,8466.090330123901,4.5
Plant 2,LYwnQax7tkwH5Cb,2020-05-29,7633.750649350649,7460.186973571777,0.0
Plant 2,LYwnQax7tkwH5Cb,2020-05-30,7719.934166666667,7687.524021148682,0.0
Plant 2,LYwnQax7tkwH5Cb,2020-05-31,6163.598333333333,6238.778936386108,0.0
Plant 2,LYwnQax7tkwH5Cb,2020-06-01,3768.850952380952,3987.776378631592,0.0
Plant 2,LYwnQax7tkwH5Cb,2020-06-02,4799.646190476191,6674.064373582602,2.25
Plant 2,LYwnQax7tkwH5Cb,2020-06-03,3815.883214285714,5184.156223297119,1.75
Plant 2,LYwnQax7tkwH5Cb,2020-06-04,2849.4157142857143,6256.304937362671,4.0
Plant 2,LYwnQax7tkwH5Cb,2020-06-05,2824.1867857142856,6826.985330581665,4.0
Plant 2,LYwnQax7tkwH5Cb,2020-06-06,3454.365119047619,7548.860586166382,4.75
Plant 2,LYwnQax7tkwH5Cb,2020-06-07,1996.372619047619,6991.387296676636,5.5
Plant 2,LYwnQax7tkwH5Cb,2020-06-08,2711.8411721611724,8046.771507263184,5.5
Plant 2,LYwnQax7tkwH5Cb,2020-06-09,3297.345714285714,7195.718189239502,4.75
Plant 2,LYwnQax7tkwH5Cb,2020-06-10,2341.3675,5782.966602325439,3.75
Plant 2,LYwnQax7tkwH5Cb,2020-06-11,3656.662472527473,3938.2923622131348,0.25
Plant 2,LYwnQax7tkwH5Cb,2020-06-12,4457.174642857143,4573.959568023682,0.0
Plant 2,LYwnQax7tkwH5Cb,2020-06-13,6182.5579761904755,6313.780376434326,0.25
Plant 2,LYwnQax7tkwH5Cb,2020-06-14,7240.057738095238,6593.069923400879,0.0
Plant 2,LYwnQax7tkwH5Cb,2020-06-15,5546.390833333334,5747.959959030151,0.0
Plant 2,LYwnQax7tkwH5Cb,2020-06-16,5147.7794047619045,5270.5613803863525,0.25
Plant 2,LYwnQax7tkwH5Cb,2020-06-17,3865.9323809523808,4104.595355987549,0.0
Plant 2,LlT2YUhhzqhg5Sw,2020-05-15,9189.469285714285,8978.769454956055,0.0
Plant 2,LlT2YUhhzqhg5Sw,2020-05-16,7488.750952380952,7376.191577911377,0.0
Plant 2,LlT2YUhhzqhg5Sw,2020-05-17,6656.622573260073,6798.238492965698,0.0
Plant 2,LlT2YUhhzqhg5Sw,2020-05-18,4693.976904761905,6824.186058044434,2.25
Plant 2,LlT2YUhhzqhg5Sw,2020-05-19,6495.986904761904,6028.5962772369385,0.0
Plant 2,LlT2YUhhzqhg5Sw,2020-05-20,3864.1184523809525,7098.642797470093,4.25
Plant 2,LlT2YUhhzqhg5Sw,2020-05-21,5832.595,8100.066289901733,1.75
Plant 2,LlT2YUhhzqhg5Sw,2020-05-22,5031.555714285714,8656.666957855225,3.5
Plant 2,LlT2YUhhzqhg5Sw,2020-05-23,3342.5391666666665,8702.935232162476,5.0
Plant 2,LlT2YUhhzqhg5Sw,2020-05-24,9010.935833333333,8355.119819641113,0.0
Plant 2,LlT2YUhhzqhg5Sw,2020-05-25,8770.294642857143,8475.810983657837,0.0
Plant 2,LlT2YUhhzqhg5Sw,2020-05-26,9033.782976190476,8754.347805023193,0.0
Plant 2,LlT2YUhhzqhg5Sw,2020-05-27,9053.576904761905,8179.196603775024,0.0
Plant 2,LlT2YUhhzqhg5Sw,2020-05-28,8861.603635531135,8466.090330123901,0.0
Plant 2,LlT2YUhhzqhg5Sw,2020-05-29,7042.268474025974,7460.186973571777,0.75
Plant 2,LlT2YUhhzqhg5Sw,2020-05-30,7895.047976190476,7687.524021148682,0.0
Plant 2,LlT2YUhhzqhg5Sw,2020-05-31,6299.362976190476,6238.778936386108,0.0
Plant 2,LlT2YUhhzqhg5Sw,2020-06-01,3859.132380952381,3987.776378631592,0.0
Plant 2,LlT2YUhhzqhg5Sw,2020-06-02,3817.100952380952,6674.064373582602,3.25
Plant 2,LlT2YUhhzqhg5Sw,2020-06-03,3965.662619047619,5184.156223297119,1.5
Plant 2,LlT2YUhhzqhg5Sw,2020-06-04,2884.0192857142856,6256.304937362671,4.0
Plant 2,LlT2YUhhzqhg5Sw,2020-06-05,3018.7359523809523,6826.985330581665,4.0
Plant 2,LlT2YUhhzqhg5Sw,2020-06-06,4646.36130952381,7548.860586166382,4.0
Plant 2,LlT2YUhhzqhg5Sw,2020-06-07,7671.301428571429,6991.387296676636,0.25
Plant 2,LlT2YUhhzqhg5Sw,2020-06-08,2820.265943223443,8046.771507263184,5.25
Plant 2,LlT2YUhhzqhg5Sw,2020-06-09,3401.3670238095237,7195.718189239502,4.75
Plant 2,LlT2YUhhzqhg5Sw,2020-06-10,5435.51,5782.966602325439,0.5
Plant 2,LlT2YUhhzqhg5Sw,2020-06-11,3760.128489010989,3938.2923622131348,0.25
Plant 2,LlT2YUhhzqhg5Sw,2020-06-12,4590.023571428572,4573.959568023682,0.0
Plant 2,LlT2YUhhzqhg5Sw,2020-06-13,2867.877142857143,6313.780376434326,4.0
Plant 2,LlT2YUhhzqhg5Sw,2020-06-14,7418.578452380952,6593.069923400879,0.0
Plant 2,LlT2YUhhzqhg5Sw,2020-06-15,6094.25380952381,5747.959959030151,0.0
Plant 2,LlT2YUhhzqhg5Sw,2020-06-16,5298.513214285715,5270.5613803863525,0.25
Plant 2,LlT2YUhhzqhg5Sw,2020-06-17,4013.847261904762,4104.595355987549,0.0
Plant 2,Mx2yZCDsyf6DPfv,2020-05-15,7764.308571428572,8978.769454956055,1.25
Plant 2,Mx2yZCDsyf6DPfv,2020-05-16,5782.823571428571,7376.191577911377,1.5
Plant 2,Mx2yZCDsyf6DPfv,2020-05-17,6425.727976190476,6798.238492965698,0.5
Plant 2,Mx2yZCDsyf6DPfv,2020-05-18,7582.681428571429,6824.186058044434,0.0
Plant 2,Mx2yZCDsyf6DPfv,2020-05-19,6738.929166666667,6028.5962772369385,0.0
Plant 2,Mx2yZCDsyf6DPfv,2020-05-20,2387.3478571428573,2266.689167022705,0.0
Plant 2,Mx2yZCDsyf6DPfv,2020-05-21,9036.44607142857,8100.066289901733,0.0
Plant 2,Mx2yZCDsyf6DPfv,2020-05-22,9767.659285714286,8656.666957855225,0.0
Plant 2,Mx2yZCDsyf6DPfv,2020-05-23,9619.85488095238,8702.935232162476,0.0
Plant 2,Mx2yZCDsyf6DPfv,2020-05-24,4922.684166666667,8355.119819641113,3.75
Plant 2,Mx2yZCDsyf6DPfv,2020-05-25,9124.154523809524,8475.810983657837,0.0
Plant 2,Mx2yZCDsyf6DPfv,2020-05-26,9131.292142857143,8754.347805023193,0.0
Plant 2,Mx2yZCDsyf6DPfv,2020-05-27,9389.595119047619,8179.196603775024,0.0
Plant 2,Mx2yZCDsyf6DPfv,2020-05-28,3677.453195970696,8466.090330123901,4.75
Plant 2,Mx2yZCDsyf6DPfv,2020-05-29,8027.203170995671,7460.186973571777,0.0
Plant 2,Mx2yZCDsyf6DPfv,2020-05-30,8160.056785714286,7687.524021148682,0.0
Plant 2,Mx2yZCDsyf6DPfv,2020-05-31,6565.449761904762,6238.778936386108,0.0
Plant 2,Mx2yZCDsyf6DPfv,2020-06-01,4190.193928571429,3987.776378631592,0.0
Plant 2,Mx2yZCDsyf6DPfv,2020-06-02,7287.450238095238,6674.064373582602,0.5
Plant 2,Mx2yZCDsyf6DPfv,2020-06-03,4816.191785714285,5184.156223297119,0.75
Plant 2,Mx2yZCDsyf6DPfv,2020-06-04,6959.755952380952,6256.304937362671,0.0
Plant 2,Mx2yZCDsyf6DPfv,2020-06-05,7683.081428571428,6826.985330581665,0.0
Plant 2,Mx2yZCDsyf6DPfv,2020-06-06,8233.34761904762,7548.860586166382,0.25
Plant 2,Mx2yZCDsyf6DPfv,2020-06-07,7789.9857142857145,6991.387296676636,0.25
Plant 2,Mx2yZCDsyf6DPfv,2020-06-08,9100.600155677655,8046.771507263184,0.0
Plant 2,Mx2yZCDsyf6DPfv,2020-06-09,8020.2491666666665,7195.718189239502,0.0
Plant 2,Mx2yZCDsyf6DPfv,2020-06-10,5517.898571428571,5782.966602325439,0.5
Plant 2,Mx2yZCDsyf6DPfv,2020-06-11,3903.7539743589746,3938.2923622131348,0.25
Plant 2,Mx2yZCDsyf6DPfv,2020-06-12,4530.007380952381,4573.959568023682,0.25
Plant 2,Mx2yZCDsyf6DPfv,2020-06-13,3179.918452380952,6313.780376434326,3.75
Plant 2,Mx2yZCDsyf6DPfv,2020-06-14,3279.6134523809524,6593.069923400879,4.25
Plant 2,Mx2yZCDsyf6DPfv,2020-06-15,2609.7138095238092,5747.959959030151,3.75
Plant 2,Mx2yZCDsyf6DPfv,2020-06-16,5485.033809523809,5270.5613803863525,0.25
Plant 2,Mx2yZCDsyf6DPfv,2020-06-17,4331.459523809524,4104.595355987549,0.0
Plant 2,NgDl19wMapZy17u,2020-05-15,9422.985476190475,8978.769454956055,0.0
Plant 2,NgDl19wMapZy17u,2020-05-16,7705.025833333333,7376.191577911377,0.0
Plant 2,NgDl19wMapZy17u,2020-05-17,6993.8463003663,6798.238492965698,0.0
Plant 2,NgDl19wMapZy17u,2020-05-18,7597.6975,6824.186058044434,0.0
Plant 2,NgDl19wMapZy17u,2020-05-19,6591.556309523809,6028.5962772369385,0.0
Plant 2,NgDl19wMapZy17u,2020-05-20,2366.092261904762,2266.689167022705,0.0
Plant 2,NgDl19wMapZy17u,2020-05-29,722.1293722943723,718.1907501220703,0.0
Plant 2,NgDl19wMapZy17u,2020-05-30,7952.549523809524,7687.524021148682,0.0
Plant 2,NgDl19wMapZy17u,2020-05-31,6416.678809523809,6238.778936386108,0.0
Plant 2,NgDl19wMapZy17u,2020-06-01,3983.1955952380954,3987.776378631592,0.0
Plant 2,NgDl19wMapZy17u,2020-06-02,7073.571666666667,6674.064373582602,0.5
Plant 2,NgDl19wMapZy17u,2020-06-03,5228.143095238095,5184.156223297119,0.25
Plant 2,NgDl19wMapZy17u,2020-06-04,6293.1409523809525,6256.304937362671,0.25
Plant 2,NgDl19wMapZy17u,2020-06-05,7561.8586904761905,6826.985330581665,0.0
Plant 2,NgDl19wMapZy17u,2020-06-06,8121.954880952381,7548.860586166382,0.25
Plant 2,NgDl19wMapZy17u,2020-06-07,7754.899761904762,6991.387296676636,0.0
Plant 2,NgDl19wMapZy17u,2020-06-08,9156.020164835165,8046.771507263184,0.0
Plant 2,NgDl19wMapZy17u,2020-06-09,8034.996666666666,7195.718189239502,0.0
Plant 2,NgDl19wMapZy17u,2020-06-10,2566.357261904762,5782.966602325439,3.25
Plant 2,NgDl19wMapZy17u,2020-06-11,3848.6235164835166,3938.2923622131348,0.25
Plant 2,NgDl19wMapZy17u,2020-06-12,4702.1241666666665,4573.959568023682,0.0
Plant 2,NgDl19wMapZy17u,2020-06-13,3944.8536904761904,6313.780376434326,2.5
Plant 2,NgDl19wMapZy17u,2020-06-14,6278.003214285714,6593.069923400879,1.0
Plant 2,NgDl19wMapZy17u,2020-06-15,6254.308928571429,5747.959959030151,0.0
Plant 2,NgDl19wMapZy17u,2020-06-16,5555.877261904761,5270.5613803863525,0.25
Plant 2,NgDl19wMapZy17u,2020-06-17,4123.793452380952,4104.595355987549,0.0
Plant 2,PeE6FRyGXUgsRhN,2020-05-15,9072.130833333333,8978.769454956055,0.0
Plant 2,PeE6FRyGXUgsRhN,2020-05-16,2948.5239285714288,7376.191577911377,3.75
Plant 2,PeE6FRyGXUgsRhN,2020-05-17,6917.986904761904,6798.238492965698,0.0
Plant 2,PeE6FRyGXUgsRhN,2020-05-18,6501.666904761904,6824.186058044434,0.75
Plant 2,PeE6FRyGXUgsRhN,2020-05-19,1864.7438095238097,6028.5962772369385,3.75
Plant 2,PeE6FRyGXUgsRhN,2020-05-20,2671.3088095238095,7098.642797470093,5.5
Plant 2,PeE6FRyGXUgsRhN,2020-05-21,4610.853809523809,8100.066289901733,3.75
Plant 2,PeE6FRyGXUgsRhN,2020-05-22,9386.667738095239,8656.666957855225,0.0
Plant 2,PeE6FRyGXUgsRhN,2020-05-23,9145.2375,8702.935232162476,0.0
Plant 2,PeE6FRyGXUgsRhN,2020-05-24,8933.274404761905,8355.119819641113,0.0
Plant 2,PeE6FRyGXUgsRhN,2020-05-25,8695.614166666666,8475.810983657837,0.0
Plant 2,PeE6FRyGXUgsRhN,2020-05-26,6673.433214285714,8754.347805023193,1.75
Plant 2,PeE6FRyGXUgsRhN,2020-05-27,3808.018452380952,8179.196603775024,4.25
Plant 2,PeE6FRyGXUgsRhN,2020-05-28,8525.393214285714,8466.090330123901,0.0
Plant 2,PeE6FRyGXUgsRhN,2020-05-29,6460.793135198135,7460.186973571777,1.25
Plant 2,PeE6FRyGXUgsRhN,2020-05-30,4002.045714285714,7687.524021148682,3.0
Plant 2,PeE6FRyGXUgsRhN,2020-05-31,6213.681428571428,6238.778936386108,0.0
Plant 2,PeE6FRyGXUgsRhN,2020-06-01,3978.9139285714286,3987.776378631592,0.0
Plant 2,PeE6FRyGXUgsRhN,2020-06-02,5989.607738095238,6674.064373582602,1.5
Plant 2,PeE6FRyGXUgsRhN,2020-06-03,3490.6664285714287,5184.156223297119,1.5
Plant 2,PeE6FRyGXUgsRhN,2020-06-04,6121.379523809524,6256.304937362671,0.5
Plant 2,PeE6FRyGXUgsRhN,2020-06-05,7298.4857142857145,6826.985330581665,0.0
Plant 2,PeE6FRyGXUgsRhN,2020-06-06,2157.6664285714287,7548.860586166382,6.0
Plant 2,PeE6FRyGXUgsRhN,2020-06-07,7520.317619047619,6991.387296676636,0.0
Plant 2,PeE6FRyGXUgsRhN,2020-06-08,8808.628186813186,8046.771507263184,0.0
Plant 2,PeE6FRyGXUgsRhN,2020-06-09,6424.865595238095,7195.718189239502,1.25
Plant 2,PeE6FRyGXUgsRhN,2020-06-10,3951.4615476190475,5782.966602325439,2.0
Plant 2,PeE6FRyGXUgsRhN,2020-06-11,3789.997628205128,3938.2923622131348,0.25
Plant 2,PeE6FRyGXUgsRhN,2020-06-12,4648.447976190476,4573.959568023682,0.0
Plant 2,PeE6FRyGXUgsRhN,2020-06-13,6509.482619047619,6313.780376434326,0.25
Plant 2,PeE6FRyGXUgsRhN,2020-06-14,7198.230833333333,6593.069923400879,0.0
Plant 2,PeE6FRyGXUgsRhN,2020-06-15,2820.5817857142856,5747.959959030151,3.25
Plant 2,PeE6FRyGXUgsRhN,2020-06-16,5380.340357142857,5270.5613803863525,0.25
Plant 2,PeE6FRyGXUgsRhN,2020-06-17,4154.819166666666,4104.595355987549,0.0
Plant 2,Qf4GUc1pJu5T6c6,2020-05-15,6368.644642857143,8978.769454956055,2.5
Plant 2,Qf4GUc1pJu5T6c6,2020-05-16,7993.987976190477,7376.191577911377,0.0
Plant 2,Qf4GUc1pJu5T6c6,2020-05-17,7182.524523809524,6798.238492965698,0.0
Plant 2,Qf4GUc1pJu5T6c6,2020-05-18,7748.453333333333,6824.186058044434,0.0
Plant 2,Qf4GUc1pJu5T6c6,2020-05-19,1828.8514285714284,6028.5962772369385,4.0
Plant 2,Qf4GUc1pJu5T6c6,2020-05-20,2403.1565476190476,2266.689167022705,0.0
Plant 2,Qf4GUc1pJu5T6c6,2020-05-21,9151.327976190476,8100.066289901733,0.0
Plant 2,Qf4GUc1pJu5T6c6,2020-05-22,9842.289047619048,8656.666957855225,0.0
Plant 2,Qf4GUc1pJu5T6c6,2020-05-23,9564.55238095238,8702.935232162476,0.0
Plant 2,Qf4GUc1pJu5T6c6,2020-05-24,4468.802023809524,8355.119819641113,3.75
Plant 2,Qf4GUc1pJu5T6c6,2020-05-25,9107.268452380951,8475.810983657837,0.0
Plant 2,Qf4GUc1pJu5T6c6,2020-05-26,9355.784642857143,8754.347805023193,0.0
Plant 2,Qf4GUc1pJu5T6c6,2020-05-27,9409.031666666666,8179.196603775024,0.0
Plant 2,Qf4GUc1pJu5T6c6,2020-05-28,3924.5007967032966,8466.090330123901,4.5
Plant 2,Qf4GUc1pJu5T6c6,2020-05-29,7923.781937229437,7460.186973571777,0.0
Plant 2,Qf4GUc1pJu5T6c6,2020-05-30,8007.648928571429,7687.524021148682,0.0
Plant 2,Qf4GUc1pJu5T6c6,2020-05-31,6506.312976190477,6238.778936386108,0.0
Plant 2,Qf4GUc1pJu5T6c6,2020-06-01,4099.242261904762,3987.776378631592,0.0
Plant 2,Qf4GUc1pJu5T6c6,2020-06-02,7169.032261904762,6674.064373582602,0.5
Plant 2,Qf4GUc1pJu5T6c6,2020-06-03,5715.3075,5184.156223297119,0.0
Plant 2,Qf4GUc1pJu5T6c6,2020-06-04,6887.143452380952,6256.304937362671,0.0
Plant 2,Qf4GUc1pJu5T6c6,2020-06-05,7557.636666666666,6826.985330581665,0.0
Plant 2,Qf4GUc1pJu5T6c6,2020-06-06,8220.43761904762,7548.860586166382,0.25
Plant 2,Qf4GUc1pJu5T6c6,2020-06-07,7652.732261904761,6991.387296676636,0.25
Plant 2,Qf4GUc1pJu5T6c6,2020-06-08,9050.059862637363,8046.771507263184,0.0
Plant 2,Qf4GUc1pJu5T6c6,2020-06-09,8070.721785714286,7195.718189239502,0.0
Plant 2,Qf4GUc1pJu5T6c6,2020-06-10,5474.989404761905,5782.966602325439,0.5
Plant 2,Qf4GUc1pJu5T6c6,2020-06-11,3850.7928571428574,3938.2923622131348,0.25
Plant 2,Qf4GUc1pJu5T6c6,2020-06-12,4413.963333333333,4573.959568023682,0.25
Plant 2,Qf4GUc1pJu5T6c6,2020-06-13,3497.6490476190475,6313.780376434326,3.5
Plant 2,Qf4GUc1pJu5T6c6,2020-06-14,2082.2034523809525,6593.069923400879,5.25
Plant 2,Qf4GUc1pJu5T6c6,2020-06-15,2199.522976190476,5747.959959030151,4.25
Plant 2,Qf4GUc1pJu5T6c6,2020-06-16,5160.91,5270.5613803863525,0.75
Plant 2,Qf4GUc1pJu5T6c6,2020-06-17,4289.968452380952,4104.595355987549,0.0
Plant 2,Quc1TzYxW2pYoWX,2020-05-15,4216.58119047619,8978.769454956055,3.25
Plant 2,Quc1TzYxW2pYoWX,2020-05-16,6320.813928571428,7376.191577911377,0.0
Plant 2,Quc1TzYxW2pYoWX,2020-05-17,3505.0,6798.238492965698,2.25
Plant 2,Quc1TzYxW2pYoWX,2020-05-18,2727.6759523809524,6824.186058044434,3.5
Plant 2,Quc1TzYxW2pYoWX,2020-05-19,2171.165357142857,6028.5962772369385,3.0
Plant 2,Quc1TzYxW2pYoWX,2020-05-20,1614.2425,2266.689167022705,0.25
Plant 2,Quc1TzYxW2pYoWX,2020-05-21,4892.7605952380945,8100.066289901733,1.75
Plant 2,Quc1TzYxW2pYoWX,2020-05-22,3649.7258333333334,8656.666957855225,4.0
Plant 2,Quc1TzYxW2pYoWX,2020-05-23,3980.9489285714285,8702.935232162476,3.5
Plant 2,Quc1TzYxW2pYoWX,2020-05-24,4782.486071428571,8355.119819641113,2.5
Plant 2,Quc1TzYxW2pYoWX,2020-05-25,3259.8540476190474,8475.810983657837,4.0
Plant 2,Quc1TzYxW2pYoWX,2020-05-26,7234.231904761905,8754.347805023193,0.0
Plant 2,Quc1TzYxW2pYoWX,2020-05-27,7339.209642857143,8179.196603775024,0.0
Plant 2,Quc1TzYxW2pYoWX,2020-05-28,4814.77945054945,8466.090330123901,2.5
Plant 2,Quc1TzYxW2pYoWX,2020-05-29,3864.681525974026,7460.186973571777,2.75
Plant 2,Quc1TzYxW2pYoWX,2020-05-30,3876.8815476190475,7687.524021148682,2.5
Plant 2,Quc1TzYxW2pYoWX,2020-05-31,5353.001785714286,6238.778936386108,0.0
Plant 2,Quc1TzYxW2pYoWX,2020-06-01,3529.3873809523807,3987.776378631592,0.0
Plant 2,Quc1TzYxW2pYoWX,2020-06-02,4907.752976190476,6674.064373582602,1.25
Plant 2,Quc1TzYxW2pYoWX,2020-06-03,3412.9728571428573,5184.156223297119,1.5
Plant 2,Quc1TzYxW2pYoWX,2020-06-04,5230.040952380952,6256.304937362671,0.25
Plant 2,Quc1TzYxW2pYoWX,2020-06-05,3742.3725,6826.985330581665,2.25
Plant 2,Quc1TzYxW2pYoWX,2020-06-06,3401.837261904762,7548.860586166382,4.0
Plant 2,Quc1TzYxW2pYoWX,2020-06-07,2544.777857142857,6991.387296676636,4.75
Plant 2,Quc1TzYxW2pYoWX,2020-06-08,2998.3963461538465,8046.771507263184,4.75
Plant 2,Quc1TzYxW2pYoWX,2020-06-09,3752.92630952381,7195.718189239502,3.25
Plant 2,Quc1TzYxW2pYoWX,2020-06-10,2456.5913095238097,5782.966602325439,2.75
Plant 2,Quc1TzYxW2pYoWX,2020-06-11,3148.326465201465,3938.2923622131348,0.25
Plant 2,Quc1TzYxW2pYoWX,2020-06-12,3661.1314285714284,4573.959568023682,0.0
Plant 2,Quc1TzYxW2pYoWX,2020-06-13,5513.706547619047,6313.780376434326,0.5
Plant 2,Quc1TzYxW2pYoWX,2020-06-14,2254.9859523809523,6593.069923400879,4.0
Plant 2,Quc1TzYxW2pYoWX,2020-06-15,2101.4641666666666,5747.959959030151,3.75
Plant 2,Quc1TzYxW2pYoWX,2020-06-16,4394.377619047619,5270.5613803863525,0.5
Plant 2,Quc1TzYxW2pYoWX,2020-06-17,3617.189642857143,4104.595355987549,0.0
Plant 2,V94E5Ben1TlhnDV,2020-05-15,9309.117857142857,8978.769454956055,0.0
Plant 2,V94E5Ben1TlhnDV,2020-05-16,7696.394642857143,7376.191577911377,0.0
Plant 2,V94E5Ben1TlhnDV,2020-05-17,5683.5725,6798.238492965698,1.0
Plant 2,V94E5Ben1TlhnDV,2020-05-18,4773.403095238095,6824.186058044434,2.25
Plant 2,V94E5Ben1TlhnDV,2020-05-19,6622.703333333334,6028.5962772369385,0.0
Plant 2,V94E5Ben1TlhnDV,2020-05-20,9210.465119047618,7098.642797470093,0.0
Plant 2,V94E5Ben1TlhnDV,2020-05-21,4873.316666666667,8100.066289901733,3.5
Plant 2,V94E5Ben1TlhnDV,2020-05-22,8449.428928571428,8656.666957855225,1.0
Plant 2,V94E5Ben1TlhnDV,2020-05-23,9457.345119047619,8702.935232162476,0.0
Plant 2,V94E5Ben1TlhnDV,2020-05-24,9231.737976190476,8355.119819641113,0.0
Plant 2,V94E5Ben1TlhnDV,2020-05-25,8969.121071428572,8475.810983657837,0.0
Plant 2,V94E5Ben1TlhnDV,2020-05-26,9304.953214285715,8754.347805023193,0.0
Plant 2,V94E5Ben1TlhnDV,2020-05-27,5782.716309523809,8179.196603775024,2.75
Plant 2,V94E5Ben1TlhnDV,2020-05-28,9073.94369047619,8466.090330123901,0.0
Plant 2,V94E5Ben1TlhnDV,2020-05-29,7892.369771062272,7460.186973571777,0.0
Plant 2,V94E5Ben1TlhnDV,2020-05-30,5235.1711904761905,7687.524021148682,2.25
Plant 2,V94E5Ben1TlhnDV,2020-05-31,6520.155357142857,6238.778936386108,0.0
Plant 2,V94E5Ben1TlhnDV,2020-06-01,4131.488452380952,3987.776378631592,0.0
Plant 2,V94E5Ben1TlhnDV,2020-06-02,6193.1792857142855,6674.064373582602,1.5
Plant 2,V94E5Ben1TlhnDV,2020-06-03,4008.077142857143,5184.156223297119,1.25
Plant 2,V94E5Ben1TlhnDV,2020-06-04,3679.8167857142857,6256.304937362671,3.25
Plant 2,V94E5Ben1TlhnDV,2020-06-05,7294.769047619047,6826.985330581665,0.0
Plant 2,V94E5Ben1TlhnDV,2020-06-06,2551.1789285714285,7548.860586166382,5.5
Plant 2,V94E5Ben1TlhnDV,2020-06-07,1840.1253571428572,6991.387296676636,5.75
Plant 2,V94E5Ben1TlhnDV,2020-06-08,9091.94874084249,8046.771507263184,0.0
Plant 2,V94E5Ben1TlhnDV,2020-06-09,7745.0767857142855,7195.718189239502,0.0
Plant 2,V94E5Ben1TlhnDV,2020-06-10,5383.295952380952,5782.966602325439,0.5
Plant 2,V94E5Ben1TlhnDV,2020-06-11,3868.765989010989,3938.2923622131348,0.25
Plant 2,V94E5Ben1TlhnDV,2020-06-12,4504.335714285714,4573.959568023682,0.0
Plant 2,V94E5Ben1TlhnDV,2020-06-13,3581.071904761905,6313.780376434326,3.25
Plant 2,V94E5Ben1TlhnDV,2020-06-14,3293.535119047619,6593.069923400879,3.75
Plant 2,V94E5Ben1TlhnDV,2020-06-15,2530.9426190476192,5747.959959030151,4.25
Plant 2,V94E5Ben1TlhnDV,2020-06-16,5349.476785714285,5270.5613803863525,0.25
Plant 2,V94E5Ben1TlhnDV,2020-06-17,4212.783928571428,4104.595355987549,0.0
Plant 2,WcxssY2VbP4hApt,2020-05-15,9578.428928571428,8978.769454956055,0.0
Plant 2,WcxssY2VbP4hApt,2020-05-16,7984.060952380953,7376.191577911377,0.0
Plant 2,WcxssY2VbP4hApt,2020-05-17,7217.179404761904,6798.238492965698,0.0
Plant 2,WcxssY2VbP4hApt,2020-05-18,7680.2246428571425,6824.186058044434,0.0
Plant 2,WcxssY2VbP4hApt,2020-05-19,6757.733333333334,6028.5962772369385,0.0
Plant 2,WcxssY2VbP4hApt,2020-05-20,9456.326309523809,7098.642797470093,0.0
Plant 2,WcxssY2VbP4hApt,2020-05-21,9134.299404761905,8100.066289901733,0.0
Plant 2,WcxssY2VbP4hApt,2020-05-22,1208.057619047619,8656.666957855225,8.75
Plant 2,WcxssY2VbP4hApt,2020-05-23,4407.587738095238,8702.935232162476,6.0
Plant 2,WcxssY2VbP4hApt,2020-05-24,9344.367261904761,8355.119819641113,0.0
Plant 2,WcxssY2VbP4hApt,2020-05-25,9055.70511904762,8475.810983657837,0.0
Plant 2,WcxssY2VbP4hApt,2020-05-26,9266.631785714286,8754.347805023193,0.0
Plant 2,WcxssY2VbP4hApt,2020-05-27,2558.3661904761907,8179.196603775024,5.75
Plant 2,WcxssY2VbP4hApt,2020-05-28,7957.703113553113,8466.090330123901,0.0
Plant 2,WcxssY2VbP4hApt,2020-05-29,5953.197954545454,7460.186973571777,0.0
Plant 2,WcxssY2VbP4hApt,2020-05-30,4677.996428571429,7687.524021148682,0.0
Plant 2,WcxssY2VbP4hApt,2020-05-31,1408.5533333333333,6238.778936386108,4.25
Plant 2,WcxssY2VbP4hApt,2020-06-01,3858.189761904762,3987.776378631592,0.0
Plant 2,WcxssY2VbP4hApt,2020-06-02,3833.8470238095238,6674.064373582602,3.5
Plant 2,WcxssY2VbP4hApt,2020-06-03,5377.341309523809,5184.156223297119,0.0
Plant 2,WcxssY2VbP4hApt,2020-06-04,3759.0864285714283,6256.304937362671,3.25
Plant 2,WcxssY2VbP4hApt,2020-06-05,3378.6445238095234,6826.985330581665,3.75
Plant 2,WcxssY2VbP4hApt,2020-06-06,8338.073571428571,7548.860586166382,0.25
Plant 2,WcxssY2VbP4hApt,2020-06-07,1901.5983333333331,6991.387296676636,6.0
Plant 2,WcxssY2VbP4hApt,2020-06-08,3595.66836996337,8046.771507263184,4.75
Plant 2,WcxssY2VbP4hApt,2020-06-09,4012.6240476190474,7195.718189239502,4.0
Plant 2,WcxssY2VbP4hApt,2020-06-10,3484.6886904761905,5782.966602325439,2.25
Plant 2,WcxssY2VbP4hApt,2020-06-11,3870.715457875458,3938.2923622131348,0.25
Plant 2,WcxssY2VbP4hApt,2020-06-12,4772.500952380952,4573.959568023682,0.0
Plant 2,WcxssY2VbP4hApt,2020-06-13,6445.09238095238,6313.780376434326,0.5
Plant 2,WcxssY2VbP4hApt,2020-06-14,7563.854642857143,6593.069923400879,0.0
Plant 2,WcxssY2VbP4hApt,2020-06-15,6339.4551190476195,5747.959959030151,0.0
Plant 2,WcxssY2VbP4hApt,2020-06-16,5542.859404761904,5270.5613803863525,0.25
Plant 2,WcxssY2VbP4hApt,2020-06-17,4232.064642857143,4104.595355987549,0.0
Plant 2,mqwcsP2rE7J0TFp,2020-05-15,9398.285833333333,8978.769454956055,0.0
Plant 2,mqwcsP2rE7J0TFp,2020-05-16,7815.416904761905,7376.191577911377,0.0
Plant 2,mqwcsP2rE7J0TFp,2020-05-17,6997.540521978022,6798.238492965698,0.0
Plant 2,mqwcsP2rE7J0TFp,2020-05-18,7642.905833333333,6824.186058044434,0.0
Plant 2,mqwcsP2rE7J0TFp,2020-05-19,6597.121309523809,6028.5962772369385,0.0
Plant 2,mqwcsP2rE7J0TFp,2020-05-20,2354.734404761905,2266.689167022705,0.0
Plant 2,mqwcsP2rE7J0TFp,2020-05-29,716.2442099567099,718.1907501220703,0.0
Plant 2,mqwcsP2rE7J0TFp,2020-05-30,7956.59869047619,7687.524021148682,0.0
Plant 2,mqwcsP2rE7J0TFp,2020-05-31,6473.945714285714,6238.778936386108,0.0
Plant 2,mqwcsP2rE7J0TFp,2020-06-01,4033.5977380952377,3987.776378631592,0.0
Plant 2,mqwcsP2rE7J0TFp,2020-06-02,7148.52130952381,6674.064373582602,0.5
Plant 2,mqwcsP2rE7J0TFp,2020-06-03,5251.4669047619045,5184.156223297119,0.25
Plant 2,mqwcsP2rE7J0TFp,2020-06-04,5703.428571428572,6256.304937362671,0.75
Plant 2,mqwcsP2rE7J0TFp,2020-06-05,7529.623095238096,6826.985330581665,0.0
Plant 2,mqwcsP2rE7J0TFp,2020-06-06,8340.468452380952,7548.860586166382,0.25
Plant 2,mqwcsP2rE7J0TFp,2020-06-07,7515.0236904761905,6991.387296676636,0.0
Plant 2,mqwcsP2rE7J0TFp,2020-06-08,9080.269377289378,8046.771507263184,0.0
Plant 2,mqwcsP2rE7J0TFp,2020-06-09,8010.421428571429,7195.718189239502,0.0
Plant 2,mqwcsP2rE7J0TFp,2020-06-10,2590.420119047619,5782.966602325439,3.25
Plant 2,mqwcsP2rE7J0TFp,2020-06-11,3842.1160714285716,3938.2923622131348,0.25
Plant 2,mqwcsP2rE7J0TFp,2020-06-12,4698.197261904762,4573.959568023682,0.0
Plant 2,mqwcsP2rE7J0TFp,2020-06-13,5924.784880952381,6313.780376434326,0.75
Plant 2,mqwcsP2rE7J0TFp,2020-06-14,5906.9675,6593.069923400879,1.0
Plant 2,mqwcsP2rE7J0TFp,2020-06-15,6277.330238095238,5747.959959030151,0.0
Plant 2,mqwcsP2rE7J0TFp,2020-06-16,5552.340952380952,5270.5613803863525,0.25
Plant 2,mqwcsP2rE7J0TFp,2020-06-17,4115.156547619047,4104.595355987549,0.0
Plant 2,oZ35aAeoifZaQzV,2020-05-15,7045.545238095237,8978.769454956055,2.0
Plant 2,oZ35aAeoifZaQzV,2020-05-16,8032.879166666667,7376.191577911377,0.0
Plant 2,oZ35aAeoifZaQzV,2020-05-17,5496.812023809523,6798.238492965698,1.25
Plant 2,oZ35aAeoifZaQzV,2020-05-18,7700.2757142857145,6824.186058044434,0.0
Plant 2,oZ35aAeoifZaQzV,2020-05-19,6845.655238095238,6028.5962772369385,0.0
Plant 2,oZ35aAeoifZaQzV,2020-05-20,2428.754404761905,2266.689167022705,0.0
Plant 2,oZ35aAeoifZaQzV,2020-05-21,8329.2425,8100.066289901733,0.5
Plant 2,oZ35aAeoifZaQzV,2020-05-22,9834.122857142856,8656.666957855225,0.0
Plant 2,oZ35aAeoifZaQzV,2020-05-23,9631.330595238096,8702.935232162476,0.0
Plant 2,oZ35aAeoifZaQzV,2020-05-24,5053.405238095238,8355.119819641113,3.5
Plant 2,oZ35aAeoifZaQzV,2020-05-25,9141.552142857143,8475.810983657837,0.0
Plant 2,oZ35aAeoifZaQzV,2020-05-26,9407.986428571428,8754.347805023193,0.0
Plant 2,oZ35aAeoifZaQzV,2020-05-27,9428.506071428572,8179.196603775024,0.0
Plant 2,oZ35aAeoifZaQzV,2020-05-28,3772.1985164835164,8466.090330123901,4.5
Plant 2,oZ35aAeoifZaQzV,2020-05-29,8042.850248917749,7460.186973571777,0.0
Plant 2,oZ35aAeoifZaQzV,2020-05-30,8206.384285714286,7687.524021148682,0.0
Plant 2,oZ35aAeoifZaQzV,2020-05-31,6587.369404761905,6238.778936386108,0.0
Plant 2,oZ35aAeoifZaQzV,2020-06-01,4205.528452380952,3987.776378631592,0.0
Plant 2,oZ35aAeoifZaQzV,2020-06-02,7077.01,6674.064373582602,0.5
Plant 2,oZ35aAeoifZaQzV,2020-06-03,5193.479761904762,5184.156223297119,0.5
Plant 2,oZ35aAeoifZaQzV,2020-06-04,3718.626904761905,6256.304937362671,3.25
Plant 2,oZ35aAeoifZaQzV,2020-06-05,7661.061071428571,6826.985330581665,0.0
Plant 2,oZ35aAeoifZaQzV,2020-06-06,8315.119404761905,7548.860586166382,0.25
Plant 2,oZ35aAeoifZaQzV,2020-06-07,7783.780119047619,6991.387296676636,0.25
Plant 2,oZ35aAeoifZaQzV,2020-06-08,4401.234468864469,8046.771507263184,4.0
Plant 2,oZ35aAeoifZaQzV,2020-06-09,8070.313452380952,7195.718189239502,0.0
Plant 2,oZ35aAeoifZaQzV,2020-06-10,5501.1164285714285,5782.966602325439,0.5
Plant 2,oZ35aAeoifZaQzV,2020-06-11,3920.031501831502,3938.2923622131348,0.25
Plant 2,oZ35aAeoifZaQzV,2020-06-12,4564.470119047619,4573.959568023682,0.25
Plant 2,oZ35aAeoifZaQzV,2020-06-13,3443.487738095238,6313.780376434326,3.5
Plant 2,oZ35aAeoifZaQzV,2020-06-14,3332.790238095238,6593.069923400879,4.0
Plant 2,oZ35aAeoifZaQzV,2020-06-15,2671.3796428571427,5747.959959030151,4.0
Plant 2,oZ35aAeoifZaQzV,2020-06-16,5590.122023809524,5270.5613803863525,0.25
Plant 2,oZ35aAeoifZaQzV,2020-06-17,4359.669166666667,4104.595355987549,0.0
Plant 2,oZZkBaNadn6DNKz,2020-05-15,5360.2336904761905,8978.769454956055,3.0
Plant 2,oZZkBaNadn6DNKz,2020-05-16,6238.8925,7376.191577911377,1.0
Plant 2,oZZkBaNadn6DNKz,2020-05-17,6953.780119047618,6798.238492965698,0.0
Plant 2,oZZkBaNadn6DNKz,2020-05-18,6735.859285714286,6824.186058044434,0.75
Plant 2,oZZkBaNadn6DNKz,2020-05-19,1911.7035714285712,6028.5962772369385,4.0
Plant 2,oZZkBaNadn6DNKz,2020-05-20,3120.9540476190477,7098.642797470093,5.0
Plant 2,oZZkBaNadn6DNKz,2020-05-21,4878.152142857143,8100.066289901733,3.5
Plant 2,oZZkBaNadn6DNKz,2020-05-22,9694.017738095237,8656.666957855225,0.0
Plant 2,oZZkBaNadn6DNKz,2020-05-23,9473.645595238095,8702.935232162476,0.0
Plant 2,oZZkBaNadn6DNKz,2020-05-24,9252.3075,8355.119819641113,0.0
Plant 2,oZZkBaNadn6DNKz,2020-05-25,9035.727380952381,8475.810983657837,0.0
Plant 2,oZZkBaNadn6DNKz,2020-05-26,9325.679166666667,8754.347805023193,0.0
Plant 2,oZZkBaNadn6DNKz,2020-05-27,4672.8136904761905,8179.196603775024,3.75
Plant 2,oZZkBaNadn6DNKz,2020-05-28,9015.053452380953,8466.090330123901,0.0
Plant 2,oZZkBaNadn6DNKz,2020-05-29,6915.946147186147,7460.186973571777,0.75
Plant 2,oZZkBaNadn6DNKz,2020-05-30,3631.1939285714284,7687.524021148682,3.5
Plant 2,oZZkBaNadn6DNKz,2020-05-31,6509.419047619048,6238.778936386108,0.0
Plant 2,oZZkBaNadn6DNKz,2020-06-01,4142.131309523809,3987.776378631592,0.0
Plant 2,oZZkBaNadn6DNKz,2020-06-02,6262.365119047619,6674.064373582602,1.5
Plant 2,oZZkBaNadn6DNKz,2020-06-03,4746.603452380952,5184.156223297119,0.5
Plant 2,oZZkBaNadn6DNKz,2020-06-04,3673.8630952380954,6256.304937362671,3.25
Plant 2,oZZkBaNadn6DNKz,2020-06-05,7420.349642857143,6826.985330581665,0.0
Plant 2,oZZkBaNadn6DNKz,2020-06-06,2554.4916666666663,7548.860586166382,5.5
Plant 2,oZZkBaNadn6DNKz,2020-06-07,7654.313809523809,6991.387296676636,0.0
Plant 2,oZZkBaNadn6DNKz,2020-06-08,9039.168507326007,8046.771507263184,0.0
Plant 2,oZZkBaNadn6DNKz,2020-06-09,7844.302023809523,7195.718189239502,0.0
Plant 2,oZZkBaNadn6DNKz,2020-06-10,5416.817738095238,5782.966602325439,0.5
Plant 2,oZZkBaNadn6DNKz,2020-06-11,3881.776355311355,3938.2923622131348,0.25
Plant 2,oZZkBaNadn6DNKz,2020-06-12,4694.9897619047615,4573.959568023682,0.0
Plant 2,oZZkBaNadn6DNKz,2020-06-13,6424.273571428571,6313.780376434326,0.5
Plant 2,oZZkBaNadn6DNKz,2020-06-14,3347.512976190476,6593.069923400879,3.75
Plant 2,oZZkBaNadn6DNKz,2020-06-15,2755.538095238095,5747.959959030151,3.25
Plant 2,oZZkBaNadn6DNKz,2020-06-16,5500.360833333333,5270.5613803863525,0.25
Plant 2,oZZkBaNadn6DNKz,2020-06-17,4282.948928571428,4104.595355987549,0.0
Plant 2,q49J1IKaHRwDQnt,2020-05-15,9029.685952380953,8978.769454956055,0.0
Plant 2,q49J1IKaHRwDQnt,2020-05-16,3515.3909523809525,7376.191577911377,3.5
Plant 2,q49J1IKaHRwDQnt,2020-05-17,5659.909468864469,6798.238492965698,1.0
Plant 2,q49J1IKaHRwDQnt,2020-05-18,4108.023809523809,6824.186058044434,2.75
Plant 2,q49J1IKaHRwDQnt,2020-05-19,2772.2190476190476,6028.5962772369385,3.0
Plant 2,q49J1IKaHRwDQnt,2020-05-20,4039.067976190476,7098.642797470093,4.25
Plant 2,q49J1IKaHRwDQnt,2020-05-21,4826.576904761904,8100.066289901733,3.5
Plant 2,q49J1IKaHRwDQnt,2020-05-22,9297.632124542124,8656.666957855225,0.0
Plant 2,q49J1IKaHRwDQnt,2020-05-23,3219.873095238095,8702.935232162476,5.0
Plant 2,q49J1IKaHRwDQnt,2020-05-24,8857.630714285713,8355.119819641113,0.0
Plant 2,q49J1IKaHRwDQnt,2020-05-25,6142.450357142857,8475.810983657837,2.0
Plant 2,q49J1IKaHRwDQnt,2020-05-26,4055.94880952381,8754.347805023193,4.25
Plant 2,q49J1IKaHRwDQnt,2020-05-27,8974.927976190476,8179.196603775024,0.0
Plant 2,q49J1IKaHRwDQnt,2020-05-28,7779.290274725275,8466.090330123901,1.0
Plant 2,q49J1IKaHRwDQnt,2020-05-29,7220.438041125541,7460.186973571777,0.0
Plant 2,q49J1IKaHRwDQnt,2020-05-30,7770.270595238095,7687.524021148682,0.0
Plant 2,q49J1IKaHRwDQnt,2020-05-31,6271.805357142857,6238.778936386108,0.0
Plant 2,q49J1IKaHRwDQnt,2020-06-01,3674.0274999999997,3987.776378631592,0.0
Plant 2,q49J1IKaHRwDQnt,2020-06-02,3711.1390476190477,6674.064373582602,3.0
Plant 2,q49J1IKaHRwDQnt,2020-06-03,4078.192857142857,5184.156223297119,1.0
Plant 2,q49J1IKaHRwDQnt,2020-06-04,5597.895119047619,6256.304937362671,0.5
Plant 2,q49J1IKaHRwDQnt,2020-06-05,2854.919761904762,6826.985330581665,4.25
Plant 2,q49J1IKaHRwDQnt,2020-06-06,3557.6255952380952,7548.860586166382,4.75
Plant 2,q49J1IKaHRwDQnt,2020-06-07,2729.371666666667,6991.387296676636,4.75
Plant 2,q49J1IKaHRwDQnt,2020-06-08,2773.5501465201464,8046.771507263184,5.5
Plant 2,q49J1IKaHRwDQnt,2020-06-09,3562.8170238095236,7195.718189239502,4.25
Plant 2,q49J1IKaHRwDQnt,2020-06-10,5254.575952380952,5782.966602325439,0.5
Plant 2,q49J1IKaHRwDQnt,2020-06-11,3752.6524542124544,3938.2923622131348,0.25
Plant 2,q49J1IKaHRwDQnt,2020-06-12,4602.589642857142,4573.959568023682,0.0
Plant 2,q49J1IKaHRwDQnt,2020-06-13,6384.977857142857,6313.780376434326,0.25
Plant 2,q49J1IKaHRwDQnt,2020-06-14,7420.539523809523,6593.069923400879,0.0
Plant 2,q49J1IKaHRwDQnt,2020-06-15,5998.66119047619,5747.959959030151,0.0
Plant 2,q49J1IKaHRwDQnt,2020-06-16,5229.652857142857,5270.5613803863525,0.25
Plant 2,q49J1IKaHRwDQnt,2020-06-17,4054.249523809524,4104.595355987549,0.0
Plant 2,rrq4fwE8jgrTyWY,2020-05-15,5463.237619047619,8978.769454956055,3.0
Plant 2,rrq4fwE8jgrTyWY,2020-05-16,7338.316547619048,7376.191577911377,0.0
Plant 2,rrq4fwE8jgrTyWY,2020-05-17,4911.399798534798,6798.238492965698,1.75
Plant 2,rrq4fwE8jgrTyWY,2020-05-18,4181.7246428571425,6824.186058044434,2.5
Plant 2,rrq4fwE8jgrTyWY,2020-05-19,3767.2188095238093,6028.5962772369385,2.25
Plant 2,rrq4fwE8jgrTyWY,2020-05-20,6756.804226190477,7098.642797470093,1.5
Plant 2,rrq4fwE8jgrTyWY,2020-05-21,4649.514404761905,8100.066289901733,3.5
Plant 2,rrq4fwE8jgrTyWY,2020-05-22,9116.394807692308,8656.666957855225,0.0
Plant 2,rrq4fwE8jgrTyWY,2020-05-23,2936.9758333333334,8702.935232162476,5.25
Plant 2,rrq4fwE8jgrTyWY,2020-05-24,4908.16880952381,8355.119819641113,3.0
Plant 2,rrq4fwE8jgrTyWY,2020-05-25,4122.718333333333,8475.810983657837,3.75
Plant 2,rrq4fwE8jgrTyWY,2020-05-26,7735.766071428571,8754.347805023193,0.75
Plant 2,rrq4fwE8jgrTyWY,2020-05-27,5660.677142857143,8179.196603775024,2.5
Plant 2,rrq4fwE8jgrTyWY,2020-05-28,3502.140558608058,8466.090330123901,4.5
Plant 2,rrq4fwE8jgrTyWY,2020-05-29,7319.044913419913,7460.186973571777,0.0
Plant 2,rrq4fwE8jgrTyWY,2020-05-30,7521.369642857143,7687.524021148682,0.0
Plant 2,rrq4fwE8jgrTyWY,2020-05-31,6183.837619047619,6238.778936386108,0.0
Plant 2,rrq4fwE8jgrTyWY,2020-06-01,3706.2807142857146,3987.776378631592,0.0
Plant 2,rrq4fwE8jgrTyWY,2020-06-02,3861.255833333333,6674.064373582602,2.5
Plant 2,rrq4fwE8jgrTyWY,2020-06-03,3806.8269047619046,5184.156223297119,1.5
Plant 2,rrq4fwE8jgrTyWY,2020-06-04,6616.43619047619,6256.304937362671,0.0
Plant 2,rrq4fwE8jgrTyWY,2020-06-05,2907.3522619047617,6826.985330581665,3.75
Plant 2,rrq4fwE8jgrTyWY,2020-06-06,2307.200714285714,7548.860586166382,5.75
Plant 2,rrq4fwE8jgrTyWY,2020-06-07,3004.6936904761906,6991.387296676636,3.75
Plant 2,rrq4fwE8jgrTyWY,2020-06-08,3445.389413919414,8046.771507263184,4.75
Plant 2,rrq4fwE8jgrTyWY,2020-06-09,3342.3985714285714,7195.718189239502,4.25
Plant 2,rrq4fwE8jgrTyWY,2020-06-10,2317.0008333333335,5782.966602325439,3.5
Plant 2,rrq4fwE8jgrTyWY,2020-06-11,3612.2930769230766,3938.2923622131348,0.25
Plant 2,rrq4fwE8jgrTyWY,2020-06-12,4407.793571428571,4573.959568023682,0.0
Plant 2,rrq4fwE8jgrTyWY,2020-06-13,6081.05869047619,6313.780376434326,0.25
Plant 2,rrq4fwE8jgrTyWY,2020-06-14,7224.138333333333,6593.069923400879,0.0
Plant 2,rrq4fwE8jgrTyWY,2020-06-15,3646.190238095238,5747.959959030151,2.0
Plant 2,rrq4fwE8jgrTyWY,2020-06-16,5121.767023809523,5270.5613803863525,0.25
Plant 2,rrq4fwE8jgrTyWY,2020-06-17,3833.9874999999997,4104.595355987549,0.0
Plant 2,vOuJvMaM2sgwLmb,2020-05-15,9523.690952380952,8978.769454956055,0.0
Plant 2,vOuJvMaM2sgwLmb,2020-05-16,4857.756428571429,7376.191577911377,2.5
Plant 2,vOuJvMaM2sgwLmb,2020-05-17,5304.49988095238,6798.238492965698,1.5
Plant 2,vOuJvMaM2sgwLmb,2020-05-18,5200.423452380953,6824.186058044434,2.0
Plant 2,vOuJvMaM2sgwLmb,2020-05-19,6649.415952380952,6028.5962772369385,0.0
Plant 2,vOuJvMaM2sgwLmb,2020-05-20,9346.975892857143,7098.642797470093,0.0
Plant 2,vOuJvMaM2sgwLmb,2020-05-21,9057.256547619047,8100.066289901733,0.0
Plant 2,vOuJvMaM2sgwLmb,2020-05-22,3150.2013095238094,8656.666957855225,5.25
Plant 2,vOuJvMaM2sgwLmb,2020-05-23,9466.310119047619,8702.935232162476,0.0
Plant 2,vOuJvMaM2sgwLmb,2020-05-24,3235.0754761904764,8355.119819641113,5.0
Plant 2,vOuJvMaM2sgwLmb,2020-05-25,8999.3675,8475.810983657837,0.0
Plant 2,vOuJvMaM2sgwLmb,2020-05-26,9250.272142857142,8754.347805023193,0.0
Plant 2,vOuJvMaM2sgwLmb,2020-05-27,2651.736785714286,8179.196603775024,5.75
Plant 2,vOuJvMaM2sgwLmb,2020-05-28,9091.145375457874,8466.090330123901,0.0
Plant 2,vOuJvMaM2sgwLmb,2020-05-29,4882.488917748918,7460.186973571777,2.75
Plant 2,vOuJvMaM2sgwLmb,2020-05-30,6540.830357142857,7687.524021148682,1.0
Plant 2,vOuJvMaM2sgwLmb,2020-05-31,6431.754761904762,6238.778936386108,0.0
Plant 2,vOuJvMaM2sgwLmb,2020-06-01,4104.712023809524,3987.776378631592,0.0
Plant 2,vOuJvMaM2sgwLmb,2020-06-02,3743.950595238095,6674.064373582602,3.5
Plant 2,vOuJvMaM2sgwLmb,2020-06-03,4863.595119047619,5184.156223297119,0.5
Plant 2,vOuJvMaM2sgwLmb,2020-06-04,6863.801309523809,6256.304937362671,0.0
Plant 2,vOuJvMaM2sgwLmb,2020-06-05,3378.258333333333,6826.985330581665,3.75
Plant 2,vOuJvMaM2sgwLmb,2020-06-06,8201.999047619047,7548.860586166382,0.25
Plant 2,vOuJvMaM2sgwLmb,2020-06-07,1865.4959523809523,6991.387296676636,6.0
Plant 2,vOuJvMaM2sgwLmb,2020-06-08,8991.316675824175,8046.771507263184,0.0
Plant 2,vOuJvMaM2sgwLmb,2020-06-09,7815.308571428572,7195.718189239502,0.0
Plant 2,vOuJvMaM2sgwLmb,2020-06-10,5367.582023809524,5782.966602325439,0.5
Plant 2,vOuJvMaM2sgwLmb,2020-06-11,3860.345228937729,3938.2923622131348,0.25
Plant 2,vOuJvMaM2sgwLmb,2020-06-12,4738.991904761905,4573.959568023682,0.0
Plant 2,vOuJvMaM2sgwLmb,2020-06-13,6363.354761904761,6313.780376434326,0.5
Plant 2,vOuJvMaM2sgwLmb,2020-06-14,7430.339642857143,6593.069923400879,0.0
Plant 2,vOuJvMaM2sgwLmb,2020-06-15,6243.716071428571,5747.959959030151,0.0
Plant 2,vOuJvMaM2sgwLmb,2020-06-16,5486.109404761904,5270.5613803863525,0.25
Plant 2,vOuJvMaM2sgwLmb,2020-06-17,4225.122380952381,4104.595355987549,0.0
Plant 2,xMbIugepa2P7lBB,2020-05-15,9407.485238095238,8978.769454956055,0.0
Plant 2,xMbIugepa2P7lBB,2020-05-16,7678.127976190476,7376.191577911377,0.0
Plant 2,xMbIugepa2P7lBB,2020-05-17,7043.3514377289375,6798.238492965698,0.0
Plant 2,xMbIugepa2P7lBB,2020-05-18,7647.198214285714,6824.186058044434,0.0
Plant 2,xMbIugepa2P7lBB,2020-05-19,6668.787619047619,6028.5962772369385,0.0
Plant 2,xMbIugepa2P7lBB,2020-05-20,2392.236369047619,2266.689167022705,0.0
Plant 2,xMbIugepa2P7lBB,2020-05-29,741.7738095238095,718.1907501220703,0.0
Plant 2,xMbIugepa2P7lBB,2020-05-30,8038.843095238095,7687.524021148682,0.0
Plant 2,xMbIugepa2P7lBB,2020-05-31,6461.914285714286,6238.778936386108,0.0
Plant 2,xMbIugepa2P7lBB,2020-06-01,4010.830833333333,3987.776378631592,0.0
Plant 2,xMbIugepa2P7lBB,2020-06-02,7114.697142857142,6674.064373582602,0.5
Plant 2,xMbIugepa2P7lBB,2020-06-03,5557.427261904762,5184.156223297119,0.0
Plant 2,xMbIugepa2P7lBB,2020-06-04,6835.200714285714,6256.304937362671,0.0
Plant 2,xMbIugepa2P7lBB,2020-06-05,7717.586071428572,6826.985330581665,0.0
Plant 2,xMbIugepa2P7lBB,2020-06-06,8108.462261904762,7548.860586166382,0.25
Plant 2,xMbIugepa2P7lBB,2020-06-07,7690.7375,6991.387296676636,0.0
Plant 2,xMbIugepa2P7lBB,2020-06-08,8970.792857142857,8046.771507263184,0.0
Plant 2,xMbIugepa2P7lBB,2020-06-09,7943.931785714285,7195.718189239502,0.0
Plant 2,xMbIugepa2P7lBB,2020-06-10,5522.65,5782.966602325439,0.5
Plant 2,xMbIugepa2P7lBB,2020-06-11,3820.602811355311,3938.2923622131348,0.25
Plant 2,xMbIugepa2P7lBB,2020-06-12,4676.505952380952,4573.959568023682,0.0
Plant 2,xMbIugepa2P7lBB,2020-06-13,2976.2082142857143,6313.780376434326,3.75
Plant 2,xMbIugepa2P7lBB,2020-06-14,7609.738571428572,6593.069923400879,0.0
Plant 2,xMbIugepa2P7lBB,2020-06-15,6173.398214285715,5747.959959030151,0.0
Plant 2,xMbIugepa2P7lBB,2020-06-16,5451.635119047619,5270.5613803863525,0.25
Plant 2,xMbIugepa2P7lBB,2020-06-17,4104.4117857142855,4104.595355987549,0.0
Plant 2,xoJJ8DcxJEcupym,2020-05-15,3057.491666666667,8978.769454956055,5.25
Plant 2,xoJJ8DcxJEcupym,2020-05-16,2945.5409523809526,7376.191577911377,3.5
Plant 2,xoJJ8DcxJEcupym,2020-05-17,6157.057738095238,6798.238492965698,0.25
Plant 2,xoJJ8DcxJEcupym,2020-05-18,4216.300238095238,6824.186058044434,2.25
Plant 2,xoJJ8DcxJEcupym,2020-05-19,6118.798928571428,6028.5962772369385,0.0
Plant 2,xoJJ8DcxJEcupym,2020-05-20,2587.698571428571,7098.642797470093,5.75
Plant 2,xoJJ8DcxJEcupym,2020-05-21,4466.224166666667,8100.066289901733,3.75
Plant 2,xoJJ8DcxJEcupym,2020-05-22,3905.049285714286,8656.666957855225,4.5
Plant 2,xoJJ8DcxJEcupym,2020-05-23,9353.690476190475,8702.935232162476,0.0
Plant 2,xoJJ8DcxJEcupym,2020-05-24,9041.812857142857,8355.119819641113,0.0
Plant 2,xoJJ8DcxJEcupym,2020-05-25,8791.475119047618,8475.810983657837,0.0
Plant 2,xoJJ8DcxJEcupym,2020-05-26,6191.945595238095,8754.347805023193,2.25
Plant 2,xoJJ8DcxJEcupym,2020-05-27,3293.2013095238094,8179.196603775024,5.0
Plant 2,xoJJ8DcxJEcupym,2020-05-28,8607.17761904762,8466.090330123901,0.0
Plant 2,xoJJ8DcxJEcupym,2020-05-29,5234.498507326007,7460.186973571777,2.25
Plant 2,xoJJ8DcxJEcupym,2020-05-30,5043.625238095238,7687.524021148682,2.0
Plant 2,xoJJ8DcxJEcupym,2020-05-31,6418.12,6238.778936386108,0.0
Plant 2,xoJJ8DcxJEcupym,2020-06-01,4046.3440476190476,3987.776378631592,0.0
Plant 2,xoJJ8DcxJEcupym,2020-06-02,5439.562619047619,6674.064373582602,2.0
Plant 2,xoJJ8DcxJEcupym,2020-06-03,3547.2321428571427,5184.156223297119,1.5
Plant 2,xoJJ8DcxJEcupym,2020-06-04,6106.823452380952,6256.304937362671,0.75
Plant 2,xoJJ8DcxJEcupym,2020-06-05,7352.804642857142,6826.985330581665,0.0
Plant 2,xoJJ8DcxJEcupym,2020-06-06,2305.179642857143,7548.860586166382,6.0
Plant 2,xoJJ8DcxJEcupym,2020-06-07,7650.922261904761,6991.387296676636,0.0
Plant 2,xoJJ8DcxJEcupym,2020-06-08,9040.121112637362,8046.771507263184,0.0
Plant 2,xoJJ8DcxJEcupym,2020-06-09,6978.0404761904765,7195.718189239502,1.0
Plant 2,xoJJ8DcxJEcupym,2020-06-10,3875.2538095238097,5782.966602325439,2.0
Plant 2,xoJJ8DcxJEcupym,2020-06-11,3905.841923076923,3938.2923622131348,0.25
Plant 2,xoJJ8DcxJEcupym,2020-06-12,4773.523571428571,4573.959568023682,0.0
Plant 2,xoJJ8DcxJEcupym,2020-06-13,6674.2169047619045,6313.780376434326,0.25
Plant 2,xoJJ8DcxJEcupym,2020-06-14,7487.668452380953,6593.069923400879,0.0
Plant 2,xoJJ8DcxJEcupym,2020-06-15,6225.619047619048,5747.959959030151,0.0
Plant 2,xoJJ8DcxJEcupym,2020-06-16,5426.314642857143,5270.5613803863525,0.25
Plant 2,xoJJ8DcxJEcupym,2020-06-17,4210.002142857143,4104.595355987549,0.0
