timestamp,power,wind_speed,wind_direction
2018-10-30 00:00:00,9.7469892501831,3.15712404251098,157.476699829101
2018-10-30 00:10:00,0.0,3.00987100601196,164.58349609375
2018-10-30 00:20:00,0.0,3.3764100074768,173.35659790039
2018-10-30 00:30:00,0.0,3.2631618976593,167.351806640625
2018-10-30 00:40:00,0.0,2.63445091247558,168.657302856445
2018-10-30 00:50:00,0.0,3.47554802894592,182.100692749023
2018-10-30 01:00:00,166.283401489257,4.43583583831787,173.611297607421
2018-10-30 01:10:00,237.946899414062,4.91257905960083,175.630706787109
2018-10-30 01:20:00,139.125396728515,4.39417123794555,179.198806762695
2018-10-30 01:30:00,198.389099121093,4.73016595840454,179.471893310546
2018-10-30 01:40:00,143.691604614257,4.6336760520935,179.568801879882
2018-10-30 01:50:00,214.494995117187,4.89266300201416,172.849792480468
2018-10-30 02:00:00,497.695190429687,6.01449298858642,174.177597045898
2018-10-30 02:10:00,576.752990722656,6.34055519104003,181.085998535156
2018-10-30 02:20:00,574.181274414062,6.22151613235473,183.851501464843
2018-10-30 02:30:00,460.729614257812,5.72309303283691,185.064407348632
2018-10-30 02:40:00,38.9586715698242,2.85283303260803,192.873001098632
2018-10-30 02:50:00,0.0,1.85289299488067,170.38589477539
2018-10-30 03:00:00,124.830200195312,4.72275400161743,180.307403564453
2018-10-30 03:10:00,434.900512695312,5.80213499069213,182.774093627929
2018-10-30 03:20:00,313.533599853515,5.18839120864868,182.240203857421
2018-10-30 03:30:00,178.868103027343,4.54847717285156,185.059204101562
2018-10-30 03:40:00,155.513595581054,4.42817401885986,182.81900024414
2018-10-30 03:50:00,377.958587646484,5.55047798156738,188.949996948242
2018-10-30 04:00:00,582.250671386718,6.21593713760375,196.640396118164
2018-10-30 04:10:00,647.894592285156,6.47160720825195,198.122894287109
2018-10-30 04:20:00,727.531494140625,6.80155277252197,201.480392456054
2018-10-30 04:30:00,1050.04797363281,7.95827913284301,206.266204833984
2018-10-30 04:40:00,949.809997558593,7.47713184356689,206.0
2018-10-30 04:50:00,1184.84204101562,8.19518566131591,210.886199951171
2018-10-30 05:00:00,951.5791015625,7.45497322082519,215.136001586914
2018-10-30 05:10:00,933.447021484375,7.4095549583435,212.447402954101
2018-10-30 05:20:00,781.428771972656,7.01189994812011,209.891693115234
2018-10-30 05:30:00,845.995422363281,7.22504091262817,210.132400512695
2018-10-30 05:40:00,906.898315429687,7.46537017822265,207.881698608398
2018-10-30 05:50:00,888.352416992187,7.41651201248168,207.53660583496
2018-10-30 06:00:00,720.168090820312,6.98880386352539,206.941101074218
2018-10-30 06:10:00,709.990905761718,7.04926300048828,205.62319946289
2018-10-30 06:20:00,781.515319824218,6.96364593505859,200.50959777832
2018-10-30 06:30:00,668.680480957031,6.74090480804443,198.501098632812
2018-10-30 06:40:00,375.510498046875,5.69266891479492,200.36929321289
2018-10-30 06:50:00,331.230712890625,5.28557395935058,198.839096069335
2018-10-30 07:00:00,337.920593261718,5.29007720947265,202.711395263671
2018-10-30 07:10:00,354.700012207031,5.38410091400146,205.134201049804
2018-10-30 07:20:00,295.401092529296,5.1631760597229,201.177505493164
2018-10-30 07:30:00,314.033996582031,5.21830177307128,199.681198120117
2018-10-30 07:40:00,388.197296142578,5.33067321777343,198.199600219726
2018-10-30 07:50:00,430.376586914062,5.58973407745361,196.728607177734
2018-10-30 08:00:00,503.377685546875,5.6761360168457,195.963500976562
2018-10-30 08:10:00,209.140304565429,4.25246286392211,198.625
2018-10-30 08:20:00,363.545501708984,5.20313215255737,195.642105102539
2018-10-30 08:30:00,126.737098693847,3.49581694602966,201.843994140625
2018-10-30 08:40:00,119.911796569824,4.00434923171997,205.007202148437
2018-10-30 08:50:00,130.917495727539,4.22012090682983,202.693603515625
2018-10-30 09:00:00,198.013000488281,4.40809488296508,203.205596923828
2018-10-30 09:10:00,103.210296630859,3.90834498405456,209.596298217773
2018-10-30 09:20:00,275.700988769531,4.87049388885498,205.747192382812
2018-10-30 09:30:00,336.813903808593,5.08534383773803,206.326797485351
2018-10-30 09:40:00,419.455291748046,5.61210823059082,211.527801513671
2018-10-30 09:50:00,451.183410644531,5.84290790557861,209.956405639648
2018-10-30 10:00:00,448.058898925781,5.84798002243041,209.169494628906
2018-10-30 10:10:00,393.018585205078,5.52515220642089,211.649307250976
2018-10-30 10:20:00,379.080505371093,5.51834487915039,210.087493896484
2018-10-30 10:30:00,440.651306152343,5.63713216781616,208.123306274414
2018-10-30 10:40:00,415.69189453125,5.52271699905395,211.58120727539
2018-10-30 10:50:00,141.004104614257,5.03793096542358,218.684204101562
2018-10-30 11:00:00,0.0,6.53500080108642,224.824905395507
2018-10-30 11:10:00,0.0,6.587492284320644,214.11895751953045
2018-10-30 11:20:00,0.0,6.639983767554868,203.41300964355395
2018-10-30 11:30:00,0.0,6.692475250789091,192.70706176757741
2018-10-30 11:40:00,0.0,6.744966734023315,182.00111389160088
2018-10-30 11:50:00,0.0,6.797458217257539,171.29516601562437
2018-10-30 12:00:00,0.0,6.849949700491763,160.58921813964787
2018-10-30 12:10:00,,,
2018-10-30 12:20:00,,,
2018-10-30 12:30:00,,,
2018-10-30 12:40:00,,,
2018-10-30 12:50:00,,,
2018-10-30 13:00:00,,,
2018-10-30 13:10:00,,,
2018-10-30 13:20:00,,,
2018-10-30 13:30:00,,,
2018-10-30 13:40:00,,,
2018-10-30 13:50:00,,,
2018-10-30 14:00:00,,,
2018-10-30 14:10:00,,,
2018-10-30 14:20:00,,,
2018-10-30 14:30:00,0.0,7.63732194900512,0.0
2018-10-30 14:40:00,0.0,8.95355319976806,221.386398315429
2018-10-30 14:50:00,102.02619934082,8.86304473876953,222.277297973632
2018-10-30 15:00:00,1937.3349609375,9.70132541656494,217.879104614257
2018-10-30 15:10:00,2379.53002929687,10.3776597976684,214.787002563476
2018-10-30 15:20:00,2473.77490234375,10.7081403732299,216.810501098632
2018-10-30 15:30:00,2699.9970703125,11.5614404678344,220.191299438476
2018-10-30 15:40:00,2788.88110351562,11.6613903045654,218.193405151367
2018-10-30 15:50:00,3006.67700195312,11.6540899276733,216.696792602539
2018-10-30 16:00:00,2939.3349609375,11.8846597671508,221.560592651367
2018-10-30 16:10:00,2794.962890625,11.4853601455688,221.248504638671
2018-10-30 16:20:00,2800.01708984375,11.3456201553344,221.431198120117
2018-10-30 16:30:00,2947.09790039062,11.7526903152465,220.775299072265
2018-10-30 16:40:00,3214.30810546875,12.346170425415,220.57730102539
2018-10-30 16:50:00,3248.28100585937,12.445870399475,220.255599975585
2018-10-30 17:00:00,3282.8798828125,12.5401601791381,219.981704711914
2018-10-30 17:10:00,3293.4169921875,12.6176595687866,217.026596069335
2018-10-30 17:20:00,3402.26904296875,12.8879899978637,214.192901611328
2018-10-30 17:30:00,3498.712890625,13.0472402572631,213.559600830078
2018-10-30 17:40:00,3591.84106445312,13.3658504486083,212.492401123046
2018-10-30 17:50:00,3505.18798828125,12.8908796310424,211.392105102539
2018-10-30 18:00:00,3488.2490234375,12.8995599746704,211.161407470703
2018-10-30 18:10:00,3387.93408203125,12.7407503128051,211.333999633789
2018-10-30 18:20:00,3279.82495117187,12.5128002166748,209.641494750976
2018-10-30 18:30:00,3258.12890625,12.1986598968505,209.106399536132
2018-10-30 18:40:00,3212.087890625,12.2201499938964,210.818298339843
2018-10-30 18:50:00,3369.3330078125,12.6562204360961,213.210800170898
2018-10-30 19:00:00,3193.580078125,12.1077995300292,210.736892700195
2018-10-30 19:10:00,3061.06494140625,11.8539104461669,207.82029724121
2018-10-30 19:20:00,3025.01196289062,11.8615398406982,211.029006958007
2018-10-30 19:30:00,3021.47094726562,11.4358596801757,211.265594482421
2018-10-30 19:40:00,3085.99194335937,11.604169845581,210.026306152343
2018-10-30 19:50:00,3088.462890625,11.4884700775146,209.735000610351
2018-10-30 20:00:00,3156.044921875,11.7255697250366,212.342803955078
2018-10-30 20:10:00,3085.455078125,11.7707996368408,212.621002197265
2018-10-30 20:20:00,2923.662109375,11.1136598587036,210.101806640625
2018-10-30 20:30:00,2847.037109375,10.9863004684448,210.76089477539
2018-10-30 20:40:00,2629.26489257812,11.081259727478,215.040100097656
2018-10-30 20:50:00,2675.40087890625,11.0020303726196,213.052993774414
2018-10-30 21:00:00,2837.60595703125,11.1728296279907,210.888198852539
2018-10-30 21:10:00,2958.94091796875,11.6713495254516,211.302093505859
2018-10-30 21:20:00,3008.10400390625,11.6634902954101,209.888000488281
2018-10-30 21:30:00,3141.30200195312,11.8787899017333,207.602493286132
2018-10-30 21:40:00,2865.47705078125,11.3690299987792,207.419296264648
2018-10-30 21:50:00,2873.99609375,11.6043996810913,208.263793945312
2018-10-30 22:00:00,2652.76000976562,11.2647304534912,205.744506835937
2018-10-30 22:10:00,2765.31201171875,11.4511804580688,203.626098632812
2018-10-30 22:20:00,2938.17993164062,11.5248003005981,202.310302734375
2018-10-30 22:30:00,2969.498046875,11.6187696456909,202.294601440429
2018-10-30 22:40:00,2916.3720703125,11.5149202346801,203.574996948242
2018-10-30 22:50:00,3067.00610351562,11.8788404464721,205.561904907226
2018-10-30 23:00:00,3043.05200195312,12.0886402130126,206.717300415039
2018-10-30 23:10:00,3219.17309570312,12.0260000228881,209.976593017578
2018-10-30 23:20:00,3113.14990234375,11.6075601577758,209.896102905273
2018-10-30 23:30:00,2808.98388671875,11.2471799850463,206.636505126953
2018-10-30 23:40:00,2713.34204101562,10.8113098144531,207.05110168457
2018-10-30 23:50:00,2876.13403320312,11.5724802017211,208.954895019531
2018-10-31 00:00:00,2527.5458984375,10.8558597564697,204.863906860351
2018-10-31 00:10:00,2095.0859375,9.67623138427734,206.583801269531
2018-10-31 00:20:00,1845.05297851562,9.27589702606201,205.646301269531
2018-10-31 00:30:00,1751.5,9.16217994689941,201.75830078125
2018-10-31 00:40:00,1691.666015625,8.92240715026855,204.158996582031
2018-10-31 00:50:00,1880.373046875,9.26389598846435,206.561706542968
2018-10-31 01:00:00,1992.01293945312,9.52019023895263,205.76480102539
2018-10-31 01:10:00,2240.89892578125,10.1537599563598,202.295593261718
2018-10-31 01:20:00,2131.9560546875,10.0649003982543,198.528396606445
2018-10-31 01:30:00,2067.31909179687,9.80326271057128,193.86929321289
2018-10-31 01:40:00,2188.5029296875,9.93832111358642,195.653900146484
2018-10-31 01:50:00,1960.22802734375,9.45648860931396,197.837905883789
2018-10-31 02:00:00,1382.72204589843,8.27823162078857,199.183303833007
2018-10-31 02:10:00,1115.59204101562,7.72558498382568,199.735702514648
2018-10-31 02:20:00,837.402770996093,7.00518083572387,199.937805175781
2018-10-31 02:30:00,728.05029296875,6.75269794464111,201.55239868164
2018-10-31 02:40:00,663.202026367187,6.35896205902099,202.910995483398
2018-10-31 02:50:00,1058.97998046875,7.67467594146728,208.058898925781
2018-10-31 03:00:00,1646.58801269531,9.08384799957275,208.621002197265
2018-10-31 03:10:00,1631.31701660156,9.3813133239746,205.926193237304
2018-10-31 03:20:00,1110.41394042968,7.71429300308227,203.785095214843
2018-10-31 03:30:00,707.048828125,6.56259107589721,204.612197875976
2018-10-31 03:40:00,668.999328613281,6.55944919586181,205.365005493164
2018-10-31 03:50:00,432.697509765625,5.84249782562255,203.524093627929
2018-10-31 04:00:00,661.583190917968,6.52390098571777,201.736404418945
2018-10-31 04:10:00,887.813171386718,6.94900178909301,203.947998046875
2018-10-31 04:20:00,945.849792480468,7.24362277984619,205.784805297851
2018-10-31 04:30:00,1044.166015625,7.43390083312988,203.130996704101
2018-10-31 04:40:00,1060.48303222656,7.40244483947753,204.150894165039
2018-10-31 04:50:00,1222.84594726562,7.9608941078186,207.299896240234
2018-10-31 05:00:00,1074.48999023437,7.64639520645141,212.733901977539
2018-10-31 05:10:00,1051.31298828125,7.59520006179809,212.462493896484
2018-10-31 05:20:00,1185.708984375,7.79068708419799,218.858001708984
2018-10-31 05:30:00,1046.26599121093,7.41541099548339,223.133895874023
2018-10-31 05:40:00,724.559814453125,6.74746704101562,221.334701538085
2018-10-31 05:50:00,515.360778808593,5.95439195632934,227.03269958496
2018-10-31 06:00:00,698.387329101562,6.83266401290893,223.184005737304
2018-10-31 06:10:00,702.654418945312,6.84655809402465,226.536895751953
2018-10-31 06:20:00,597.668395996093,6.31060600280761,228.370407104492
2018-10-31 06:30:00,374.502410888671,5.59790277481079,221.842803955078
2018-10-31 06:40:00,522.778503417968,6.28658580780029,211.222198486328
2018-10-31 06:50:00,501.519104003906,6.11637496948242,220.434600830078
2018-10-31 07:00:00,292.672088623046,5.15981101989746,230.237106323242
2018-10-31 07:10:00,119.255897521972,4.21396398544311,231.442398071289
2018-10-31 07:20:00,3.89259099960327,2.85951805114746,251.198593139648
2018-10-31 07:30:00,0.0,2.60492992401123,246.046295166015
2018-10-31 07:40:00,0.0,2.05386400222778,233.78660583496
2018-10-31 07:50:00,0.0,2.29444289207458,208.552200317382
2018-10-31 08:00:00,0.0,2.18389511108398,210.367004394531
2018-10-31 08:10:00,0.0,2.46749997138977,224.853897094726
2018-10-31 08:20:00,0.0,2.03283190727233,230.85220336914
2018-10-31 08:30:00,0.0,1.52680301666259,241.36799621582
2018-10-31 08:40:00,0.0,1.82902896404266,258.579315185546
2018-10-31 08:50:00,0.0,1.4975049495697,241.072601318359
2018-10-31 09:00:00,0.0,1.76021599769592,221.45849609375
2018-10-31 09:10:00,0.0,1.54236805438995,228.794006347656
2018-10-31 09:20:00,0.0,1.66172099113464,277.893890380859
2018-10-31 09:30:00,0.0,1.43692398071289,261.253387451171
2018-10-31 09:40:00,0.0,1.15605497360229,229.443206787109
2018-10-31 09:50:00,0.0,1.6793839931488,232.22720336914
2018-10-31 10:00:00,0.0,1.04512095451354,248.695999145507
2018-10-31 10:10:00,0.0,0.762840270996093,357.177185058593
2018-10-31 10:20:00,0.0,1.49270403385162,258.014495849609
2018-10-31 10:30:00,0.0,1.92429101467132,251.809295654296
2018-10-31 10:40:00,0.0,1.75761103630065,239.162292480468
2018-10-31 10:50:00,0.0,1.20136797428131,243.731094360351
2018-10-31 11:00:00,0.0,1.58485305309295,241.782592773437
2018-10-31 11:10:00,0.0,1.36545300483703,254.485305786132
2018-10-31 11:20:00,0.0,1.3062310218811,245.059204101562
2018-10-31 11:30:00,0.0,0.799649119377136,262.468994140625
2018-10-31 11:40:00,0.0,0.824533820152282,244.585800170898
2018-10-31 11:50:00,0.0,1.18865203857421,260.202209472656
2018-10-31 12:00:00,0.0,0.676877915859222,262.391693115234
2018-10-31 12:10:00,0.0,1.08737802505493,209.113494873046
2018-10-31 12:20:00,0.0,1.72356498241424,215.309600830078
2018-10-31 12:30:00,0.0,1.39975702762603,225.479202270507
2018-10-31 12:40:00,0.0,1.17741894721984,274.426300048828
2018-10-31 12:50:00,0.0,0.679503083229064,280.929412841796
2018-10-31 13:00:00,0.0,0.704075396060943,122.047798156738
2018-10-31 13:10:00,0.0,1.16581201553344,214.613906860351
2018-10-31 13:20:00,0.0,1.56310200691223,200.45849609375
2018-10-31 13:30:00,0.0,2.46618199348449,193.54539489746
2018-10-31 13:40:00,0.0,2.31390404701232,215.959197998046
2018-10-31 13:50:00,0.0,1.82772004604339,229.453201293945
2018-10-31 14:00:00,0.0,1.63440299034118,231.820404052734
2018-10-31 14:10:00,0.0,2.2103099822998,264.308013916015
2018-10-31 14:20:00,0.0,2.24885606765747,262.134613037109
2018-10-31 14:30:00,0.0,1.9934309720993,276.684112548828
2018-10-31 14:40:00,0.0,1.62006294727325,307.069396972656
2018-10-31 14:50:00,0.0,1.47150099277496,262.236511230468
2018-10-31 15:00:00,0.0,0.997080087661743,238.475494384765
2018-10-31 15:10:00,0.0,0.908211886882781,256.139709472656
2018-10-31 15:20:00,0.0,0.875833570957183,319.853912353515
2018-10-31 15:30:00,0.0,1.07537305355072,334.82958984375
2018-10-31 15:40:00,0.0,1.366553008556365,167.41479492187503
2018-10-31 15:50:00,0.0,1.65773296356201,0.0
2018-10-31 16:00:00,0.0,1.99483203887939,341.851806640625
2018-10-31 16:10:00,0.0,1.61060297489166,338.459014892578
2018-10-31 16:20:00,0.0,1.72799003124237,340.636688232421
2018-10-31 16:30:00,0.0,2.08052396774291,347.808502197265
2018-10-31 16:40:00,0.0,1.65498602390289,355.010986328125
2018-10-31 16:50:00,0.0,1.50502598285675,33.7746505737304
2018-10-31 17:00:00,0.0,2.27375888824462,48.7869300842285
2018-10-31 17:10:00,0.0,2.67474508285522,53.1616516113281
2018-10-31 17:20:00,0.0,3.11628293991088,47.0289192199707
2018-10-31 17:30:00,0.0,2.21971011161804,35.2924995422363
2018-10-31 17:40:00,0.0,2.51898598670959,46.5847091674804
2018-10-31 17:50:00,0.0,2.69448900222778,33.3501510620117
2018-10-31 18:00:00,0.0,2.96101903915405,48.4048995971679
2018-10-31 18:10:00,0.0,3.46765089035034,51.7911987304687
2018-10-31 18:20:00,0.0,3.04704189300537,45.4923095703125
2018-10-31 18:30:00,0.0,2.3141610622406,28.9297409057617
2018-10-31 18:40:00,0.0,2.00916290283203,345.257110595703
2018-10-31 18:50:00,0.0,1.69572103023529,1.98442494869232
2018-10-31 19:00:00,0.0,2.19573807716369,352.120086669921
2018-10-31 19:10:00,0.0,3.26266002655029,333.460388183593
2018-10-31 19:20:00,0.0,2.74607396125793,296.535491943359
2018-10-31 19:30:00,0.0,2.80474209785461,316.246887207031
2018-10-31 19:40:00,0.0,2.75863909721374,343.770294189453
2018-10-31 19:50:00,0.0,2.58765292167663,0.823043227195739
2018-10-31 20:00:00,0.0,2.26598191261291,357.397705078125
2018-10-31 20:10:00,0.0,2.45423293113708,353.203094482421
2018-10-31 20:20:00,0.0,2.18134188652038,356.826202392578
2018-10-31 20:30:00,0.0,1.98146998882293,20.3201904296875
2018-10-31 20:40:00,0.0,1.93771505355834,24.9267902374267
2018-10-31 20:50:00,0.0,1.76887094974517,46.8895301818847
2018-10-31 21:00:00,0.0,1.7658120393753,36.308250427246
2018-10-31 21:10:00,0.0,2.097580909729,39.9012184143066
2018-10-31 21:20:00,0.0,1.9434939622879,25.7209606170654
2018-10-31 21:30:00,0.0,2.06519508361816,39.8359718322753
2018-10-31 21:40:00,0.0,2.48103189468383,55.5833511352539
2018-10-31 21:50:00,0.0,3.12817001342773,64.6487121582031
2018-10-31 22:00:00,0.0,2.6728880405426,58.0235404968261
2018-10-31 22:10:00,0.0,2.35547089576721,52.4530181884765
2018-10-31 22:20:00,0.0,2.47722911834716,72.6001281738281
2018-10-31 22:30:00,0.0,2.87269711494445,70.5697402954101
2018-10-31 22:40:00,0.0,2.96116995811462,65.0325698852539
2018-10-31 22:50:00,0.0,2.8438229560852,55.2495193481445
2018-10-31 23:00:00,0.0,3.19086194038391,46.1956100463867
2018-10-31 23:10:00,0.0,3.2373719215393,41.421100616455
2018-10-31 23:20:00,0.0,2.36492395401,41.6948509216308
2018-10-31 23:30:00,0.0,2.14747595787048,40.1053886413574
2018-10-31 23:40:00,0.0,2.45386099815368,52.0436210632324
2018-10-31 23:50:00,0.0,3.31937909126281,73.506607055664
2018-11-01 00:00:00,0.0,3.35446810722351,70.8556594848632
2018-11-01 00:10:00,0.0,3.35094594955444,64.0663528442382
2018-11-01 00:20:00,58.1711196899414,4.11575508117675,62.4704704284667
2018-11-01 00:30:00,78.0556869506835,4.06750917434692,57.3838195800781
2018-11-01 00:40:00,83.6022109985351,4.15782308578491,47.6802902221679
2018-11-01 00:50:00,99.3358535766601,4.25197410583496,47.4496917724609
2018-11-01 01:00:00,106.310203552246,4.21620178222656,47.0861282348632
2018-11-01 01:10:00,127.324096679687,4.44193601608276,47.5583190917968
2018-11-01 01:20:00,137.543106079101,4.52264308929443,45.3829689025878
2018-11-01 01:30:00,135.662200927734,4.43426895141601,51.0288009643554
2018-11-01 01:40:00,172.354507446289,4.75026178359985,54.5558815002441
2018-11-01 01:50:00,184.984405517578,4.83340406417846,54.922679901123
2018-11-01 02:00:00,261.932708740234,5.38550281524658,54.0072593688964
2018-11-01 02:10:00,348.326599121093,5.74145889282226,55.4139289855957
2018-11-01 02:20:00,422.785614013671,6.01945781707763,57.6800918579101
2018-11-01 02:30:00,428.73291015625,5.98085498809814,60.3858108520507
2018-11-01 02:40:00,570.809875488281,6.36931896209716,60.9115715026855
2018-11-01 02:50:00,519.081787109375,6.00052022933959,65.9844970703125
2018-11-01 03:00:00,496.403503417968,5.94570398330688,65.8462219238281
2018-11-01 03:10:00,496.429809570312,6.21441602706909,70.2602996826171
2018-11-01 03:20:00,442.47720336914,6.02531385421752,66.3231964111328
2018-11-01 03:30:00,458.96060180664,6.20394897460937,54.7142791748046
2018-11-01 03:40:00,399.528411865234,5.8318428993225,54.124698638916
2018-11-01 03:50:00,555.413513183593,6.46016979217529,55.4680595397949
2018-11-01 04:00:00,480.634887695312,6.15491199493408,56.9184989929199
2018-11-01 04:10:00,520.861083984375,6.2975959777832,57.4939498901367
2018-11-01 04:20:00,531.137512207031,6.29812717437744,62.2647514343261
2018-11-01 04:30:00,582.8076171875,6.4780478477478,64.5937728881835
2018-11-01 04:40:00,651.258422851562,6.67334079742431,63.6730308532714
2018-11-01 04:50:00,591.098022460937,6.43297100067138,67.1390533447265
2018-11-01 05:00:00,572.049621582031,6.17622804641723,68.0137634277343
2018-11-01 05:10:00,467.939086914062,5.96068000793457,66.1061096191406
2018-11-01 05:20:00,460.465789794921,5.86353302001953,64.9291229248046
2018-11-01 05:30:00,426.641693115234,5.77811908721923,61.9902000427246
2018-11-01 05:40:00,440.991302490234,5.53654384613037,61.7115898132324
2018-11-01 05:50:00,549.781311035156,6.04839420318603,69.7287979125976
2018-11-01 06:00:00,457.978302001953,5.89843797683715,65.9307022094726
2018-11-01 06:10:00,384.822998046875,5.57512807846069,67.7927169799804
2018-11-01 06:20:00,443.538208007812,5.85568904876708,68.7840270996093
2018-11-01 06:30:00,682.726379394531,6.78391122817993,67.9343338012695
2018-11-01 06:40:00,982.254516601562,7.30878686904907,68.0194473266601
2018-11-01 06:50:00,1008.16302490234,7.48524379730224,73.5147018432617
2018-11-01 07:00:00,971.019775390625,7.58676290512084,75.7331466674804
2018-11-01 07:10:00,826.291625976562,7.05373907089233,74.2848968505859
2018-11-01 07:20:00,689.65380859375,6.52794218063354,68.44970703125
2018-11-01 07:30:00,791.715881347656,7.05169677734375,60.7342185974121
2018-11-01 07:40:00,889.494873046875,7.26049613952636,70.8162536621093
2018-11-01 07:50:00,939.68359375,7.30731916427612,75.0800704956054
2018-11-01 08:00:00,1042.64697265625,7.95468187332153,77.4020919799804
2018-11-01 08:10:00,1009.09100341796,8.03065013885498,76.943748474121
2018-11-01 08:20:00,708.911804199218,6.83148908615112,78.4731063842773
2018-11-01 08:30:00,643.873413085937,6.4324312210083,78.3349533081054
2018-11-01 08:40:00,688.010314941406,6.76600503921508,72.8735580444335
2018-11-01 08:50:00,188.679992675781,4.55684995651245,60.6199188232421
2018-11-01 09:00:00,408.576293945312,5.4738450050354,67.9627838134765
2018-11-01 09:10:00,645.534973144531,6.40981197357177,73.2885437011718
2018-11-01 09:20:00,674.809875488281,6.81487894058227,75.6581268310546
2018-11-01 09:30:00,741.328186035156,7.15220117568969,75.9001388549804
2018-11-01 09:40:00,846.826782226562,7.5481219291687,75.3714294433593
2018-11-01 09:50:00,800.429016113281,7.41772985458374,75.3763122558593
2018-11-01 10:00:00,731.905578613281,7.08154678344726,76.1296768188476
2018-11-01 10:10:00,701.135070800781,7.08226919174194,74.6211471557617
2018-11-01 10:20:00,732.4453125,7.12928485870361,75.6544723510742
2018-11-01 10:30:00,854.969787597656,7.59519481658935,75.5683135986328
2018-11-01 10:40:00,938.367370605468,7.84464788436889,76.0008163452148
2018-11-01 10:50:00,972.4833984375,7.5284309387207,71.9572372436523
2018-11-01 11:00:00,582.471130371093,6.40248298645019,72.8191604614257
2018-11-01 11:10:00,472.286712646484,5.89987802505493,73.4261474609375
2018-11-01 11:20:00,617.473571777343,6.45684194564819,73.7007064819335
2018-11-01 11:30:00,668.789978027343,6.62747287750244,72.7823028564453
2018-11-01 11:40:00,774.083312988281,6.93768596649169,74.7477416992187
2018-11-01 11:50:00,807.404479980468,6.98338794708251,72.8522720336914
2018-11-01 12:00:00,1259.04797363281,8.30353069305419,77.0312576293945
2018-11-01 12:10:00,1311.583984375,8.66211891174316,77.2403335571289
2018-11-01 12:20:00,1127.59997558593,8.35168552398681,78.4474334716796
2018-11-01 12:30:00,1223.68103027343,8.39214420318603,77.893310546875
2018-11-01 12:40:00,1475.4189453125,8.78674411773681,77.5886764526367
2018-11-01 12:50:00,1648.31298828125,9.24070167541503,76.5871810913085
2018-11-01 13:00:00,1398.44995117187,8.48295211791992,71.3110427856445
2018-11-01 13:10:00,1227.03698730468,7.95477676391601,68.8362426757812
2018-11-01 13:20:00,1073.42199707031,7.58993577957153,65.3199996948242
2018-11-01 13:30:00,1024.25903320312,7.50065422058105,65.8379364013671
2018-11-01 13:40:00,1548.53894042968,8.60951900482177,70.0447235107421
2018-11-01 13:50:00,2014.85900878906,9.97201824188232,73.1922302246093
2018-11-01 14:00:00,2290.13500976562,9.98186492919921,75.2782669067382
2018-11-01 14:10:00,2059.09008789062,9.87402439117431,77.0866165161132
2018-11-01 14:20:00,1920.34301757812,9.5846357345581,75.9786987304687
2018-11-01 14:30:00,2037.4990234375,9.8536958694458,75.458152770996
2018-11-01 14:40:00,2245.95703125,10.5537700653076,77.1361923217773
2018-11-01 14:50:00,2239.88305664062,10.2292098999023,74.5183029174804
2018-11-01 15:00:00,2498.5400390625,10.7489900588989,65.4205322265625
2018-11-01 15:10:00,2578.88598632812,11.0826396942138,60.5994110107421
2018-11-01 15:20:00,2536.73608398437,11.4114799499511,65.5700531005859
2018-11-01 15:30:00,2764.26293945312,11.0335102081298,66.0330200195312
2018-11-01 15:40:00,2978.80102539062,11.7905397415161,69.9663467407226
2018-11-01 15:50:00,2957.64599609375,11.591679573059,70.5447692871093
2018-11-01 16:00:00,3029.17407226562,11.3758602142333,69.1406936645507
2018-11-01 16:10:00,3282.14111328125,11.813570022583,68.7411804199218
2018-11-01 16:20:00,3290.86596679687,12.0521202087402,69.6427764892578
2018-11-01 16:30:00,3260.77099609375,12.0538396835327,71.5897369384765
2018-11-01 16:40:00,3285.587890625,12.0773496627807,71.208396911621
2018-11-01 16:50:00,3348.17309570312,12.10910987854,69.3600692749023
2018-11-01 17:00:00,3333.32690429687,12.1725902557373,71.4277877807617
2018-11-01 17:10:00,3151.44799804687,12.2461204528808,74.1397323608398
2018-11-01 17:20:00,2889.35888671875,11.4908304214477,73.3068771362304
2018-11-01 17:30:00,2798.15991210937,11.3310403823852,72.1375198364257
2018-11-01 17:40:00,2613.44091796875,11.0352697372436,72.2084579467773
2018-11-01 17:50:00,2747.623046875,11.1644897460937,71.3611297607421
2018-11-01 18:00:00,2771.55395507812,11.2305698394775,72.2603073120117
2018-11-01 18:10:00,2769.29711914062,11.2293300628662,72.11279296875
2018-11-01 18:20:00,2576.62109375,10.7410898208618,70.7524108886718
2018-11-01 18:30:00,2593.70092773437,10.6618404388427,70.2477416992187
2018-11-01 18:40:00,2475.11303710937,10.4777202606201,72.1600112915039
2018-11-01 18:50:00,2462.9150390625,10.6191396713256,72.7998275756835
2018-11-01 19:00:00,2419.09008789062,10.3991498947143,67.0973968505859
2018-11-01 19:10:00,2330.6240234375,10.128529548645,70.4928512573242
2018-11-01 19:20:00,2169.69409179687,9.90175819396972,72.9380111694335
2018-11-01 19:30:00,1804.82702636718,9.17066860198974,72.227912902832
2018-11-01 19:40:00,1618.32104492187,8.81825733184814,72.0021667480468
2018-11-01 19:50:00,1191.44604492187,7.92112684249877,73.6746368408203
2018-11-01 20:00:00,597.463073730468,6.43723678588867,75.2572784423828
2018-11-01 20:10:00,413.57730102539,5.53077507019042,77.6283264160156
2018-11-01 20:20:00,82.9283905029296,3.35834598541259,89.1774368286132
2018-11-01 20:30:00,56.268211364746,2.95219707489013,84.8003921508789
2018-11-01 20:40:00,45.5368003845214,3.12268304824829,93.503318786621
2018-11-01 20:50:00,126.392402648925,3.58585500717163,86.302879333496
2018-11-01 21:00:00,185.196395874023,4.28145694732666,77.4658126831054
2018-11-01 21:10:00,180.13279724121,4.0813341140747,75.7226333618164
2018-11-01 21:20:00,170.552795410156,4.50294303894042,75.1739425659179
2018-11-01 21:30:00,115.107902526855,3.84348106384277,83.6558532714843
2018-11-01 21:40:00,218.981903076171,5.02495384216308,75.2425918579101
2018-11-01 21:50:00,117.997100830078,4.33641195297241,76.4824295043945
2018-11-01 22:00:00,20.9167594909667,2.84453010559082,96.4737472534179
2018-11-01 22:10:00,9.32132816314697,2.84609389305114,106.299400329589
2018-11-01 22:20:00,0.0,2.28589105606079,92.2167587280273
2018-11-01 22:30:00,21.5945205688476,3.86332988739013,78.656150817871
2018-11-01 22:40:00,33.2938385009765,3.13041996955871,84.9448623657226
2018-11-01 22:50:00,0.0,2.06926202774047,87.1865768432617
2018-11-01 23:00:00,0.0,2.84780406951904,89.0814666748046
2018-11-01 23:10:00,0.0,2.09631609916687,95.5279998779296
2018-11-01 23:20:00,0.0,1.98469901084899,96.1033401489257
2018-11-01 23:30:00,27.6022090911865,3.57929897308349,74.9418411254882
2018-11-01 23:40:00,94.0514068603515,4.14794111251831,69.0519866943359
2018-11-01 23:50:00,241.783294677734,5.2753620147705,68.1406478881835
2018-11-02 00:00:00,331.081909179687,5.41967582702636,71.9121017456054
2018-11-02 00:10:00,318.251312255859,5.45646715164184,70.5428009033203
2018-11-02 00:20:00,349.142700195312,5.74077987670898,73.9336624145507
2018-11-02 00:30:00,496.561706542968,6.21220397949218,72.6775436401367
2018-11-02 00:40:00,394.719299316406,5.86865711212158,78.1953201293945
2018-11-02 00:50:00,357.889495849609,5.69724321365356,77.340476989746
2018-11-02 01:00:00,318.586791992187,5.30539178848266,76.286376953125
2018-11-02 01:10:00,253.852798461914,5.04402303695678,66.1922073364257
2018-11-02 01:20:00,475.744110107421,6.09329509735107,68.4119567871093
2018-11-02 01:30:00,613.969482421875,6.4386920928955,75.0625
2018-11-02 01:40:00,457.723205566406,6.13695001602172,75.4045715332031
2018-11-02 01:50:00,577.73828125,6.29645109176635,74.7837982177734
2018-11-02 02:00:00,932.458312988281,7.2793869972229,75.297492980957
2018-11-02 02:10:00,1001.05798339843,7.49846601486206,73.3623428344726
2018-11-02 02:20:00,939.389099121093,7.20001411437988,67.697036743164
2018-11-02 02:30:00,909.655517578125,7.27009916305541,68.2277679443359
2018-11-02 02:40:00,883.164611816406,7.25742197036743,64.0641326904296
2018-11-02 02:50:00,674.468383789062,6.63466215133666,58.7103118896484
2018-11-02 03:00:00,727.609802246093,6.94759702682495,58.6924018859863
2018-11-02 03:10:00,948.603515625,7.31829977035522,59.8163299560546
2018-11-02 03:20:00,1274.44201660156,8.29928493499755,65.1149826049804
2018-11-02 03:30:00,1576.73999023437,8.71704769134521,66.961326599121
2018-11-02 03:40:00,1620.33801269531,8.86472988128662,68.1779632568359
2018-11-02 03:50:00,1567.36804199218,8.82058906555175,69.1632537841796
2018-11-02 04:00:00,1593.26000976562,8.71619224548339,75.8576583862304
2018-11-02 04:10:00,1234.99194335937,8.19220733642578,79.4425964355468
2018-11-02 04:20:00,1053.13195800781,7.80683279037475,79.5580825805664
2018-11-02 04:30:00,1035.84899902343,7.77335596084594,78.141258239746
2018-11-02 04:40:00,975.186401367187,7.48695611953735,77.3422927856445
2018-11-02 04:50:00,1367.68298339843,8.37033653259277,76.3156814575195
2018-11-02 05:00:00,1707.96594238281,9.06252002716064,75.3734436035156
2018-11-02 05:10:00,1882.11999511718,9.10896778106689,76.7607269287109
2018-11-02 05:20:00,1776.11206054687,9.07423591613769,77.1107788085937
2018-11-02 05:30:00,1814.83898925781,9.22959041595458,76.3480911254882
2018-11-02 05:40:00,2000.3349609375,9.91597270965576,78.5263595581054
2018-11-02 05:50:00,1817.33898925781,9.57574272155761,77.4219665527343
2018-11-02 06:00:00,1736.85900878906,9.54113674163818,79.1031036376953
2018-11-02 06:10:00,1498.38598632812,8.72604179382324,78.235107421875
2018-11-02 06:20:00,1282.26293945312,8.37604331970214,78.1776123046875
2018-11-02 06:30:00,484.404510498046,5.36666917800903,80.2039413452148
2018-11-02 06:40:00,35.0787506103515,3.07066392898559,79.4932022094726
2018-11-02 06:50:00,311.186798095703,4.71546602249145,76.7440032958984
2018-11-02 07:00:00,609.337219238281,5.22933721542358,74.3567123413085
2018-11-02 07:10:00,740.878723144531,5.52407503128051,80.0211715698242
2018-11-02 07:20:00,1010.34997558593,6.38943099975585,78.3804168701171
2018-11-02 07:30:00,878.904174804687,6.4871768951416,78.7469787597656
2018-11-02 07:40:00,492.14859008789,4.88030910491943,84.0318603515625
2018-11-02 07:50:00,565.402282714843,4.97347211837768,85.7754516601562
2018-11-02 08:00:00,356.879608154296,4.49928283691406,91.1462631225585
2018-11-02 08:10:00,479.12710571289,4.92463016510009,86.8751602172851
2018-11-02 08:20:00,623.891479492187,5.5312008857727,86.1991500854492
2018-11-02 08:30:00,755.596130371093,5.96777009963989,87.9328002929687
2018-11-02 08:40:00,858.558471679687,6.42169618606567,83.8138580322265
2018-11-02 08:50:00,1200.64794921875,7.36120700836181,79.9104537963867
2018-11-02 09:00:00,944.16162109375,6.80857276916503,75.1809616088867
2018-11-02 09:10:00,1054.15197753906,7.24074506759643,76.0917510986328
2018-11-02 09:20:00,942.49462890625,6.53276109695434,74.7105865478515
2018-11-02 09:30:00,1602.4599609375,9.23200702667236,77.6968078613281
2018-11-02 09:40:00,2196.36596679687,10.7374696731567,77.2790298461914
2018-11-02 09:50:00,1924.47900390625,10.4901800155639,78.4015579223632
2018-11-02 10:00:00,2076.63500976562,10.8431797027587,78.5737533569335
2018-11-02 10:10:00,1687.42895507812,9.70894145965576,77.3415603637695
2018-11-02 10:20:00,1608.46594238281,9.20830154418945,77.7703781127929
2018-11-02 10:30:00,2074.84497070312,10.6382398605346,78.1117630004882
2018-11-02 10:40:00,2084.34497070312,10.4105596542358,78.7399673461914
2018-11-02 10:50:00,1873.66101074218,9.84367847442626,78.4671936035156
2018-11-02 11:00:00,1893.46997070312,9.68997859954833,75.8944931030273
2018-11-02 11:10:00,1868.02502441406,9.77978897094726,76.1425170898437
2018-11-02 11:20:00,2381.1240234375,10.8347797393798,76.3666534423828
2018-11-02 11:30:00,2447.43188476562,11.1854000091552,75.1300735473632
2018-11-02 11:40:00,1931.31896972656,9.24798870086669,78.6909790039062
2018-11-02 11:50:00,1650.43395996093,9.04099941253662,77.060791015625
2018-11-02 12:00:00,2494.13305664062,11.1820096969604,76.0375671386718
2018-11-02 12:10:00,2293.17504882812,10.6529998779296,78.7831192016601
2018-11-02 12:20:00,3004.376953125,12.7000198364257,75.055809020996
2018-11-02 12:30:00,3548.625,13.8138303756713,69.822883605957
2018-11-02 12:40:00,3592.10205078125,14.0638103485107,71.8480834960937
2018-11-02 12:50:00,3588.67700195312,14.6958799362182,72.6355285644531
2018-11-02 13:00:00,3600.72607421875,14.4035501480102,71.9773483276367
2018-11-02 13:10:00,3603.53588867187,14.1668395996093,67.8806610107421
2018-11-02 13:20:00,3599.47412109375,13.840160369873,67.7609176635742
2018-11-02 13:30:00,3602.06689453125,13.8471298217773,69.100112915039
2018-11-02 13:40:00,3603.72412109375,13.8543300628662,71.2424087524414
2018-11-02 13:50:00,3603.81811523437,14.0672597885131,73.1748580932617
2018-11-02 14:00:00,3440.13793945312,13.4236001968383,73.4428176879882
2018-11-02 14:10:00,3507.39501953125,13.5862302780151,73.0383529663085
2018-11-02 14:20:00,3207.623046875,12.7141103744506,73.8261566162109
2018-11-02 14:30:00,2500.46801757812,10.723970413208,74.018943786621
2018-11-02 14:40:00,2421.88696289062,10.1982097625732,74.675048828125
2018-11-02 14:50:00,2417.69995117187,9.89634895324707,74.2338104248046
2018-11-02 15:00:00,2667.93188476562,10.5893497467041,71.8366165161132
2018-11-02 15:10:00,3062.32299804687,11.7730197906494,72.3830337524414
2018-11-02 15:20:00,2844.05493164062,11.0878295898437,73.8954315185546
2018-11-02 15:30:00,2154.97705078125,9.40587139129638,73.4039916992187
2018-11-02 15:40:00,2470.15600585937,10.0895900726318,73.6661529541015
2018-11-02 15:50:00,3125.46704101562,12.5510101318359,70.6301193237304
2018-11-02 16:00:00,3595.7900390625,13.1596403121948,66.4499969482421
2018-11-02 16:10:00,3558.82006835937,12.7508602142333,64.7612075805664
2018-11-02 16:20:00,3507.44409179687,12.1858301162719,63.914810180664
2018-11-02 16:30:00,3602.65405273437,13.4869604110717,70.0568313598632
2018-11-02 16:40:00,3600.49291992187,13.4961700439453,70.5518112182617
2018-11-02 16:50:00,3602.4951171875,13.3444004058837,67.4948501586914
2018-11-02 17:00:00,3603.36791992187,13.5268497467041,67.6626434326171
2018-11-02 17:10:00,3603.2919921875,13.4790496826171,67.6111526489257
2018-11-02 17:20:00,3603.41088867187,12.9097299575805,66.2307815551757
2018-11-02 17:30:00,3603.52392578125,13.0529899597167,66.16943359375
2018-11-02 17:40:00,3603.73388671875,13.0248203277587,65.8506927490234
2018-11-02 17:50:00,3603.59301757812,12.7663297653198,65.1258010864257
2018-11-02 18:00:00,3603.60009765625,12.5851497650146,63.6299705505371
2018-11-02 18:10:00,3603.6298828125,13.1993999481201,63.7748489379882
2018-11-02 18:20:00,3602.31494140625,13.3232297897338,64.4045715332031
2018-11-02 18:30:00,3601.68310546875,13.3424396514892,63.0796508789062
2018-11-02 18:40:00,3601.97900390625,13.392219543457,64.9946517944335
2018-11-02 18:50:00,3601.916015625,13.3882799148559,65.1259002685546
2018-11-02 19:00:00,3603.419921875,13.6087198257446,65.1848220825195
2018-11-02 19:10:00,3603.3740234375,13.4616498947143,65.4772415161132
2018-11-02 19:20:00,3603.26293945312,13.9028196334838,67.8028335571289
2018-11-02 19:30:00,3603.53198242187,13.7886695861816,68.3916778564453
2018-11-02 19:40:00,3603.49194335937,14.6361303329467,71.5356674194335
2018-11-02 19:50:00,3603.0869140625,14.7013797760009,70.7398300170898
2018-11-02 20:00:00,3603.12890625,15.0078897476196,73.1312179565429
2018-11-02 20:10:00,3603.09399414062,14.3875503540039,74.2058868408203
2018-11-02 20:20:00,3256.0029296875,12.7853097915649,72.6121673583984
2018-11-02 20:30:00,2462.4609375,10.2162599563598,75.0160293579101
2018-11-02 20:40:00,1945.95300292968,9.11017990112304,73.6385498046875
2018-11-02 20:50:00,2080.22900390625,9.42459297180175,72.2974700927734
2018-11-02 21:00:00,2707.71801757812,10.8027801513671,72.1183471679687
2018-11-02 21:10:00,2768.31494140625,10.7619800567626,71.8768997192382
2018-11-02 21:20:00,2612.61206054687,10.4352598190307,71.649658203125
2018-11-02 21:30:00,2475.34912109375,10.1511297225952,74.023567199707
2018-11-02 21:40:00,2347.80688476562,9.75823497772216,73.6555862426757
2018-11-02 21:50:00,2017.47204589843,9.10561370849609,71.6876525878906
2018-11-02 22:00:00,2285.47802734375,9.7904405593872,73.5333862304687
2018-11-02 22:10:00,2252.7490234375,9.33121109008789,72.8750228881835
2018-11-02 22:20:00,2007.17700195312,9.06685638427734,71.173973083496
2018-11-02 22:30:00,2060.55395507812,9.00275993347167,71.3592834472656
2018-11-02 22:40:00,2038.68200683593,9.10391998291015,70.8044815063476
2018-11-02 22:50:00,2138.93505859375,9.15490531921386,72.3960037231445
2018-11-02 23:00:00,1847.00805664062,8.7373628616333,70.3812637329101
2018-11-02 23:10:00,1749.34301757812,8.63843059539794,71.1793594360351
2018-11-02 23:20:00,1588.8330078125,7.97803878784179,74.2536468505859
2018-11-02 23:30:00,1661.56103515625,8.27597045898437,75.0566024780273
2018-11-02 23:40:00,1569.3759765625,8.26071453094482,74.4655685424804
2018-11-02 23:50:00,2076.26904296875,9.28798007965087,72.3665084838867
2018-11-03 00:00:00,1916.11499023437,8.91546440124511,72.5806884765625
2018-11-03 00:10:00,1878.11401367187,8.96529674530029,69.0309600830078
2018-11-03 00:20:00,1952.5830078125,9.076340675354,67.7002029418945
2018-11-03 00:30:00,1740.22302246093,8.68212795257568,67.3112487792968
2018-11-03 00:40:00,2117.63110351562,9.40176486968994,67.3209228515625
2018-11-03 00:50:00,2244.06298828125,9.60623264312744,66.0682296752929
2018-11-03 01:00:00,2034.89294433593,9.15463638305664,66.4793624877929
2018-11-03 01:10:00,1886.52600097656,8.81419658660888,63.8951416015625
2018-11-03 01:20:00,1693.30505371093,8.49252223968505,62.6297492980957
2018-11-03 01:30:00,1866.88403320312,8.70700931549072,59.8087997436523
2018-11-03 01:40:00,2245.47290039062,9.5102891921997,58.9343605041503
2018-11-03 01:50:00,2516.00903320312,10.1930103302001,58.8157196044921
2018-11-03 02:00:00,2760.36401367187,10.761489868164,60.1175918579101
2018-11-03 02:10:00,2844.86401367187,10.8509397506713,60.898380279541
2018-11-03 02:20:00,2708.26098632812,10.7820501327514,60.3680610656738
2018-11-03 02:30:00,2561.60693359375,10.2371301651,58.6174087524414
2018-11-03 02:40:00,2796.01098632812,10.7644300460815,60.0160293579101
2018-11-03 02:50:00,2831.48510742187,10.8193302154541,57.5942611694335
2018-11-03 03:00:00,2354.13891601562,9.6949815750122,55.7556190490722
2018-11-03 03:10:00,2492.36694335937,9.91433429718017,52.9257507324218
2018-11-03 03:20:00,2615.32299804687,10.3374700546264,54.1509208679199
2018-11-03 03:30:00,2816.501953125,10.91685962677,56.2279396057128
2018-11-03 03:40:00,2625.78491210937,10.1926097869873,53.843650817871
2018-11-03 03:50:00,2800.04711914062,10.8817100524902,55.8818016052246
2018-11-03 04:00:00,2570.65795898437,10.2506198883056,56.7230491638183
2018-11-03 04:10:00,2575.74389648437,10.2155303955078,53.4121208190917
2018-11-03 04:20:00,2794.82006835937,10.7024497985839,54.3791389465332
2018-11-03 04:30:00,2597.75708007812,10.1410598754882,53.7825393676757
2018-11-03 04:40:00,2641.67309570312,10.3813104629516,51.1921615600585
2018-11-03 04:50:00,3148.05102539062,11.557029724121,56.1313514709472
2018-11-03 05:00:00,3460.376953125,12.7028703689575,59.6324996948242
2018-11-03 05:10:00,3138.7080078125,11.8001804351806,60.0611381530761
2018-11-03 05:20:00,3154.57006835937,11.3636798858642,54.9859809875488
2018-11-03 05:30:00,3448.14892578125,12.3518199920654,58.065200805664
2018-11-03 05:40:00,3298.2451171875,11.8663501739501,55.0663909912109
2018-11-03 05:50:00,3416.91088867187,12.3349800109863,56.6715698242187
2018-11-03 06:00:00,3413.65502929687,12.2478599548339,56.7484703063964
2018-11-03 06:10:00,3410.0400390625,12.3511495590209,56.7289810180664
2018-11-03 06:20:00,3369.08911132812,12.12975025177,57.2686805725097
2018-11-03 06:30:00,3391.5859375,12.4775104522705,58.6589889526367
2018-11-03 06:40:00,3384.31201171875,12.5368499755859,59.3314399719238
2018-11-03 06:50:00,2865.31298828125,10.9247102737426,59.9042510986328
2018-11-03 07:00:00,3031.63598632812,11.1937999725341,64.4141311645507
2018-11-03 07:10:00,3251.61206054687,11.8764495849609,64.1605911254882
2018-11-03 07:20:00,3251.5380859375,11.9221000671386,70.4436721801757
2018-11-03 07:30:00,3401.26196289062,12.2083196640014,70.1162872314453
2018-11-03 07:40:00,3473.40087890625,12.4825401306152,67.0350265502929
2018-11-03 07:50:00,3185.55395507812,11.4262800216674,66.492317199707
2018-11-03 08:00:00,3159.51391601562,11.5336503982543,66.0143432617187
2018-11-03 08:10:00,3151.71704101562,11.4961099624633,63.327278137207
2018-11-03 08:20:00,3086.126953125,11.6238298416137,64.2747268676757
2018-11-03 08:30:00,3098.61010742187,11.5862798690795,66.6972427368164
2018-11-03 08:40:00,3301.10791015625,11.5918703079223,64.477798461914
2018-11-03 08:50:00,3117.7548828125,11.4992799758911,61.8945999145507
2018-11-03 09:00:00,2784.22290039062,10.3693199157714,60.8454513549804
2018-11-03 09:10:00,2537.837890625,10.0382099151611,57.7153205871582
2018-11-03 09:20:00,2361.11206054687,9.91149806976318,62.3559989929199
2018-11-03 09:30:00,2371.06103515625,9.78933429718017,63.8647804260253
2018-11-03 09:40:00,2259.15502929687,9.52676677703857,60.6869201660156
2018-11-03 09:50:00,2522.98291015625,10.1858901977539,64.160789489746
2018-11-03 10:00:00,2481.86108398437,10.0825901031494,62.5146598815917
2018-11-03 10:10:00,2252.09790039062,9.62928962707519,64.7595672607421
2018-11-03 10:20:00,1937.85302734375,9.01658344268798,63.8464393615722
2018-11-03 10:30:00,2497.86694335937,10.1346597671508,58.8541793823242
2018-11-03 10:40:00,2294.23608398437,9.8152379989624,59.8834495544433
2018-11-03 10:50:00,1987.72497558593,9.04805469512939,60.7543106079101
2018-11-03 11:00:00,1650.81005859375,8.31141567230224,59.3228492736816
2018-11-03 11:10:00,1057.74194335937,6.8791651725769,55.6000900268554
2018-11-03 11:20:00,1693.82702636718,8.48346138000488,55.4742088317871
2018-11-03 11:30:00,1325.96398925781,7.73450422286987,56.8039093017578
2018-11-03 11:40:00,1858.09802246093,8.83917045593261,61.6354293823242
2018-11-03 11:50:00,2125.23193359375,9.24999523162841,57.716209411621
2018-11-03 12:00:00,1519.44494628906,8.05460929870605,56.211368560791
2018-11-03 12:10:00,2064.89697265625,9.25012779235839,58.8235893249511
2018-11-03 12:20:00,1670.47802734375,8.52607631683349,58.4500617980957
2018-11-03 12:30:00,1416.90100097656,7.93833923339843,56.0531387329101
2018-11-03 12:40:00,1422.9990234375,7.97582292556762,56.19282913208
2018-11-03 12:50:00,1937.26293945312,9.10340690612792,54.7462692260742
2018-11-03 13:00:00,1881.23706054687,8.74521827697753,52.8096389770507
2018-11-03 13:10:00,1600.57202148437,8.13551807403564,51.615550994873
2018-11-03 13:20:00,2153.462890625,9.43612003326416,53.1670494079589
2018-11-03 13:30:00,1898.60205078125,8.78058242797851,50.9200592041015
2018-11-03 13:40:00,2239.18603515625,9.5060977935791,51.5243415832519
2018-11-03 13:50:00,2239.97192382812,9.46197891235351,49.7427406311035
2018-11-03 14:00:00,2356.81298828125,9.68836498260498,49.5972709655761
2018-11-03 14:10:00,2305.97900390625,9.72075080871582,48.9003410339355
2018-11-03 14:20:00,2284.81909179687,9.7216682434082,48.4244194030761
2018-11-03 14:30:00,2272.23095703125,9.74993801116943,54.754539489746
2018-11-03 14:40:00,1942.2509765625,8.86369037628173,56.0989418029785
2018-11-03 14:50:00,1933.13500976562,8.84994316101074,53.6872100830078
2018-11-03 15:00:00,2382.9990234375,9.78553295135498,47.8826293945312
2018-11-03 15:10:00,1948.02294921875,8.84184646606445,48.5678901672363
2018-11-03 15:20:00,1925.32495117187,8.93330478668212,50.8945083618164
2018-11-03 15:30:00,1993.498046875,9.35082530975341,60.0375213623046
2018-11-03 15:40:00,1840.98205566406,8.72903537750244,58.2159118652343
2018-11-03 15:50:00,2295.18188476562,9.81191444396972,60.2350807189941
2018-11-03 16:00:00,2515.00610351562,9.95317935943603,57.6199493408203
2018-11-03 16:10:00,2986.92797851562,11.1649303436279,60.4857292175292
2018-11-03 16:20:00,3140.7119140625,11.5865097045898,61.4044113159179
2018-11-03 16:30:00,2569.05590820312,10.2115602493286,59.689109802246
2018-11-03 16:40:00,2911.43505859375,10.970549583435,61.5666999816894
2018-11-03 16:50:00,3441.28198242187,12.5566396713256,61.3169708251953
2018-11-03 17:00:00,3591.29907226562,13.6814498901367,62.6147308349609
2018-11-03 17:10:00,3573.10595703125,13.3315496444702,64.474380493164
2018-11-03 17:20:00,3592.7509765625,13.2610397338867,66.1656799316406
2018-11-03 17:30:00,3591.70190429687,13.0697498321533,64.9049224853515
2018-11-03 17:40:00,3597.88110351562,12.8674898147583,60.2339401245117
2018-11-03 17:50:00,3602.626953125,14.3514099121093,63.743968963623
2018-11-03 18:00:00,3601.22509765625,13.7852201461791,62.9194717407226
2018-11-03 18:10:00,3602.61010742187,14.3721504211425,62.353660583496
2018-11-03 18:20:00,3602.67602539062,14.3385400772094,62.7161712646484
2018-11-03 18:30:00,3597.208984375,13.4276800155639,63.5410690307617
2018-11-03 18:40:00,3600.37890625,13.9955596923828,62.5965385437011
2018-11-03 18:50:00,3590.375,13.4912099838256,65.128677368164
2018-11-03 19:00:00,3561.84790039062,13.3701696395874,65.9857330322265
2018-11-03 19:10:00,3525.10595703125,12.8558301925659,67.0554580688476
2018-11-03 19:20:00,3518.36108398437,13.0374498367309,67.28466796875
2018-11-03 19:30:00,3583.78295898437,13.3625802993774,69.2709503173828
2018-11-03 19:40:00,3602.21606445312,14.0287399291992,69.0610580444335
2018-11-03 19:50:00,3567.55102539062,13.2475595474243,66.9225311279296
2018-11-03 20:00:00,3597.81396484375,13.3309001922607,66.1614532470703
2018-11-03 20:10:00,3586.6689453125,12.9234199523925,65.3009796142578
2018-11-03 20:20:00,3518.4951171875,12.7058801651,64.3173599243164
2018-11-03 20:30:00,3299.34692382812,11.9766101837158,63.8551902770996
2018-11-03 20:40:00,3219.93994140625,11.8318395614624,62.097599029541
2018-11-03 20:50:00,2912.84912109375,11.0279102325439,62.140510559082
2018-11-03 21:00:00,2665.40405273437,10.6564197540283,66.6858825683593
2018-11-03 21:10:00,3513.4970703125,12.6450300216674,67.680419921875
2018-11-03 21:20:00,3527.125,12.9917497634887,67.9353103637695
2018-11-03 21:30:00,3043.65502929687,11.6165800094604,71.827781677246
2018-11-03 21:40:00,3270.09912109375,11.9070301055908,67.7974700927734
2018-11-03 21:50:00,3448.96606445312,12.6583795547485,69.2577972412109
2018-11-03 22:00:00,3243.97607421875,11.733039855957,65.7970962524414
2018-11-03 22:10:00,2584.07104492187,10.3118095397949,63.7518806457519
2018-11-03 22:20:00,2710.4951171875,10.5300598144531,60.3099288940429
2018-11-03 22:30:00,2549.09008789062,10.3709297180175,59.4859199523925
2018-11-03 22:40:00,2705.52905273437,10.6348695755004,60.8561210632324
2018-11-03 22:50:00,2532.02197265625,10.3916397094726,59.2070999145507
2018-11-03 23:00:00,2475.97509765625,10.2263402938842,60.3359298706054
2018-11-03 23:10:00,2842.59497070312,11.1529197692871,64.947021484375
2018-11-03 23:20:00,2952.21704101562,11.5057802200317,65.1865921020507
2018-11-03 23:30:00,2852.1640625,10.9892702102661,64.4471969604492
2018-11-03 23:40:00,2913.71899414062,11.2224197387695,64.7941436767578
2018-11-03 23:50:00,2504.9619140625,10.1714601516723,61.9857597351074
2018-11-04 00:00:00,1981.93395996093,9.06002330780029,63.7527694702148
2018-11-04 00:10:00,1987.59997558593,9.11523056030273,64.5232467651367
2018-11-04 00:20:00,1935.13403320312,9.1678991317749,68.1603622436523
2018-11-04 00:30:00,1381.40100097656,8.01480674743652,71.3622970581054
2018-11-04 00:40:00,1443.57604980468,8.23653411865234,71.3693695068359
2018-11-04 00:50:00,1655.98400878906,8.61489009857177,73.5045166015625
2018-11-04 01:00:00,1465.14904785156,8.08640670776367,75.8610382080078
2018-11-04 01:10:00,2083.53198242187,9.47050952911376,72.8119964599609
2018-11-04 01:20:00,1503.02905273437,8.41072082519531,74.527099609375
2018-11-04 01:30:00,938.911193847656,6.53154802322387,80.7038192749023
2018-11-04 01:40:00,880.571472167968,6.56865310668945,77.7985229492187
2018-11-04 01:50:00,558.364379882812,5.04507493972778,87.6919937133789
2018-11-04 02:00:00,442.226104736328,5.04686212539672,105.784896850585
2018-11-04 02:10:00,447.221405029296,5.09430599212646,109.647102355957
2018-11-04 02:20:00,828.764221191406,6.74213981628417,119.795997619628
2018-11-04 02:30:00,787.508117675781,6.85517215728759,119.721496582031
2018-11-04 02:40:00,281.23110961914,4.75115919113159,109.694702148437
2018-11-04 02:50:00,292.18798828125,4.91232109069824,113.321098327636
2018-11-04 03:00:00,234.10350036621,4.3934531211853,99.7001800537109
2018-11-04 03:10:00,513.784484863281,5.31528902053833,84.5938415527343
2018-11-04 03:20:00,870.334716796875,7.2358112335205,78.490119934082
2018-11-04 03:30:00,1117.59802246093,7.85839080810546,77.6645278930664
2018-11-04 03:40:00,1096.43896484375,7.87065315246582,73.8579483032226
2018-11-04 03:50:00,1103.4990234375,7.59855508804321,72.6551284790039
2018-11-04 04:00:00,1115.51000976562,7.66413593292236,71.6043472290039
2018-11-04 04:10:00,1133.06103515625,7.62787008285522,72.3292236328125
2018-11-04 04:20:00,1149.26098632812,7.56938505172729,74.9800491333007
2018-11-04 04:30:00,1203.34802246093,7.94531297683715,76.8281326293945
2018-11-04 04:40:00,648.671997070312,6.31330776214599,83.9059524536132
2018-11-04 04:50:00,530.850280761718,5.35558891296386,91.9861068725585
2018-11-04 05:00:00,747.5380859375,5.78503322601318,96.4932174682617
2018-11-04 05:10:00,849.001525878906,5.66424179077148,95.9324035644531
2018-11-04 05:20:00,695.133483886718,5.40311384201049,96.7426986694335
2018-11-04 05:30:00,631.764709472656,5.47867679595947,95.0040435791015
2018-11-04 05:40:00,484.013092041015,4.97261190414428,91.0063323974609
2018-11-04 05:50:00,474.928588867187,5.15414381027221,92.3004531860351
2018-11-04 06:00:00,703.580383300781,6.2200927734375,85.416877746582
2018-11-04 06:10:00,729.552673339843,6.6768889427185,78.5149917602539
2018-11-04 06:20:00,825.905029296875,7.31226301193237,75.7550964355468
2018-11-04 06:30:00,682.477416992187,6.72308015823364,75.2233581542968
2018-11-04 06:40:00,458.842010498046,5.96452188491821,73.7815170288085
2018-11-04 06:50:00,304.335693359375,4.87461709976196,80.0197830200195
2018-11-04 07:00:00,308.410888671875,4.70670986175537,98.9206771850585
2018-11-04 07:10:00,342.802093505859,4.68249607086181,101.448402404785
2018-11-04 07:20:00,295.77490234375,4.76474809646606,99.581428527832
2018-11-04 07:30:00,504.313903808593,5.42072486877441,100.149299621582
2018-11-04 07:40:00,698.035827636718,5.90129280090332,96.685432434082
2018-11-04 07:50:00,759.9462890625,6.20466995239257,98.7675476074218
2018-11-04 08:00:00,630.858276367187,5.85676717758178,99.6552581787109
2018-11-04 08:10:00,554.639221191406,5.53883218765258,100.419700622558
2018-11-04 08:20:00,732.321899414062,6.1165919303894,100.603202819824
2018-11-04 08:30:00,807.478088378906,6.30217218399047,97.8282470703125
2018-11-04 08:40:00,509.436096191406,5.2853078842163,97.2431335449218
2018-11-04 08:50:00,675.869506835937,5.76307392120361,93.0155868530273
2018-11-04 09:00:00,574.854675292968,5.36687612533569,96.180320739746
2018-11-04 09:10:00,511.8916015625,5.33693122863769,91.9620285034179
2018-11-04 09:20:00,351.211791992187,4.58082199096679,94.7465515136718
2018-11-04 09:30:00,454.833404541015,4.98587799072265,96.4381790161132
2018-11-04 09:40:00,418.698608398437,4.9400029182434,96.1080627441406
2018-11-04 09:50:00,436.039398193359,4.71125602722167,89.8772964477539
2018-11-04 10:00:00,566.753723144531,5.35824108123779,82.0224227905273
2018-11-04 10:10:00,538.465270996093,5.16719913482666,83.5980911254882
2018-11-04 10:20:00,595.381408691406,5.24695682525634,81.5264205932617
2018-11-04 10:30:00,597.730712890625,5.86185407638549,78.2416305541992
2018-11-04 10:40:00,626.937805175781,6.52858877182006,75.3605270385742
2018-11-04 10:50:00,573.665100097656,6.22970485687255,70.5604629516601
2018-11-04 11:00:00,677.729125976562,6.53025388717651,67.3978729248046
2018-11-04 11:10:00,700.811828613281,6.43600416183471,63.7274017333984
2018-11-04 11:20:00,562.616088867187,6.13093280792236,59.2832908630371
2018-11-04 11:30:00,617.882385253906,6.04263019561767,59.6497688293457
2018-11-04 11:40:00,628.511413574218,6.1401572227478,63.2836189270019
2018-11-04 11:50:00,747.461303710937,6.65353107452392,65.1818923950195
2018-11-04 12:00:00,488.354888916015,5.92511510848999,56.0796394348144
2018-11-04 12:10:00,385.410003662109,5.34454584121704,55.4928512573242
2018-11-04 12:20:00,424.760498046875,5.37586784362792,53.9241790771484
2018-11-04 12:30:00,291.044006347656,4.93543481826782,48.5263710021972
2018-11-04 12:40:00,538.081909179687,5.82365989685058,55.9807586669921
2018-11-04 12:50:00,786.027893066406,6.61697101593017,61.2711791992187
2018-11-04 13:00:00,1108.35095214843,7.39655113220214,62.531150817871
2018-11-04 13:10:00,999.709716796875,7.24373006820678,66.560302734375
2018-11-04 13:20:00,1069.39001464843,7.41571521759033,65.6552276611328
2018-11-04 13:30:00,1236.05395507812,7.71561384201049,66.8267669677734
2018-11-04 13:40:00,1526.71997070312,8.31522464752197,66.9420089721679
2018-11-04 13:50:00,1351.65905761718,7.97682380676269,62.550308227539
2018-11-04 14:00:00,1373.35705566406,8.10307121276855,65.3527374267578
2018-11-04 14:10:00,1821.12097167968,9.00171756744384,69.9161834716796
2018-11-04 14:20:00,1920.52099609375,9.28002738952636,73.4706268310546
2018-11-04 14:30:00,1527.38793945312,8.36527442932128,73.8516464233398
2018-11-04 14:40:00,1501.35498046875,8.31640529632568,71.279670715332
2018-11-04 14:50:00,1414.14794921875,8.16570854187011,73.1395568847656
2018-11-04 15:00:00,895.218872070312,7.05288696289062,74.22509765625
2018-11-04 15:10:00,911.120300292968,6.48770809173583,78.8201675415039
2018-11-04 15:20:00,791.840026855468,6.21413087844848,76.2331466674804
2018-11-04 15:30:00,730.44677734375,6.73485708236694,76.1933288574218
2018-11-04 15:40:00,699.040100097656,6.60361289978027,76.3775634765625
2018-11-04 15:50:00,793.817626953125,6.88728380203247,72.4558486938476
2018-11-04 16:00:00,1153.32299804687,7.6993989944458,68.534797668457
2018-11-04 16:10:00,1209.33703613281,7.73180103302001,68.7699813842773
2018-11-04 16:20:00,916.588012695312,6.7751350402832,76.2039337158203
2018-11-04 16:30:00,1142.24096679687,7.38089895248413,75.0366287231445
2018-11-04 16:40:00,1204.43298339843,7.68722295761108,75.8905715942382
2018-11-04 16:50:00,1528.79797363281,8.19452762603759,75.6075820922851
2018-11-04 17:00:00,1639.09301757812,8.61858558654785,70.3050537109375
2018-11-04 17:10:00,1610.39904785156,8.42886352539062,71.0638580322265
2018-11-04 17:20:00,1378.90600585937,7.74268007278442,75.758918762207
2018-11-04 17:30:00,1850.98303222656,9.4346752166748,73.6053085327148
2018-11-04 17:40:00,1735.62805175781,9.06446361541748,74.7178421020507
2018-11-04 17:50:00,2293.29711914062,10.4499397277832,75.2553405761718
2018-11-04 18:00:00,2996.81494140625,11.8790197372436,72.1513671875
2018-11-04 18:10:00,2889.4150390625,11.6979398727416,71.4839401245117
2018-11-04 18:20:00,3080.69189453125,12.1908903121948,73.6878662109375
2018-11-04 18:30:00,3052.6201171875,12.4725799560546,77.8954772949218
2018-11-04 18:40:00,3057.26098632812,12.349289894104,78.6934967041015
2018-11-04 18:50:00,3259.94604492187,12.2273702621459,78.267967224121
2018-11-04 19:00:00,2996.30102539062,11.7905197143554,78.4804916381835
2018-11-04 19:10:00,2936.10693359375,12.1217899322509,75.1268463134765
2018-11-04 19:20:00,2820.27001953125,11.5094995498657,78.1801681518554
2018-11-04 19:30:00,2875.98095703125,10.9318799972534,79.731819152832
2018-11-04 19:40:00,3190.86791992187,11.549409866333,76.588752746582
2018-11-04 19:50:00,3404.88500976562,12.1605100631713,75.6317291259765
2018-11-04 20:00:00,3354.77905273437,12.2025203704833,77.7217407226562
2018-11-04 20:10:00,3098.79809570312,11.970419883728,80.6396789550781
2018-11-04 20:20:00,3322.98193359375,12.7378597259521,80.0012969970703
2018-11-04 20:30:00,3191.294921875,12.4070901870727,81.38818359375
2018-11-04 20:40:00,3350.09790039062,12.3942203521728,80.0609664916992
2018-11-04 20:50:00,3212.59008789062,12.1917495727539,76.8232192993164
2018-11-04 21:00:00,3110.68090820312,12.1134595870971,73.2800674438476
2018-11-04 21:10:00,3125.77490234375,12.3865299224853,72.9908065795898
2018-11-04 21:20:00,3071.11206054687,11.9365301132202,72.0329818725585
2018-11-04 21:30:00,3269.1640625,12.4558601379394,71.9290618896484
2018-11-04 21:40:00,3063.126953125,12.0596199035644,76.4006118774414
2018-11-04 21:50:00,3346.09204101562,12.83078956604,75.2441329956054
2018-11-04 22:00:00,3370.90405273437,12.7359399795532,72.3523788452148
2018-11-04 22:10:00,3126.98291015625,12.5864095687866,75.8457565307617
2018-11-04 22:20:00,2886.55688476562,11.7034702301025,76.3299865722656
2018-11-04 22:30:00,2652.69189453125,10.3190803527832,77.1630020141601
2018-11-04 22:40:00,2879.73901367187,11.1008396148681,78.4626770019531
2018-11-04 22:50:00,2905.81909179687,11.2599401473999,80.1155471801757
2018-11-04 23:00:00,2508.6650390625,10.3176097869873,79.0718917846679
2018-11-04 23:10:00,3044.97607421875,11.5007600784301,78.2454071044921
2018-11-04 23:20:00,3122.79296875,11.890040397644,81.1667709350585
2018-11-04 23:30:00,3343.22900390625,12.4068202972412,80.4533233642578
2018-11-04 23:40:00,2497.47900390625,10.3116397857666,79.8198928833007
2018-11-04 23:50:00,2703.4990234375,11.0837297439575,78.6521377563476
2018-11-05 00:00:00,2505.22900390625,10.4892196655273,76.9244232177734
2018-11-05 00:10:00,1838.3349609375,9.01751327514648,76.3082122802734
2018-11-05 00:20:00,2656.31298828125,10.8965997695922,77.5211486816406
2018-11-05 00:30:00,3018.11889648437,11.2749099731445,73.5955734252929
2018-11-05 00:40:00,2946.90991210937,11.1027002334594,72.9433135986328
2018-11-05 00:50:00,2912.458984375,10.8612298965454,72.1121368408203
2018-11-05 01:00:00,3359.17602539062,11.9268398284912,72.1017837524414
2018-11-05 01:10:00,3534.03491210937,12.5329704284667,72.0908813476562
2018-11-05 01:20:00,3438.61791992187,12.4287004470825,74.2966918945312
2018-11-05 01:30:00,3596.76708984375,13.431170463562,73.7423400878906
2018-11-05 01:40:00,3550.3349609375,12.7606000900268,73.2998733520507
2018-11-05 01:50:00,3216.17700195312,11.8136301040649,72.4413833618164
2018-11-05 02:00:00,3018.57495117187,11.5692996978759,75.145523071289
2018-11-05 02:10:00,2354.93896484375,9.75473880767822,72.9877090454101
2018-11-05 02:20:00,2300.11499023437,9.72267627716064,70.6116485595703
2018-11-05 02:30:00,3010.90307617187,11.3122501373291,71.2463684082031
2018-11-05 02:40:00,2973.77099609375,11.00302028656,69.4701309204101
2018-11-05 02:50:00,3526.72094726562,12.4138898849487,69.9744262695312
2018-11-05 03:00:00,3349.64501953125,11.8018598556518,70.2073822021484
2018-11-05 03:10:00,3450.64990234375,12.2552995681762,68.8739395141601
2018-11-05 03:20:00,3526.08911132812,12.434359550476,70.3900680541992
2018-11-05 03:30:00,3475.39599609375,12.2502498626708,68.3531036376953
2018-11-05 03:40:00,3373.09497070312,12.3010396957397,67.555793762207
2018-11-05 03:50:00,3439.89599609375,12.5740404129028,69.1634902954101
2018-11-05 04:00:00,3526.27294921875,12.8523302078247,69.2195892333984
2018-11-05 04:10:00,3589.51611328125,13.4350700378417,70.9276580810546
2018-11-05 04:20:00,3578.11303710937,13.1205396652221,70.1201629638671
2018-11-05 04:30:00,3595.587890625,13.1215496063232,70.6011962890625
2018-11-05 04:40:00,3581.40795898437,12.6530303955078,69.7456283569335
2018-11-05 04:50:00,3487.40795898437,12.3547801971435,69.0681533813476
2018-11-05 05:00:00,3471.31811523437,12.3085002899169,67.787010192871
2018-11-05 05:10:00,3522.77392578125,12.8766298294067,68.2735137939453
2018-11-05 05:20:00,2877.791015625,11.1708402633666,65.1592407226562
2018-11-05 05:30:00,2734.86499023437,10.7148399353027,64.8522262573242
2018-11-05 05:40:00,3481.0810546875,12.5829095840454,65.9577102661132
2018-11-05 05:50:00,3551.73291015625,12.9675102233886,68.2803802490234
2018-11-05 06:00:00,3566.98706054687,12.5690002441406,65.3603897094726
2018-11-05 06:10:00,3549.73193359375,13.235460281372,67.6887130737304
2018-11-05 06:20:00,3601.68505859375,13.1222896575927,68.2608795166015
2018-11-05 06:30:00,3588.1220703125,13.2035999298095,68.7739486694335
2018-11-05 06:40:00,3525.37890625,13.6354303359985,71.1501693725585
2018-11-05 06:50:00,3593.77392578125,13.4028902053833,65.1267395019531
2018-11-05 07:00:00,3485.9189453125,12.6724395751953,68.1323089599609
2018-11-05 07:10:00,3218.49096679687,11.5601902008056,66.570327758789
2018-11-05 07:20:00,3488.72900390625,12.5907201766967,65.3441772460937
2018-11-05 07:30:00,3469.84692382812,12.582929611206,66.1437225341796
2018-11-05 07:40:00,3476.47192382812,12.9970502853393,70.3903121948242
2018-11-05 07:50:00,2912.85693359375,11.0994300842285,71.7373428344726
2018-11-05 08:00:00,3023.8701171875,11.3608102798461,68.8731613159179
2018-11-05 08:10:00,2233.5458984375,9.45001125335693,65.0808486938476
2018-11-05 08:20:00,2517.43798828125,9.97255992889404,61.9791297912597
2018-11-05 08:30:00,3135.5,11.2982101440429,60.6040115356445
2018-11-05 08:40:00,3103.21997070312,11.1713495254516,60.1781311035156
2018-11-05 08:50:00,3131.95703125,11.5059204101562,59.5105094909667
2018-11-05 09:00:00,3026.1669921875,11.0791501998901,62.4434394836425
2018-11-05 09:10:00,2924.37890625,10.8894996643066,59.2650413513183
2018-11-05 09:20:00,2485.52197265625,10.0881204605102,55.1708984375
2018-11-05 09:30:00,3128.44311523437,11.4102401733398,57.8179397583007
2018-11-05 09:40:00,2838.24291992187,10.6368799209594,58.6506881713867
2018-11-05 09:50:00,2588.81298828125,9.95770931243896,57.7419090270996
2018-11-05 10:00:00,2943.37109375,11.0327701568603,59.1641197204589
2018-11-05 10:10:00,2799.68090820312,10.7930498123168,60.1125984191894
2018-11-05 10:20:00,2811.81103515625,10.8190402984619,58.9709091186523
2018-11-05 10:30:00,2841.8349609375,10.9661102294921,63.8056182861328
2018-11-05 10:40:00,2723.61791992187,10.6155395507812,61.5351409912109
2018-11-05 10:50:00,2725.80810546875,10.5834598541259,58.2406997680664
2018-11-05 11:00:00,2593.15405273437,10.4551696777343,62.0551414489746
2018-11-05 11:10:00,2101.21997070312,9.43587303161621,66.7419815063476
2018-11-05 11:20:00,1790.58203125,8.73633289337158,62.3726501464843
2018-11-05 11:30:00,2525.52807617187,10.2313499450683,61.1496696472167
2018-11-05 11:40:00,2558.9208984375,10.448860168457,65.1853637695312
2018-11-05 11:50:00,2362.7900390625,9.86092281341552,58.910400390625
2018-11-05 12:00:00,2595.3759765625,10.3586797714233,57.5834007263183
2018-11-05 12:10:00,2033.23498535156,9.04776668548583,55.3604583740234
2018-11-05 12:20:00,1798.80505371093,8.63579273223876,52.9852790832519
2018-11-05 12:30:00,1937.87194824218,9.03744029998779,54.9507102966308
2018-11-05 12:40:00,1137.7080078125,7.2847990989685,54.5653190612792
2018-11-05 12:50:00,1053.27795410156,7.10069513320922,41.1464004516601
2018-11-05 13:00:00,1424.21496582031,7.83548212051391,39.2430610656738
2018-11-05 13:10:00,1355.13000488281,7.61218976974487,42.6866912841796
2018-11-05 13:20:00,1628.68298339843,8.15055274963378,45.4159889221191
2018-11-05 13:30:00,1916.3330078125,8.7938585281372,49.8088989257812
2018-11-05 13:40:00,1993.64697265625,8.87802410125732,50.4027290344238
2018-11-05 13:50:00,2275.36010742187,9.3245153427124,48.2425689697265
2018-11-05 14:00:00,2471.74389648437,9.71369934082031,50.3284301757812
2018-11-05 14:10:00,1862.41198730468,8.67919921875,52.6111297607421
2018-11-05 14:20:00,1748.53698730468,8.31882953643798,50.4972801208496
2018-11-05 14:30:00,2158.72802734375,9.24472999572753,52.4270401000976
2018-11-05 14:40:00,2286.32397460937,9.32415103912353,50.5803718566894
2018-11-05 14:50:00,2205.2041015625,9.4197940826416,51.343090057373
2018-11-05 15:00:00,2459.94091796875,9.9319372177124,55.6108016967773
2018-11-05 15:10:00,2294.76391601562,9.43741035461425,54.4529685974121
2018-11-05 15:20:00,2475.0859375,9.69603252410888,52.631290435791
2018-11-05 15:30:00,2478.44189453125,9.63799285888671,52.3916702270507
2018-11-05 15:40:00,2432.7119140625,9.70904541015625,49.9950904846191
2018-11-05 15:50:00,2903.10888671875,10.664400100708,48.4176406860351
2018-11-05 16:00:00,2846.06298828125,10.703740119934,50.9677581787109
2018-11-05 16:10:00,2875.0791015625,10.5142698287963,50.5337982177734
2018-11-05 16:20:00,3292.73388671875,11.7223997116088,50.825569152832
2018-11-05 16:30:00,3487.13403320312,12.3915100097656,54.5325393676757
2018-11-05 16:40:00,3296.89501953125,11.8996000289916,54.9093589782714
2018-11-05 16:50:00,2922.7109375,10.9553804397583,59.3386802673339
2018-11-05 17:00:00,3191.96508789062,11.3365097045898,60.1803894042968
2018-11-05 17:10:00,3245.2099609375,11.5655603408813,60.9539909362792
2018-11-05 17:20:00,3104.06591796875,11.3465700149536,59.2357902526855
2018-11-05 17:30:00,2345.6259765625,9.59429264068603,56.409080505371
2018-11-05 17:40:00,2187.7041015625,9.39173126220703,55.2163581848144
2018-11-05 17:50:00,2910.14990234375,10.7694301605224,54.285659790039
2018-11-05 18:00:00,3098.09912109375,11.0900897979736,55.6316299438476
2018-11-05 18:10:00,3390.42602539062,12.2024698257446,54.9543113708496
2018-11-05 18:20:00,3416.34301757812,12.1735696792602,55.74169921875
2018-11-05 18:30:00,3347.06494140625,11.900050163269,59.2839889526367
2018-11-05 18:40:00,2740.5390625,10.5043497085571,60.633071899414
2018-11-05 18:50:00,2864.30590820312,10.8254499435424,60.0494384765625
2018-11-05 19:00:00,2962.92602539062,11.1148996353149,61.7034912109375
2018-11-05 19:10:00,2818.14892578125,10.593090057373,60.072769165039
2018-11-05 19:20:00,2910.74096679687,10.7051000595092,59.2276000976562
2018-11-05 19:30:00,3268.11596679687,11.7137002944946,60.2454185485839
2018-11-05 19:40:00,3459.39892578125,12.4614000320434,61.8490180969238
2018-11-05 19:50:00,3557.52807617187,13.2409296035766,65.0050506591796
2018-11-05 20:00:00,3381.59497070312,12.2908496856689,67.7717971801757
2018-11-05 20:10:00,3279.84399414062,11.7808303833007,68.849380493164
2018-11-05 20:20:00,3206.97998046875,11.7069501876831,70.4202728271484
2018-11-05 20:30:00,2961.09106445312,11.0953903198242,69.0288467407226
2018-11-05 20:40:00,2967.69506835937,11.1951398849487,68.8849029541015
2018-11-05 20:50:00,2262.083984375,9.47807884216308,63.9878501892089
2018-11-05 21:00:00,2427.34790039062,9.991943359375,64.5474166870117
2018-11-05 21:10:00,2518.01293945312,10.2436599731445,66.9535064697265
2018-11-05 21:20:00,3016.22998046875,11.0556898117065,64.604736328125
2018-11-05 21:30:00,3256.09692382812,11.6716499328613,64.1262817382812
2018-11-05 21:40:00,3203.69799804687,11.7623395919799,67.3752822875976
2018-11-05 21:50:00,3025.9169921875,11.2400999069213,67.2372817993164
2018-11-05 22:00:00,3049.91088867187,11.4909801483154,69.7262878417968
2018-11-05 22:10:00,3176.47192382812,11.7449703216552,69.5485382080078
2018-11-05 22:20:00,2874.27197265625,11.1249904632568,70.1762466430664
2018-11-05 22:30:00,2848.9599609375,10.9401702880859,69.9982070922851
2018-11-05 22:40:00,2428.55493164062,9.83191871643066,68.0422668457031
2018-11-05 22:50:00,2635.10693359375,10.5505599975585,72.1687698364257
2018-11-05 23:00:00,2900.44995117187,11.2036504745483,73.8976287841796
2018-11-05 23:10:00,3059.40893554687,11.2456398010253,68.7753829956054
2018-11-05 23:20:00,3095.06494140625,11.1715002059936,68.8053817749023
2018-11-05 23:30:00,2567.5439453125,10.1918697357177,67.2575073242187
2018-11-05 23:40:00,2662.7900390625,10.3746995925903,65.2584533691406
2018-11-05 23:50:00,2792.85595703125,10.7351598739624,63.9745407104492
2018-11-06 00:00:00,2884.56811523437,10.9772596359252,66.1811599731445
2018-11-06 00:10:00,3118.38598632812,11.5484199523925,70.2557067871093
2018-11-06 00:20:00,3368.97802734375,12.0133199691772,69.5420989990234
2018-11-06 00:30:00,2934.77099609375,10.9738903045654,67.6192932128906
2018-11-06 00:40:00,2534.01391601562,10.299090385437,66.1882400512695
2018-11-06 00:50:00,2339.14111328125,9.75166893005371,63.4573898315429
2018-11-06 01:00:00,2388.15209960937,10.0382299423217,62.6715393066406
2018-11-06 01:10:00,2475.63793945312,10.4012603759765,67.3840103149414
2018-11-06 01:20:00,2705.89501953125,10.8234100341796,67.5348663330078
2018-11-06 01:30:00,2574.18408203125,10.4610996246337,67.1941528320312
2018-11-06 01:40:00,2795.39599609375,11.0377502441406,67.5425491333007
2018-11-06 01:50:00,2322.86791992187,9.92439556121826,67.7165374755859
2018-11-06 02:00:00,2540.39599609375,10.5510702133178,69.2250137329101
2018-11-06 02:10:00,2779.625,11.0291700363159,67.3787384033203
2018-11-06 02:20:00,2790.2109375,11.1627302169799,70.7593688964843
2018-11-06 02:30:00,2800.86010742187,10.8767900466918,67.4310913085937
2018-11-06 02:40:00,2607.27392578125,10.5191297531127,68.465087890625
2018-11-06 02:50:00,2602.01904296875,10.6669902801513,70.4981536865234
2018-11-06 03:00:00,2490.80395507812,10.3232803344726,70.223762512207
2018-11-06 03:10:00,2046.73706054687,9.28456401824951,66.8119430541992
2018-11-06 03:20:00,2165.14208984375,9.53322410583496,67.6536636352539
2018-11-06 03:30:00,2049.1298828125,9.29731655120849,66.9678573608398
2018-11-06 03:40:00,2193.2529296875,9.56113052368164,64.5700225830078
2018-11-06 03:50:00,2176.97998046875,9.55390644073486,64.9775772094726
2018-11-06 04:00:00,2705.2919921875,10.7452001571655,64.7617263793945
2018-11-06 04:10:00,2585.55102539062,10.5233297348022,67.5040969848632
2018-11-06 04:20:00,2857.8291015625,10.9860496520996,65.9786300659179
2018-11-06 04:30:00,3095.7939453125,11.4990396499633,66.1396408081054
2018-11-06 04:40:00,3037.14599609375,11.3874597549438,65.8229217529296
2018-11-06 04:50:00,2887.39404296875,11.0831098556518,68.0043487548828
2018-11-06 05:00:00,2748.81201171875,10.8564596176147,68.0993423461914
2018-11-06 05:10:00,3040.537109375,11.4119100570678,66.078369140625
2018-11-06 05:20:00,3077.57592773437,11.5083904266357,67.201187133789
2018-11-06 05:30:00,3351.86499023437,12.0740699768066,67.7524032592773
2018-11-06 05:40:00,3504.90209960937,12.366979598999,65.1955184936523
2018-11-06 05:50:00,3522.7939453125,12.5175695419311,64.6919326782226
2018-11-06 06:00:00,3523.60791015625,12.4024696350097,62.2413711547851
2018-11-06 06:10:00,3353.044921875,12.0284700393676,65.3086395263671
2018-11-06 06:20:00,3158.7880859375,11.5218696594238,65.5751724243164
2018-11-06 06:30:00,2428.6689453125,9.90005016326904,63.4333992004394
2018-11-06 06:40:00,2927.28100585937,11.232099533081,66.6340789794921
2018-11-06 06:50:00,2492.0849609375,10.1980199813842,65.7994232177734
2018-11-06 07:00:00,2952.419921875,11.4352703094482,67.8372497558593
2018-11-06 07:10:00,2961.88989257812,11.3116102218627,66.8649215698242
2018-11-06 07:20:00,2819.31201171875,10.8684797286987,66.2752685546875
2018-11-06 07:30:00,2920.7958984375,11.1380500793457,67.564697265625
2018-11-06 07:40:00,2897.79296875,11.088279724121,64.8202667236328
2018-11-06 07:50:00,2126.35400390625,9.36475276947021,64.0038528442382
2018-11-06 08:00:00,2364.7880859375,9.95552635192871,62.0816688537597
2018-11-06 08:10:00,2688.89697265625,10.568320274353,59.6885299682617
2018-11-06 08:20:00,2505.42602539062,10.2468299865722,59.6769104003906
2018-11-06 08:30:00,2611.1630859375,10.6810798645019,61.2425003051757
2018-11-06 08:40:00,2898.08911132812,11.3651504516601,63.5528907775878
2018-11-06 08:50:00,2913.2900390625,11.1064701080322,61.3666191101074
2018-11-06 09:00:00,2673.30395507812,10.449740409851,59.3494110107421
2018-11-06 09:10:00,2715.78588867187,10.5174598693847,59.2001495361328
2018-11-06 09:20:00,2942.8740234375,11.244270324707,59.9658317565917
2018-11-06 09:30:00,2913.248046875,11.1045598983764,59.1780204772949
2018-11-06 09:40:00,3287.47412109375,12.1843700408935,60.7691688537597
2018-11-06 09:50:00,3273.42993164062,12.0642404556274,60.1653404235839
2018-11-06 10:00:00,2528.97607421875,10.1499004364013,56.7501907348632
2018-11-06 10:10:00,2897.42309570312,10.9720497131347,57.5074996948242
2018-11-06 10:20:00,2925.10888671875,11.1874904632568,58.0453491210937
2018-11-06 10:30:00,2845.5048828125,11.0531396865844,58.3349494934082
2018-11-06 10:40:00,2805.14111328125,10.7564697265625,56.1656608581542
2018-11-06 10:50:00,2934.5029296875,11.0332698822021,56.7990112304687
2018-11-06 11:00:00,2902.05590820312,11.129560470581,58.8803405761718
2018-11-06 11:10:00,3053.60205078125,11.4247598648071,58.5018196105957
2018-11-06 11:20:00,2981.17797851562,11.2697601318359,60.5655899047851
2018-11-06 11:30:00,2935.61108398437,10.9136400222778,58.5334205627441
2018-11-06 11:40:00,2728.54296875,10.3479404449462,55.9139213562011
2018-11-06 11:50:00,2828.5859375,10.9180097579956,58.0696601867675
2018-11-06 12:00:00,2525.73510742187,10.2080698013305,55.7098197937011
2018-11-06 12:10:00,1964.08605957031,9.02226829528808,54.6482582092285
2018-11-06 12:20:00,2791.0859375,10.8738002777099,56.6508293151855
2018-11-06 12:30:00,2893.4150390625,11.060959815979,55.8792915344238
2018-11-06 12:40:00,2609.86206054687,10.3536596298217,56.1460418701171
2018-11-06 12:50:00,2767.01611328125,10.9071998596191,57.3868103027343
2018-11-06 13:00:00,2524.40795898437,10.4172201156616,57.7744407653808
2018-11-06 13:10:00,2556.72412109375,10.2868404388427,56.4737205505371
2018-11-06 13:20:00,2543.87890625,10.4329595565795,56.5177688598632
2018-11-06 13:30:00,2616.15698242187,10.4709701538085,55.4970397949218
2018-11-06 13:40:00,2113.876953125,9.20966720581054,54.3032493591308
2018-11-06 13:50:00,2247.4169921875,9.77236652374267,56.5960006713867
2018-11-06 14:00:00,2513.3720703125,10.1668300628662,56.4065895080566
2018-11-06 14:10:00,1689.69201660156,8.29897403717041,54.7946586608886
2018-11-06 14:20:00,1782.96301269531,8.58321952819824,58.2455291748046
2018-11-06 14:30:00,2494.43701171875,10.0475101470947,56.2583694458007
2018-11-06 14:40:00,2741.083984375,10.6415500640869,58.1088409423828
2018-11-06 14:50:00,2529.51391601562,10.1157798767089,58.1106300354003
2018-11-06 15:00:00,2837.27294921875,10.8896503448486,58.4966392517089
2018-11-06 15:10:00,2926.82788085937,11.0310201644897,59.1705513000488
2018-11-06 15:20:00,3297.31811523437,11.8080596923828,61.856819152832
2018-11-06 15:30:00,2863.42504882812,10.6739501953125,60.1241302490234
2018-11-06 15:40:00,2468.44604492187,9.67661190032958,57.6380500793457
2018-11-06 15:50:00,2794.083984375,10.6990604400634,59.4394607543945
2018-11-06 16:00:00,3020.333984375,11.3754396438598,59.169319152832
2018-11-06 16:10:00,3138.97998046875,11.3552999496459,57.3704795837402
2018-11-06 16:20:00,3364.28491210937,12.0699701309204,58.7645606994628
2018-11-06 16:30:00,3050.92504882812,11.3189001083374,58.7821884155273
2018-11-06 16:40:00,2557.9599609375,10.1210603713989,57.4428596496582
2018-11-06 16:50:00,2142.55297851562,9.17266273498535,57.1242904663085
2018-11-06 17:00:00,2913.26196289062,10.9430503845214,57.4830818176269
2018-11-06 17:10:00,3191.56494140625,12.0079898834228,59.1921195983886
2018-11-06 17:20:00,3276.9150390625,11.9955196380615,59.3088798522949
2018-11-06 17:30:00,2856.39208984375,10.691909790039,58.3032798767089
2018-11-06 17:40:00,3231.31201171875,11.4616899490356,59.3489799499511
2018-11-06 17:50:00,2792.39697265625,10.7320804595947,57.5538291931152
2018-11-06 18:00:00,2778.455078125,10.7687902450561,53.6927909851074
2018-11-06 18:10:00,2142.73999023437,9.20829582214355,52.1686515808105
2018-11-06 18:20:00,2916.28100585937,11.0267095565795,57.119571685791
2018-11-06 18:30:00,3073.77294921875,11.3311100006103,55.0534210205078
2018-11-06 18:40:00,2883.23803710937,11.013310432434,56.1929588317871
2018-11-06 18:50:00,3068.9189453125,11.2703199386596,57.118839263916
2018-11-06 19:00:00,3010.17895507812,10.8462400436401,56.5614700317382
2018-11-06 19:10:00,3315.50903320312,11.9437103271484,58.5748214721679
2018-11-06 19:20:00,3056.40600585937,11.384539604187,58.8559608459472
2018-11-06 19:30:00,2954.67504882812,11.1674299240112,57.5253295898437
2018-11-06 19:40:00,2460.1240234375,9.93841171264648,55.473331451416
2018-11-06 19:50:00,2489.93505859375,10.0762996673583,55.9389190673828
2018-11-06 20:00:00,2855.6220703125,10.9397897720336,59.4960289001464
2018-11-06 20:10:00,2842.94799804687,10.815110206604,57.7635917663574
2018-11-06 20:20:00,2920.88598632812,11.1333799362182,59.8839492797851
2018-11-06 20:30:00,3029.52001953125,11.243929862976,58.7583694458007
2018-11-06 20:40:00,3109.88598632812,11.3425302505493,60.0961189270019
2018-11-06 20:50:00,2584.02001953125,10.2500495910644,60.1497802734375
2018-11-06 21:00:00,2819.28491210937,10.8067798614501,60.3614501953125
2018-11-06 21:10:00,2403.7109375,9.96635341644287,61.0071411132812
2018-11-06 21:20:00,2734.55688476562,10.65927028656,60.124698638916
2018-11-06 21:30:00,2437.791015625,9.93799591064453,58.6980094909667
2018-11-06 21:40:00,2450.13305664062,10.0984497070312,61.8289604187011
2018-11-06 21:50:00,2432.5400390625,10.0363702774047,60.9523200988769
2018-11-06 22:00:00,2349.82495117187,9.93517780303955,62.8471298217773
2018-11-06 22:10:00,1624.89404296875,8.25786685943603,59.8232498168945
2018-11-06 22:20:00,2167.3369140625,9.42910957336425,65.2110519409179
2018-11-06 22:30:00,2062.63989257812,9.07379436492919,58.8129997253417
2018-11-06 22:40:00,1728.76794433593,8.69449043273925,64.5122680664062
2018-11-06 22:50:00,1850.66796875,8.64965915679931,61.9077987670898
2018-11-06 23:00:00,1785.35302734375,8.7234239578247,60.1873207092285
2018-11-06 23:10:00,1977.96203613281,9.22980785369873,59.7441787719726
2018-11-06 23:20:00,1359.50598144531,7.73646306991577,60.8470993041992
2018-11-06 23:30:00,1706.94995117187,8.54690933227539,62.4427604675292
2018-11-06 23:40:00,1558.18505859375,8.19969177246093,59.5388984680175
2018-11-06 23:50:00,2079.71704101562,9.29382419586181,60.0574188232421
2018-11-07 00:00:00,2115.19091796875,9.30468845367431,61.6975898742675
2018-11-07 00:10:00,2062.51904296875,9.20886802673339,62.3982200622558
2018-11-07 00:20:00,2139.92700195312,9.36994934082031,61.7693481445312
2018-11-07 00:30:00,2003.30895996093,9.21178531646728,62.7915992736816
2018-11-07 00:40:00,1849.27905273437,8.8465404510498,59.1244087219238
2018-11-07 00:50:00,2176.12109375,9.47763156890869,56.8788604736328
2018-11-07 01:00:00,2078.7060546875,9.4749698638916,63.3786811828613
2018-11-07 01:10:00,2003.13305664062,9.08543109893798,59.2468795776367
2018-11-07 01:20:00,1686.55200195312,8.50351238250732,60.5647583007812
2018-11-07 01:30:00,1962.6689453125,9.1747932434082,61.9384002685546
2018-11-07 01:40:00,2061.07299804687,9.20063591003417,62.1151313781738
2018-11-07 01:50:00,2320.51000976562,9.87831020355224,65.5927429199218
2018-11-07 02:00:00,2779.1201171875,10.7872800827026,64.4374465942382
2018-11-07 02:10:00,2691.7900390625,10.380069732666,61.7709693908691
2018-11-07 02:20:00,2728.82397460937,10.4997701644897,61.6936416625976
2018-11-07 02:30:00,2496.05395507812,10.2971496582031,66.2919692993164
2018-11-07 02:40:00,2550.36596679687,10.4594202041625,62.6687812805175
2018-11-07 02:50:00,2640.81201171875,10.2796096801757,62.9386596679687
2018-11-07 03:00:00,2873.65307617187,10.7906703948974,60.1710891723632
2018-11-07 03:10:00,2767.76000976562,10.7033004760742,58.486961364746
2018-11-07 03:20:00,2986.48388671875,11.3507003784179,61.8208885192871
2018-11-07 03:30:00,2886.13305664062,11.0966997146606,62.6738700866699
2018-11-07 03:40:00,2484.04809570312,10.0732803344726,62.1162300109863
2018-11-07 03:50:00,2481.92602539062,9.9750747680664,61.2537689208984
2018-11-07 04:00:00,2646.29907226562,10.4726200103759,63.0542984008789
2018-11-07 04:10:00,2482.51708984375,10.0163698196411,64.2356567382812
2018-11-07 04:20:00,3173.39111328125,11.6079597473144,65.6160583496093
2018-11-07 04:30:00,2857.2041015625,10.7940597534179,63.5765190124511
2018-11-07 04:40:00,2568.64697265625,10.3948097229003,66.691551208496
2018-11-07 04:50:00,2238.21801757812,9.61515426635742,67.0021591186523
2018-11-07 05:00:00,2591.59301757812,10.2402400970458,66.7178192138671
2018-11-07 05:10:00,2127.7119140625,9.46161174774169,66.482437133789
2018-11-07 05:20:00,1812.39294433593,8.68737888336181,65.3655090332031
2018-11-07 05:30:00,2049.69604492187,9.2100019454956,67.079246520996
2018-11-07 05:40:00,2161.2470703125,9.35118198394775,63.1845207214355
2018-11-07 05:50:00,2140.75610351562,9.4643850326538,68.0090713500976
2018-11-07 06:00:00,1675.96801757812,8.38139820098876,65.6972427368164
2018-11-07 06:10:00,2155.60400390625,9.40244197845458,68.7962570190429
2018-11-07 06:20:00,2180.73291015625,9.46559715270996,67.0995483398437
2018-11-07 06:30:00,2680.27001953125,10.6516304016113,65.5249328613281
2018-11-07 06:40:00,2442.75610351562,10.14684009552,63.443920135498
2018-11-07 06:50:00,1532.30603027343,8.2299108505249,64.8907165527343
2018-11-07 07:00:00,2198.15795898437,9.59219074249267,62.4870414733886
2018-11-07 07:10:00,1449.73095703125,7.97793292999267,57.9923591613769
2018-11-07 07:20:00,1207.36999511718,7.56451797485351,58.042381286621
2018-11-07 07:30:00,1501.81396484375,8.18796253204345,58.7015991210937
2018-11-07 07:40:00,943.168884277343,6.89279603958129,54.6340408325195
2018-11-07 07:50:00,802.124877929687,6.51298284530639,55.4819297790527
2018-11-07 08:00:00,1375.09094238281,7.86447191238403,58.7317314147949
2018-11-07 08:10:00,1513.78601074218,7.9490098953247,54.7320098876953
2018-11-07 08:20:00,1649.31103515625,8.31648445129394,55.3051414489746
2018-11-07 08:30:00,1841.65600585937,8.71658706665039,58.5959396362304
2018-11-07 08:40:00,2323.39501953125,9.79699993133544,57.0238304138183
2018-11-07 08:50:00,1475.44799804687,8.00468635559082,54.892780303955
2018-11-07 09:00:00,1696.44104003906,8.41122531890869,57.7042198181152
2018-11-07 09:10:00,2352.76708984375,9.74525070190429,60.6371116638183
2018-11-07 09:20:00,2340.71704101562,9.72622203826904,57.4857482910156
2018-11-07 09:30:00,2122.56298828125,9.5306339263916,57.6641197204589
2018-11-07 09:40:00,2078.10693359375,9.31981563568115,56.7178001403808
2018-11-07 09:50:00,1595.13000488281,8.0876293182373,56.5050392150878
2018-11-07 10:00:00,1483.18896484375,7.91974401473999,55.4868392944335
2018-11-07 10:10:00,1337.89599609375,7.78527879714965,60.0890617370605
2018-11-07 10:20:00,1558.44104003906,8.23521327972412,60.7493591308593
2018-11-07 10:30:00,1463.32397460937,8.0597858428955,60.8193702697753
2018-11-07 10:40:00,1129.68200683593,7.24716615676879,57.4525489807128
2018-11-07 10:50:00,1216.42395019531,7.54641389846801,55.9594192504882
2018-11-07 11:00:00,840.892517089843,6.53374290466308,48.6655006408691
2018-11-07 11:10:00,1367.08898925781,7.71841812133789,51.5316200256347
2018-11-07 11:20:00,1322.68701171875,7.76031112670898,52.1201095581054
2018-11-07 11:30:00,1151.376953125,7.47139883041381,53.194480895996
2018-11-07 11:40:00,966.829711914062,6.97723293304443,53.7912292480468
2018-11-07 11:50:00,905.628723144531,6.74196577072143,47.8856201171875
2018-11-07 12:00:00,1017.99298095703,6.95655012130737,41.9526481628417
2018-11-07 12:10:00,1311.06994628906,7.82998323440551,45.5511398315429
2018-11-07 12:20:00,965.77490234375,6.926766872406,46.1018981933593
2018-11-07 12:30:00,1190.07800292968,7.41651201248168,48.8032608032226
2018-11-07 12:40:00,1187.17199707031,7.37662696838378,46.7928810119628
2018-11-07 12:50:00,1121.7080078125,7.32823991775512,52.4139709472656
2018-11-07 13:00:00,938.042602539062,6.84716176986694,52.7052497863769
2018-11-07 13:10:00,1443.59204101562,7.8696231842041,41.9698410034179
2018-11-07 13:20:00,1481.21105957031,8.14440155029296,44.8929481506347
2018-11-07 13:30:00,1070.69799804687,7.25545978546142,53.3431510925292
2018-11-07 13:40:00,1072.85400390625,7.30154085159301,53.3811912536621
2018-11-07 13:50:00,1054.84094238281,7.10066509246826,49.2556190490722
2018-11-07 14:00:00,546.684387207031,6.84396886825561,54.7067985534667
2018-11-07 14:10:00,812.337524414062,7.199875831604,49.3544616699218
2018-11-07 14:20:00,1460.625,8.1565523147583,53.1386184692382
2018-11-07 14:30:00,1582.666015625,8.29106903076171,54.9508018493652
2018-11-07 14:40:00,1861.88000488281,8.95593643188476,56.0996894836425
2018-11-07 14:50:00,903.218322753906,6.90505599975585,53.6168708801269
2018-11-07 15:00:00,1115.92700195312,7.43720579147338,55.2908210754394
2018-11-07 15:10:00,1032.66394042968,7.2808518409729,54.6407508850097
2018-11-07 15:20:00,1169.53295898437,7.48493194580078,55.5639915466308
2018-11-07 15:30:00,1218.29797363281,7.61707782745361,57.079418182373
2018-11-07 15:40:00,1457.43896484375,8.20707893371582,57.7994499206542
2018-11-07 15:50:00,1503.91198730468,8.17610263824462,59.5061607360839
2018-11-07 16:00:00,1151.33996582031,7.47920894622802,55.5568809509277
2018-11-07 16:10:00,994.9296875,7.14342212677001,58.0381889343261
2018-11-07 16:20:00,1097.26904296875,7.42013216018676,57.6689796447753
2018-11-07 16:30:00,1215.48999023437,7.71829414367675,60.8106803894042
2018-11-07 16:40:00,1485.83898925781,8.16519165039062,62.4191207885742
2018-11-07 16:50:00,1347.20300292968,7.84474182128906,63.6584587097167
2018-11-07 17:00:00,1339.623046875,7.96582412719726,65.4224472045898
2018-11-07 17:10:00,1328.62902832031,7.87524700164794,65.9137268066406
2018-11-07 17:20:00,1237.69702148437,7.73356580734252,66.833152770996
2018-11-07 17:30:00,1195.68103027343,7.64847612380981,69.8760604858398
2018-11-07 17:40:00,1253.92395019531,7.78323221206665,69.6020812988281
2018-11-07 17:50:00,1331.48596191406,7.9172887802124,69.8410034179687
2018-11-07 18:00:00,1205.27197265625,7.68319606781005,71.8811111450195
2018-11-07 18:10:00,986.831970214843,7.2940969467163,69.844009399414
2018-11-07 18:20:00,1121.02294921875,7.52403402328491,69.8492889404296
2018-11-07 18:30:00,1047.333984375,7.37120389938354,69.3695983886718
2018-11-07 18:40:00,799.186279296875,6.79171514511108,70.0355072021484
2018-11-07 18:50:00,793.857727050781,6.80171585083007,69.5808029174804
2018-11-07 19:00:00,764.1044921875,6.6915807723999,70.1122207641601
2018-11-07 19:10:00,800.76220703125,6.82274293899536,71.1521835327148
2018-11-07 19:20:00,759.061889648437,6.75335979461669,69.0569763183593
2018-11-07 19:30:00,559.45361328125,6.08040285110473,70.5374374389648
2018-11-07 19:40:00,558.333618164062,5.9576940536499,72.3997192382812
2018-11-07 19:50:00,577.910217285156,6.04027080535888,72.6912002563476
2018-11-07 20:00:00,606.810485839843,6.37863683700561,72.888069152832
2018-11-07 20:10:00,467.54019165039,5.75209999084472,75.791893005371
2018-11-07 20:20:00,706.416015625,6.77334976196289,74.894172668457
2018-11-07 20:30:00,734.924377441406,6.90089321136474,74.0064086914062
2018-11-07 20:40:00,729.995971679687,6.65884208679199,75.2358169555664
2018-11-07 20:50:00,716.64697265625,6.87942695617675,78.7790298461914
2018-11-07 21:00:00,633.476989746093,6.69594192504882,79.7988586425781
2018-11-07 21:10:00,459.561492919921,6.024836063385,82.6375427246093
2018-11-07 21:20:00,494.035186767578,6.09301280975341,80.4052505493164
2018-11-07 21:30:00,619.633605957031,6.25837182998657,77.3167266845703
2018-11-07 21:40:00,718.020874023437,6.72064781188964,77.8147430419921
2018-11-07 21:50:00,783.367980957031,6.8842601776123,74.9973983764648
2018-11-07 22:00:00,861.858703613281,7.10816001892089,76.8396606445312
2018-11-07 22:10:00,915.575317382812,7.18927478790283,76.8635787963867
2018-11-07 22:20:00,951.348083496093,7.37954998016357,76.068603515625
2018-11-07 22:30:00,1105.85095214843,7.7251501083374,76.3069534301757
2018-11-07 22:40:00,1172.42395019531,7.7681188583374,76.118553161621
2018-11-07 22:50:00,892.205688476562,7.00289011001586,75.5472564697265
2018-11-07 23:00:00,699.357177734375,6.66591215133666,75.1784515380859
2018-11-07 23:10:00,651.2197265625,6.60521697998046,74.9656906127929
2018-11-07 23:20:00,691.232116699218,6.72508192062377,75.8308410644531
2018-11-07 23:30:00,524.980773925781,6.22850704193115,74.533218383789
2018-11-07 23:40:00,495.449005126953,6.25070619583129,72.647216796875
2018-11-07 23:50:00,489.36880493164,6.21538209915161,72.7559967041015
2018-11-08 00:00:00,437.699890136718,6.0808629989624,74.5424880981445
2018-11-08 00:10:00,364.401489257812,5.68573522567749,76.7085266113281
2018-11-08 00:20:00,416.118988037109,5.8023247718811,77.2493667602539
2018-11-08 00:30:00,487.218292236328,6.20191192626953,75.4076995849609
2018-11-08 00:40:00,516.236572265625,6.16861486434936,76.7981262207031
2018-11-08 00:50:00,565.52587890625,6.28172206878662,74.7514495849609
2018-11-08 01:00:00,591.26171875,6.42723894119262,73.0174407958984
2018-11-08 01:10:00,698.286376953125,6.60974597930908,71.2644271850585
2018-11-08 01:20:00,697.764892578125,6.56566381454467,71.0651321411132
2018-11-08 01:30:00,740.03759765625,6.70876884460449,71.5054626464843
2018-11-08 01:40:00,694.760009765625,6.58245182037353,72.3246536254882
2018-11-08 01:50:00,807.291015625,6.88217782974243,75.7133483886718
2018-11-08 02:00:00,910.476684570312,7.11930084228515,76.4687423706054
2018-11-08 02:10:00,1036.38000488281,7.31326007843017,75.7701797485351
2018-11-08 02:20:00,1089.59802246093,7.4625859260559,75.3915100097656
2018-11-08 02:30:00,1332.8310546875,8.04084968566894,74.7472763061523
2018-11-08 02:40:00,1317.20703125,8.02566719055175,73.115966796875
2018-11-08 02:50:00,1293.89794921875,8.07669353485107,75.9233932495117
2018-11-08 03:00:00,1325.81201171875,8.09114360809326,76.2216873168945
2018-11-08 03:10:00,1330.375,8.2388916015625,75.6433029174804
2018-11-08 03:20:00,1209.33605957031,8.07627487182617,75.9690017700195
2018-11-08 03:30:00,1289.15698242187,8.12724781036376,74.0996932983398
2018-11-08 03:40:00,1144.13098144531,7.77830600738525,75.0050201416015
2018-11-08 03:50:00,1132.67199707031,8.10000896453857,76.5311737060546
2018-11-08 04:00:00,1543.31896972656,9.03322792053222,76.509407043457
2018-11-08 04:10:00,1620.70703125,8.59349060058593,73.4912109375
2018-11-08 04:20:00,1286.67700195312,7.97289514541625,73.974983215332
2018-11-08 04:30:00,1135.97900390625,7.89275884628295,76.0371475219726
2018-11-08 04:40:00,1158.72094726562,7.79435300827026,74.5708618164062
2018-11-08 04:50:00,1028.94995117187,7.65458679199218,75.1220932006835
2018-11-08 05:00:00,1158.93994140625,7.81995391845703,73.7333831787109
2018-11-08 05:10:00,1232.9599609375,7.81685876846313,71.7348327636718
2018-11-08 05:20:00,1291.70495605468,7.94128799438476,72.7781524658203
2018-11-08 05:30:00,1451.81201171875,8.45806884765625,74.4396591186523
2018-11-08 05:40:00,1685.86901855468,8.88779830932617,73.4786224365234
2018-11-08 05:50:00,1554.32604980468,8.38630008697509,70.2022323608398
2018-11-08 06:00:00,1345.73303222656,8.05136013031005,68.4609985351562
2018-11-08 06:10:00,983.072875976562,7.35889196395874,68.4363937377929
2018-11-08 06:20:00,1017.01397705078,7.36467409133911,70.180320739746
2018-11-08 06:30:00,1051.12194824218,7.42566919326782,70.5938873291015
2018-11-08 06:40:00,1011.56799316406,7.41860103607177,70.4369812011718
2018-11-08 06:50:00,1049.75402832031,7.54163312911987,68.395637512207
2018-11-08 07:00:00,1105.98303222656,7.60902023315429,69.3505630493164
2018-11-08 07:10:00,872.682312011718,6.97863006591796,66.1302032470703
2018-11-08 07:20:00,599.508117675781,6.183039188385,64.8223571777343
2018-11-08 07:30:00,514.135681152343,5.86859083175659,66.3271713256835
2018-11-08 07:40:00,780.691711425781,6.77927923202514,68.5647430419921
2018-11-08 07:50:00,967.960998535156,7.06005716323852,69.5813827514648
2018-11-08 08:00:00,1068.76696777343,7.3627119064331,69.4677200317382
2018-11-08 08:10:00,979.657409667968,7.17502307891845,67.7501068115234
2018-11-08 08:20:00,877.186828613281,6.84118700027465,70.229637145996
2018-11-08 08:30:00,1027.48303222656,7.27854299545288,70.172866821289
2018-11-08 08:40:00,768.183715820312,6.64332199096679,68.5095520019531
2018-11-08 08:50:00,788.055786132812,6.67855215072631,69.1234664916992
2018-11-08 09:00:00,698.100219726562,6.46637392044067,71.551399230957
2018-11-08 09:10:00,601.393676757812,6.30482101440429,73.061782836914
2018-11-08 09:20:00,610.877075195312,6.35537195205688,70.7561416625976
2018-11-08 09:30:00,644.045288085937,6.45593214035034,75.5037002563476
2018-11-08 09:40:00,644.30322265625,6.47439718246459,75.1683807373046
2018-11-08 09:50:00,468.229705810546,5.81523609161376,71.4949722290039
2018-11-08 10:00:00,373.474304199218,5.40327882766723,67.9880828857421
2018-11-08 10:10:00,321.258697509765,5.11314678192138,70.567039489746
2018-11-08 10:20:00,346.449798583984,5.15165615081787,65.9417266845703
2018-11-08 10:30:00,695.093688964843,6.30245113372802,63.840648651123
2018-11-08 10:40:00,902.792114257812,7.016450881958,69.6082687377929
2018-11-08 10:50:00,695.621704101562,6.51639986038208,71.8790283203125
2018-11-08 11:00:00,674.095275878906,6.37245607376098,66.4707489013671
2018-11-08 11:10:00,723.335815429687,6.60283708572387,69.733657836914
2018-11-08 11:20:00,868.929870605468,6.87198877334594,66.4151763916015
2018-11-08 11:30:00,931.224426269531,6.93086004257202,58.9744606018066
2018-11-08 11:40:00,840.111511230468,6.85791778564453,60.5075988769531
2018-11-08 11:50:00,669.423889160156,6.2480149269104,56.4962501525878
2018-11-08 12:00:00,468.018798828125,5.56909084320068,57.6742286682128
2018-11-08 12:10:00,586.0322265625,5.91929101943969,59.0618591308593
2018-11-08 12:20:00,616.156616210937,6.26477003097534,55.7435493469238
2018-11-08 12:30:00,754.739807128906,6.56993007659912,57.8967704772949
2018-11-08 12:40:00,866.150329589843,6.7957911491394,55.845890045166
2018-11-08 12:50:00,788.653381347656,6.58228588104248,57.9062118530273
2018-11-08 13:00:00,646.992126464843,6.18133401870727,59.5576591491699
2018-11-08 13:10:00,657.4951171875,6.14525079727172,61.0177307128906
2018-11-08 13:20:00,688.919799804687,6.36622381210327,58.4634399414062
2018-11-08 13:30:00,559.278991699218,6.00678300857543,53.0078582763671
2018-11-08 13:40:00,894.349304199218,6.86937093734741,53.210578918457
2018-11-08 13:50:00,619.782409667968,6.14011478424072,58.7107810974121
2018-11-08 14:00:00,495.234313964843,5.85016107559204,56.6322593688964
2018-11-08 14:10:00,475.551696777343,5.57108688354492,55.896629333496
2018-11-08 14:20:00,663.606018066406,6.13554191589355,50.5683212280273
2018-11-08 14:30:00,1227.76794433593,7.57337713241577,57.2805709838867
2018-11-08 14:40:00,1256.52600097656,7.68295717239379,55.0252494812011
2018-11-08 14:50:00,1350.91394042968,7.66402387619018,52.2715492248535
2018-11-08 15:00:00,1030.10900878906,7.0198540687561,46.9585494995117
2018-11-08 15:10:00,1235.91198730468,7.55952978134155,51.0698204040527
2018-11-08 15:20:00,816.395385742187,6.64727210998535,56.2019882202148
2018-11-08 15:30:00,1424.57702636718,7.85248708724975,54.9382781982421
2018-11-08 15:40:00,1640.33801269531,8.11449146270751,55.1608390808105
2018-11-08 15:50:00,1266.68798828125,7.29600477218627,49.2034492492675
2018-11-08 16:00:00,1115.46997070312,7.23777103424072,51.7107009887695
2018-11-08 16:10:00,1842.59399414062,8.78718090057373,61.6393814086914
2018-11-08 16:20:00,1156.00805664062,7.31536722183227,62.2709007263183
2018-11-08 16:30:00,1395.40405273437,7.79105901718139,55.9287796020507
2018-11-08 16:40:00,511.614196777343,5.60659217834472,50.2130088806152
2018-11-08 16:50:00,1299.18005371093,7.65571117401123,58.48237991333
2018-11-08 17:00:00,668.533630371093,5.98797893524169,52.9594688415527
2018-11-08 17:10:00,1107.6259765625,7.13176918029785,54.055061340332
2018-11-08 17:20:00,1718.88696289062,8.59607601165771,61.9729995727539
2018-11-08 17:30:00,1485.70202636718,8.17663288116455,63.2420616149902
2018-11-08 17:40:00,1291.78100585937,7.76397705078125,57.180679321289
2018-11-08 17:50:00,1487.23498535156,7.89280986785888,54.9863700866699
2018-11-08 18:00:00,2034.03698730468,9.12180709838867,56.2402992248535
2018-11-08 18:10:00,2134.09204101562,9.38818359375,61.7730598449707
2018-11-08 18:20:00,1913.125,9.04382038116455,62.3950996398925
2018-11-08 18:30:00,1729.14697265625,8.67646694183349,65.1955032348632
2018-11-08 18:40:00,1730.626953125,8.5668134689331,64.0173568725585
2018-11-08 18:50:00,1873.5419921875,8.98626232147216,65.9664077758789
2018-11-08 19:00:00,1301.92895507812,7.84825611114501,66.7456588745117
2018-11-08 19:10:00,1771.47497558593,8.71410465240478,69.0402526855468
2018-11-08 19:20:00,1075.56103515625,7.1859917640686,70.714859008789
2018-11-08 19:30:00,1068.3349609375,7.33141613006591,68.1019668579101
2018-11-08 19:40:00,1464.70300292968,8.25202369689941,68.0511169433593
2018-11-08 19:50:00,1538.13598632812,8.34739589691162,65.0015335083007
2018-11-08 20:00:00,1358.49096679687,8.00656795501708,65.9709320068359
2018-11-08 20:10:00,1471.73901367187,8.2182331085205,67.8798599243164
2018-11-08 20:20:00,1236.83801269531,7.74572706222534,71.3291015625
2018-11-08 20:30:00,1546.35498046875,8.47600841522216,71.32958984375
2018-11-08 20:40:00,1634.20703125,8.52934646606445,71.6207122802734
2018-11-08 20:50:00,1804.33996582031,9.06919002532958,74.8211364746093
2018-11-08 21:00:00,1822.81396484375,8.96628475189208,71.2424697875976
2018-11-08 21:10:00,1851.06298828125,8.89522838592529,70.8569107055664
2018-11-08 21:20:00,1540.10498046875,8.39637660980224,69.2258605957031
2018-11-08 21:30:00,1552.74499511718,8.35062599182128,67.4449462890625
2018-11-08 21:40:00,1869.52099609375,8.97787189483642,70.3386688232421
2018-11-08 21:50:00,1984.07702636718,9.32398319244384,72.5120010375976
2018-11-08 22:00:00,1613.44201660156,8.55091094970703,71.6237030029296
2018-11-08 22:10:00,1861.00305175781,8.92678260803222,67.9011535644531
2018-11-08 22:20:00,1789.77099609375,8.81496238708496,69.4498214721679
2018-11-08 22:30:00,1800.55102539062,8.87398242950439,67.6851806640625
2018-11-08 22:40:00,1287.30798339843,7.92948007583618,68.249168395996
2018-11-08 22:50:00,1071.64904785156,7.50383186340332,67.0537567138671
2018-11-08 23:00:00,1119.95397949218,7.48593521118164,62.7336502075195
2018-11-08 23:10:00,1492.31701660156,8.27568912506103,65.8011474609375
2018-11-08 23:20:00,1491.10595703125,8.28572273254394,67.520652770996
2018-11-08 23:30:00,1470.37097167968,8.17774772644042,65.5903167724609
2018-11-08 23:40:00,1322.96301269531,7.89969301223754,64.3986129760742
2018-11-08 23:50:00,1322.18798828125,7.90917301177978,68.4287872314453
2018-11-09 00:00:00,1240.873046875,7.78225708007812,69.8852233886718
2018-11-09 00:10:00,1466.11901855468,8.43252563476562,65.7502517700195
2018-11-09 00:20:00,1392.73706054687,8.19040870666503,61.81782913208
2018-11-09 00:30:00,1027.67895507812,7.3279800415039,61.7007217407226
2018-11-09 00:40:00,1068.15002441406,7.43752479553222,61.5466003417968
2018-11-09 00:50:00,1147.92797851562,7.48049020767211,62.0504913330078
2018-11-09 01:00:00,1003.89697265625,7.20724010467529,59.3075218200683
2018-11-09 01:10:00,990.521728515625,7.20776319503784,58.4599304199218
2018-11-09 01:20:00,749.120788574218,6.61134195327758,57.8520202636718
2018-11-09 01:30:00,672.198425292968,6.45503711700439,61.6811218261718
2018-11-09 01:40:00,575.698303222656,6.00987911224365,62.3029289245605
2018-11-09 01:50:00,496.439514160156,5.80828380584716,60.7367782592773
2018-11-09 02:00:00,499.929901123046,5.95237922668457,56.0113410949707
2018-11-09 02:10:00,683.756469726562,6.51093101501464,53.1468086242675
2018-11-09 02:20:00,849.36669921875,6.86679983139038,51.7290115356445
2018-11-09 02:30:00,668.756774902343,6.45421409606933,51.9204292297363
2018-11-09 02:40:00,463.899597167968,5.81175184249877,51.790428161621
2018-11-09 02:50:00,394.015686035156,5.57853603363037,46.2982292175292
2018-11-09 03:00:00,508.12939453125,5.81671476364135,42.9286499023437
2018-11-09 03:10:00,443.552185058593,5.81707906723022,51.3162803649902
2018-11-09 03:20:00,375.023498535156,5.46708106994628,51.4430198669433
2018-11-09 03:30:00,382.790893554687,5.5108528137207,50.5718193054199
2018-11-09 03:40:00,535.963806152343,6.09121179580688,54.1696281433105
2018-11-09 03:50:00,479.487609863281,5.89024591445922,52.8636093139648
2018-11-09 04:00:00,431.291412353515,5.66831398010253,48.8625106811523
2018-11-09 04:10:00,647.106628417968,6.40563201904296,57.7902717590332
2018-11-09 04:20:00,536.062622070312,6.06133413314819,50.0990982055664
2018-11-09 04:30:00,576.856079101562,6.16916990280151,60.477970123291
2018-11-09 04:40:00,702.19482421875,6.61431884765625,57.1559715270996
2018-11-09 04:50:00,590.469116210937,6.22057104110717,55.8281784057617
2018-11-09 05:00:00,519.153991699218,6.01593017578125,55.7532997131347
2018-11-09 05:10:00,754.846008300781,6.72111415863037,52.0525588989257
2018-11-09 05:20:00,732.685729980468,6.66713905334472,52.5906410217285
2018-11-09 05:30:00,869.202270507812,6.98332118988037,52.011920928955
2018-11-09 05:40:00,947.966186523437,7.2597918510437,60.1410408020019
2018-11-09 05:50:00,1151.30004882812,7.67493820190429,58.8527793884277
2018-11-09 06:00:00,926.281616210937,7.12542819976806,58.2260284423828
2018-11-09 06:10:00,901.25732421875,7.04772520065307,57.6223602294921
2018-11-09 06:20:00,858.252380371093,7.08069801330566,61.7561492919921
2018-11-09 06:30:00,744.42626953125,6.76022911071777,61.7780799865722
2018-11-09 06:40:00,634.234924316406,6.47151803970336,57.0966682434082
2018-11-09 06:50:00,679.806884765625,6.45288896560668,55.4750289916992
2018-11-09 07:00:00,656.638427734375,6.28280210494995,55.2149581909179
2018-11-09 07:10:00,344.866485595703,5.25681495666503,58.3633995056152
2018-11-09 07:20:00,269.562896728515,4.82079982757568,56.3506889343261
2018-11-09 07:30:00,371.129486083984,5.44919919967651,61.1324005126953
2018-11-09 07:40:00,292.37109375,4.94999504089355,53.7484283447265
2018-11-09 07:50:00,257.584899902343,4.8748869895935,56.3934211730957
2018-11-09 08:00:00,81.0421600341796,3.62712788581848,41.6487197875976
2018-11-09 08:10:00,199.344100952148,4.41935300827026,34.4026718139648
2018-11-09 08:20:00,249.822692871093,4.6504201889038,30.1420993804931
2018-11-09 08:30:00,312.025299072265,5.1285400390625,33.9463500976562
2018-11-09 08:40:00,253.518905639648,4.79361295700073,26.6830406188964
2018-11-09 08:50:00,269.535491943359,4.89391803741455,23.1542205810546
2018-11-09 09:00:00,265.439086914062,4.9023470878601,22.4198894500732
2018-11-09 09:10:00,236.893096923828,4.77516078948974,27.830940246582
2018-11-09 09:20:00,169.747299194335,4.39666700363159,35.7087783813476
2018-11-09 09:30:00,105.898803710937,4.07327222824096,53.3379707336425
2018-11-09 09:40:00,31.2667198181152,3.40225291252136,51.4760208129882
2018-11-09 09:50:00,0.0,3.62137389183044,48.1160202026367
2018-11-09 10:00:00,290.662200927734,5.09633779525756,49.0347099304199
2018-11-09 10:10:00,249.868301391601,4.84962797164916,45.3528289794921
2018-11-09 10:20:00,207.518295288085,4.58827686309814,55.5698204040527
2018-11-09 10:30:00,186.024703979492,4.23807382583618,48.3291091918945
2018-11-09 10:40:00,411.420501708984,5.3786277770996,57.3625183105468
2018-11-09 10:50:00,640.2490234375,5.97702407836914,55.071418762207
2018-11-09 11:00:00,388.049285888671,5.21912717819213,59.3418388366699
2018-11-09 11:10:00,313.154907226562,5.11302804946899,64.5871200561523
2018-11-09 11:20:00,378.45278930664,5.42968988418579,61.7449493408203
2018-11-09 11:30:00,385.197296142578,5.17474508285522,51.6050796508789
2018-11-09 11:40:00,325.526489257812,5.08948612213134,44.0003013610839
2018-11-09 11:50:00,381.74951171875,5.06791687011718,51.6177291870117
2018-11-09 12:00:00,545.061828613281,5.77100610733032,56.2249183654785
2018-11-09 12:10:00,474.56298828125,5.5340552330017,58.8310394287109
2018-11-09 12:20:00,487.839111328125,5.66542911529541,60.0938186645507
2018-11-09 12:30:00,810.241882324218,6.66116189956665,60.6171607971191
2018-11-09 12:40:00,575.580688476562,6.01243019104003,62.5282287597656
2018-11-09 12:50:00,521.066711425781,5.72377920150756,50.5534782409667
2018-11-09 13:00:00,663.70458984375,6.31293487548828,50.988971710205
2018-11-09 13:10:00,737.846923828125,6.51304006576538,56.1871604919433
2018-11-09 13:20:00,866.913696289062,6.88188600540161,55.4663200378417
2018-11-09 13:30:00,784.197814941406,6.64921712875366,58.5582313537597
2018-11-09 13:40:00,1036.14697265625,7.31345891952514,58.421028137207
2018-11-09 13:50:00,845.774169921875,6.77967977523803,57.8326683044433
2018-11-09 14:00:00,900.152893066406,7.03124618530273,58.8134307861328
2018-11-09 14:10:00,950.632873535156,7.06737804412841,61.2705993652343
2018-11-09 14:20:00,1026.583984375,7.18595504760742,63.94527053833
2018-11-09 14:30:00,948.927429199218,7.07177782058715,59.9579391479492
2018-11-09 14:40:00,1293.58703613281,7.78250217437744,64.9504470825195
2018-11-09 14:50:00,1207.81201171875,7.64335203170776,63.0659408569335
2018-11-09 15:00:00,1296.13195800781,7.75766611099243,58.238410949707
2018-11-09 15:10:00,1225.05603027343,7.50285291671752,51.4130706787109
2018-11-09 15:20:00,1020.17199707031,7.07428407669067,52.749641418457
2018-11-09 15:30:00,816.62548828125,6.62649393081665,53.9917907714843
2018-11-09 15:40:00,953.526123046875,6.82120895385742,54.8143196105957
2018-11-09 15:50:00,1619.85205078125,8.41651630401611,62.7365493774414
2018-11-09 16:00:00,1425.51904296875,7.98413276672363,63.6207389831542
2018-11-09 16:10:00,1835.85498046875,8.86189079284667,62.6330299377441
2018-11-09 16:20:00,1565.0810546875,8.22718906402587,65.2949905395507
2018-11-09 16:30:00,1593.23706054687,8.36519527435302,67.4863891601562
2018-11-09 16:40:00,1131.46997070312,7.3775987625122,65.6408233642578
2018-11-09 16:50:00,1071.70495605468,7.36458492279052,65.1188430786132
2018-11-09 17:00:00,1124.72497558593,7.39604902267456,67.5392532348632
2018-11-09 17:10:00,1401.09301757812,7.96853685379028,64.6011734008789
2018-11-09 17:20:00,1246.41198730468,7.65491008758544,65.3465728759765
2018-11-09 17:30:00,1187.41796875,7.51989698410034,67.300796508789
2018-11-09 17:40:00,630.809204101562,6.24586820602416,71.1139678955078
2018-11-09 17:50:00,801.672485351562,6.61554718017578,72.6861495971679
2018-11-09 18:00:00,561.450988769531,5.93285989761352,72.5449829101562
2018-11-09 18:10:00,637.996826171875,6.30577087402343,68.6082229614257
2018-11-09 18:20:00,999.371887207031,7.16392707824707,69.3824462890625
2018-11-09 18:30:00,1052.15295410156,7.04975795745849,73.5171737670898
2018-11-09 18:40:00,1151.20300292968,7.64521408081054,69.5669403076171
2018-11-09 18:50:00,1013.93499755859,7.26823282241821,69.0735473632812
2018-11-09 19:00:00,1126.84997558593,7.45961999893188,67.2909393310546
2018-11-09 19:10:00,1423.958984375,8.06229305267333,68.5020675659179
2018-11-09 19:20:00,1279.13598632812,7.84119892120361,65.0932235717773
2018-11-09 19:30:00,1363.15197753906,7.93948698043823,69.9477462768554
2018-11-09 19:40:00,1443.19104003906,8.13415622711181,69.0298919677734
2018-11-09 19:50:00,1405.6240234375,8.04113960266113,70.9971466064453
2018-11-09 20:00:00,1607.83703613281,8.37238311767578,70.6407165527343
2018-11-09 20:10:00,1381.60498046875,8.04783535003662,72.5832290649414
2018-11-09 20:20:00,910.47900390625,7.02110195159912,72.2319183349609
2018-11-09 20:30:00,860.047302246093,6.86756896972656,72.5506973266601
2018-11-09 20:40:00,735.106506347656,6.43468713760375,75.6661071777343
2018-11-09 20:50:00,826.613708496093,6.59407901763916,73.3658065795898
2018-11-09 21:00:00,817.264587402343,6.6201148033142,74.9067611694335
2018-11-09 21:10:00,533.510375976562,5.62004709243774,79.293098449707
2018-11-09 21:20:00,642.996887207031,6.02243185043334,76.9754562377929
2018-11-09 21:30:00,435.588012695312,5.25477218627929,79.4868469238281
2018-11-09 21:40:00,584.043579101562,5.93099880218505,74.9667434692382
2018-11-09 21:50:00,860.707275390625,6.75833892822265,75.2611618041992
2018-11-09 22:00:00,730.650085449218,6.43809509277343,73.0249862670898
2018-11-09 22:10:00,737.322082519531,6.54788398742675,74.7512588500976
2018-11-09 22:20:00,1064.40795898437,7.31068277359008,71.9884490966796
2018-11-09 22:30:00,1133.59497070312,7.45655298233032,70.6419601440429
2018-11-09 22:40:00,1079.12902832031,7.40434789657592,70.4894866943359
2018-11-09 22:50:00,1286.42602539062,7.68257904052734,72.2120208740234
2018-11-09 23:00:00,1455.13500976562,8.07057571411132,71.7259674072265
2018-11-09 23:10:00,1633.40600585937,8.43634986877441,73.499153137207
2018-11-09 23:20:00,1623.07800292968,8.46996212005615,75.5870132446289
2018-11-09 23:30:00,1470.90795898437,8.2905158996582,76.2963333129882
2018-11-09 23:40:00,1385.88403320312,8.16476440429687,74.8950729370117
2018-11-09 23:50:00,1074.82104492187,7.14455795288085,77.7835235595703
2018-11-10 00:00:00,854.458801269531,6.69437503814697,76.4800186157226
2018-11-10 00:10:00,950.629272460937,6.93591880798339,76.1012268066406
2018-11-10 00:20:00,779.41650390625,6.41129112243652,75.9736633300781
2018-11-10 00:30:00,585.170776367187,5.92688989639282,78.1323623657226
2018-11-10 00:40:00,405.085693359375,5.06203603744506,83.9389266967773
2018-11-10 00:50:00,443.108001708984,5.00208711624145,86.2092971801757
2018-11-10 01:00:00,372.070190429687,4.95691585540771,86.2334365844726
2018-11-10 01:10:00,713.742004394531,6.40634107589721,79.5344467163085
2018-11-10 01:20:00,696.275695800781,6.27643013000488,78.7776107788085
2018-11-10 01:30:00,731.059326171875,6.55741786956787,75.1106414794921
2018-11-10 01:40:00,532.583190917968,5.62418603897094,77.6632919311523
2018-11-10 01:50:00,943.709777832031,7.18727922439575,76.0204467773437
2018-11-10 02:00:00,830.775329589843,6.98708391189575,72.7437667846679
2018-11-10 02:10:00,1239.0439453125,7.74523210525512,72.1144638061523
2018-11-10 02:20:00,1267.39099121093,7.93967199325561,74.1264572143554
2018-11-10 02:30:00,1420.21301269531,8.16847801208496,73.0234069824218
2018-11-10 02:40:00,1527.93395996093,8.31561279296875,69.1178436279296
2018-11-10 02:50:00,1370.08898925781,8.18312263488769,64.7495880126953
2018-11-10 03:00:00,1066.05700683593,7.39122581481933,67.3311309814453
2018-11-10 03:10:00,1093.14794921875,7.47709083557128,66.541877746582
2018-11-10 03:20:00,1008.57598876953,7.20270299911499,65.7721633911132
2018-11-10 03:30:00,941.798400878906,7.06248807907104,65.611717224121
2018-11-10 03:40:00,885.508605957031,6.974365234375,68.3277511596679
2018-11-10 03:50:00,1272.59899902343,7.82609891891479,65.7147369384765
2018-11-10 04:00:00,1624.96594238281,8.45871257781982,65.7530288696289
2018-11-10 04:10:00,1261.69104003906,7.8225622177124,67.4142684936523
2018-11-10 04:20:00,1848.23999023437,9.03714942932128,67.6586227416992
2018-11-10 04:30:00,1635.87097167968,8.61108493804931,67.2217483520507
2018-11-10 04:40:00,1648.8349609375,8.5758056640625,65.6240997314453
2018-11-10 04:50:00,2016.76293945312,9.29451179504394,65.6728973388671
2018-11-10 05:00:00,2101.34790039062,9.47652053833007,65.3772277832031
2018-11-10 05:10:00,1974.14904785156,9.18360900878906,64.8632507324218
2018-11-10 05:20:00,1897.791015625,9.09909152984619,68.6442794799804
2018-11-10 05:30:00,1783.123046875,8.82236957550048,70.7258911132812
2018-11-10 05:40:00,1223.14904785156,7.75512886047363,73.2996368408203
2018-11-10 05:50:00,1130.74194335937,7.47007322311401,69.195701599121
2018-11-10 06:00:00,1058.87194824218,7.18112516403198,69.6508865356445
2018-11-10 06:10:00,1356.59497070312,7.8517050743103,70.1522216796875
2018-11-10 06:20:00,1321.14404296875,7.84707307815551,65.180793762207
2018-11-10 06:30:00,1137.81896972656,7.48161077499389,63.4468193054199
2018-11-10 06:40:00,872.58642578125,6.83450317382812,62.889060974121
2018-11-10 06:50:00,1321.24694824218,7.8931450843811,66.7477722167968
2018-11-10 07:00:00,1646.52294921875,8.63121128082275,69.4226303100585
2018-11-10 07:10:00,1208.29296875,7.641854763031,66.5762634277343
2018-11-10 07:20:00,1241.96997070312,7.61707115173339,71.3516693115234
2018-11-10 07:30:00,1218.69104003906,7.69664907455444,70.2116928100585
2018-11-10 07:40:00,1394.94396972656,8.05381965637207,72.7883529663085
2018-11-10 07:50:00,1132.57495117187,7.43108081817626,73.6330032348632
2018-11-10 08:00:00,814.536010742187,6.64633798599243,74.5644912719726
2018-11-10 08:10:00,994.691711425781,7.27171277999877,72.8692626953125
2018-11-10 08:20:00,898.242126464843,6.96433591842651,72.9352416992187
2018-11-10 08:30:00,1026.14599609375,7.31672000885009,73.8788223266601
2018-11-10 08:40:00,912.987487792968,6.9909381866455,75.7578430175781
2018-11-10 08:50:00,901.710327148437,6.97847890853881,72.9954071044921
2018-11-10 09:00:00,1006.7490234375,7.16094589233398,73.9331130981445
2018-11-10 09:10:00,712.438903808593,6.37318801879882,72.0448837280273
2018-11-10 09:20:00,534.770629882812,5.97837114334106,69.963623046875
2018-11-10 09:30:00,691.260986328125,6.39543199539184,67.2806396484375
2018-11-10 09:40:00,700.744079589843,6.53031682968139,62.7579002380371
2018-11-10 09:50:00,460.202209472656,5.66282796859741,66.1706771850585
2018-11-10 10:00:00,766.620788574218,6.65940189361572,71.2134475708007
2018-11-10 10:10:00,686.189392089843,6.39446115493774,69.7694931030273
2018-11-10 10:20:00,491.410888671875,5.74458980560302,69.1960906982421
2018-11-10 10:30:00,600.944274902343,6.15806722640991,66.2214965820312
2018-11-10 10:40:00,892.684875488281,7.03512096405029,67.7731094360351
2018-11-10 10:50:00,762.214904785156,6.61764907836914,63.3611907958984
2018-11-10 11:00:00,810.924987792968,6.7547869682312,64.162239074707
2018-11-10 11:10:00,632.626586914062,6.33154487609863,66.5643463134765
2018-11-10 11:20:00,589.465515136718,6.14582109451293,71.0468368530273
2018-11-10 11:30:00,708.046997070312,6.54359579086303,64.836196899414
2018-11-10 11:40:00,785.755981445312,6.71625614166259,66.7813034057617
2018-11-10 11:50:00,636.6533203125,6.36453390121459,66.2873382568359
2018-11-10 12:00:00,470.769409179687,5.57001113891601,64.6876525878906
2018-11-10 12:10:00,865.207214355468,6.90995407104492,62.5787811279296
2018-11-10 12:20:00,961.278686523437,7.11342906951904,65.9635467529296
2018-11-10 12:30:00,817.38720703125,6.84414815902709,65.4241714477539
2018-11-10 12:40:00,775.381774902343,6.71645021438598,65.5058135986328
2018-11-10 12:50:00,669.801025390625,6.32185697555541,62.4848709106445
2018-11-10 13:00:00,498.971588134765,5.76056003570556,63.0400810241699
2018-11-10 13:10:00,835.985778808593,6.88998794555664,57.4333992004394
2018-11-10 13:20:00,624.837219238281,6.16179704666137,50.5108108520507
2018-11-10 13:30:00,639.601318359375,6.17047500610351,49.4121894836425
2018-11-10 13:40:00,584.929626464843,6.01779317855834,53.6007690429687
2018-11-10 13:50:00,653.036315917968,6.29321718215942,56.2681694030761
2018-11-10 14:00:00,901.105529785156,6.97766304016113,58.0609092712402
2018-11-10 14:10:00,1005.30200195312,7.30767488479614,61.8902893066406
2018-11-10 14:20:00,1077.19995117187,7.3318920135498,61.7532806396484
2018-11-10 14:30:00,954.790588378906,7.09564590454101,64.5937805175781
2018-11-10 14:40:00,1167.01000976562,7.41506814956665,60.9992408752441
2018-11-10 14:50:00,1251.94104003906,7.64437103271484,59.7807998657226
2018-11-10 15:00:00,1307.28100585937,7.86736583709716,57.9071998596191
2018-11-10 15:10:00,933.261901855468,6.944580078125,50.5004005432128
2018-11-10 15:20:00,715.120483398437,6.31333208084106,54.2209892272949
2018-11-10 15:30:00,820.6279296875,6.77794504165649,56.5924797058105
2018-11-10 15:40:00,635.405212402343,6.19169187545776,56.5792694091796
2018-11-10 15:50:00,1044.97497558593,7.2453818321228,59.7938117980957
2018-11-10 16:00:00,1166.53894042968,7.5377550125122,58.5609397888183
2018-11-10 16:10:00,1281.61804199218,7.63851022720336,56.76655960083
2018-11-10 16:20:00,1621.1650390625,8.3781509399414,60.8238296508789
2018-11-10 16:30:00,1289.47998046875,7.65889692306518,62.2486686706542
2018-11-10 16:40:00,1336.42004394531,7.81702423095703,64.0375213623046
2018-11-10 16:50:00,1351.82397460937,7.83549213409423,63.5472412109375
2018-11-10 17:00:00,1340.53601074218,7.81878280639648,66.5980834960937
2018-11-10 17:10:00,1291.11303710937,7.72190189361572,70.2600936889648
2018-11-10 17:20:00,810.699584960937,6.58566379547119,75.1830368041992
2018-11-10 17:30:00,462.312896728515,5.31672382354736,82.1791687011718
2018-11-10 17:40:00,655.357299804687,5.97619199752807,81.0401763916015
2018-11-10 17:50:00,887.536926269531,6.92132806777954,77.8433990478515
2018-11-10 18:00:00,936.955993652343,7.16287517547607,76.5841369628906
2018-11-10 18:10:00,604.837524414062,6.08965110778808,78.0412826538085
2018-11-10 18:20:00,509.529602050781,5.5364990234375,81.1779403686523
2018-11-10 18:30:00,497.167297363281,5.63370895385742,78.9207763671875
2018-11-10 18:40:00,553.575378417968,5.47049522399902,82.9393768310546
2018-11-10 18:50:00,497.140808105468,5.50166606903076,82.0119400024414
2018-11-10 19:00:00,525.767272949218,5.65822315216064,80.8733215332031
2018-11-10 19:10:00,230.727600097656,4.30931091308593,81.4718017578125
2018-11-10 19:20:00,207.02049255371,4.22927522659301,83.5651397705078
2018-11-10 19:30:00,350.433197021484,4.89715480804443,81.823127746582
2018-11-10 19:40:00,136.87939453125,3.94610691070556,83.2740631103515
2018-11-10 19:50:00,318.325714111328,4.72975301742553,85.6071090698242
2018-11-10 20:00:00,137.033096313476,3.75544500350952,94.6036834716796
2018-11-10 20:10:00,107.627296447753,3.27262711524963,90.0906066894531
2018-11-10 20:20:00,56.3883514404296,2.88503003120422,89.8837203979492
2018-11-10 20:30:00,23.8241806030273,2.63589096069335,88.9468765258789
2018-11-10 20:40:00,8.07100296020507,2.12148189544677,103.05419921875
2018-11-10 20:50:00,0.0,1.78812801837921,129.646896362304
2018-11-10 21:00:00,0.0,1.24231898784637,161.515106201171
2018-11-10 21:10:00,0.0,0.953999996185302,151.663192749023
2018-11-10 21:20:00,0.0,0.9665421231465688,151.37209257100184
2018-11-10 21:30:00,0.0,0.9790842501078358,151.0809923929807
2018-11-10 21:40:00,0.0,0.9916263770691027,150.78989221495954
2018-11-10 21:50:00,0.0,1.0041685040303696,150.49879203693837
2018-11-10 22:00:00,0.0,1.0167106309916365,150.20769185891723
2018-11-10 22:10:00,0.0,1.0292527579529036,149.91659168089606
2018-11-10 22:20:00,,,
2018-11-10 22:30:00,,,
2018-11-10 22:40:00,,,
2018-11-10 22:50:00,,,
2018-11-10 23:00:00,,,
2018-11-10 23:10:00,,,
2018-11-10 23:20:00,,,
2018-11-10 23:30:00,,,
2018-11-10 23:40:00,,,
2018-11-10 23:50:00,,,
2018-11-11 00:00:00,,,
2018-11-11 00:10:00,,,
2018-11-11 00:20:00,,,
2018-11-11 00:30:00,,,
2018-11-11 00:40:00,,,
2018-11-11 00:50:00,,,
2018-11-11 01:00:00,,,
2018-11-11 01:10:00,,,
2018-11-11 01:20:00,,,
2018-11-11 01:30:00,,,
2018-11-11 01:40:00,,,
2018-11-11 01:50:00,,,
2018-11-11 02:00:00,,,
2018-11-11 02:10:00,,,
2018-11-11 02:20:00,,,
2018-11-11 02:30:00,,,
2018-11-11 02:40:00,,,
2018-11-11 02:50:00,,,
2018-11-11 03:00:00,,,
2018-11-11 03:10:00,,,
2018-11-11 03:20:00,,,
2018-11-11 03:30:00,,,
2018-11-11 03:40:00,,,
2018-11-11 03:50:00,,,
2018-11-11 04:00:00,,,
2018-11-11 04:10:00,,,
2018-11-11 04:20:00,,,
2018-11-11 04:30:00,,,
2018-11-11 04:40:00,,,
2018-11-11 04:50:00,,,
2018-11-11 05:00:00,,,
2018-11-11 05:10:00,,,
2018-11-11 05:20:00,,,
2018-11-11 05:30:00,,,
2018-11-11 05:40:00,,,
2018-11-11 05:50:00,,,
2018-11-11 06:00:00,,,
2018-11-11 06:10:00,,,
2018-11-11 06:20:00,,,
2018-11-11 06:30:00,,,
2018-11-11 06:40:00,,,
2018-11-11 06:50:00,,,
2018-11-11 07:00:00,,,
2018-11-11 07:10:00,,,
2018-11-11 07:20:00,,,
2018-11-11 07:30:00,,,
2018-11-11 07:40:00,,,
2018-11-11 07:50:00,,,
2018-11-11 08:00:00,,,
2018-11-11 08:10:00,,,
2018-11-11 08:20:00,,,
2018-11-11 08:30:00,,,
2018-11-11 08:40:00,,,
2018-11-11 08:50:00,,,
2018-11-11 09:00:00,,,
2018-11-11 09:10:00,,,
2018-11-11 09:20:00,,,
2018-11-11 09:30:00,,,
2018-11-11 09:40:00,,,
2018-11-11 09:50:00,,,
2018-11-11 10:00:00,,,
2018-11-11 10:10:00,,,
2018-11-11 10:20:00,,,
2018-11-11 10:30:00,,,
2018-11-11 10:40:00,,,
2018-11-11 10:50:00,,,
2018-11-11 11:00:00,,,
2018-11-11 11:10:00,,,
2018-11-11 11:20:00,,,
2018-11-11 11:30:00,,,
2018-11-11 11:40:00,,,
2018-11-11 11:50:00,,,
2018-11-11 12:00:00,,,
2018-11-11 12:10:00,,,
2018-11-11 12:20:00,,,
2018-11-11 12:30:00,,,
2018-11-11 12:40:00,,,
2018-11-11 12:50:00,,,
2018-11-11 13:00:00,,,
2018-11-11 13:10:00,,,
2018-11-11 13:20:00,,,
2018-11-11 13:30:00,,,
2018-11-11 13:40:00,,,
2018-11-11 13:50:00,,,
2018-11-11 14:00:00,,,
2018-11-11 14:10:00,,,
2018-11-11 14:20:00,,,
2018-11-11 14:30:00,,,
2018-11-11 14:40:00,,,
2018-11-11 14:50:00,,,
2018-11-11 15:00:00,,,
2018-11-11 15:10:00,,,
2018-11-11 15:20:00,,,
2018-11-11 15:30:00,,,
2018-11-11 15:40:00,,,
2018-11-11 15:50:00,,,
2018-11-11 16:00:00,,,
2018-11-11 16:10:00,,,
2018-11-11 16:20:00,,,
2018-11-11 16:30:00,,,
2018-11-11 16:40:00,,,
2018-11-11 16:50:00,,,
2018-11-11 17:00:00,,,
2018-11-11 17:10:00,,,
2018-11-11 17:20:00,,,
2018-11-11 17:30:00,,,
2018-11-11 17:40:00,,,
2018-11-11 17:50:00,,,
2018-11-11 18:00:00,,,
2018-11-11 18:10:00,,,
2018-11-11 18:20:00,,,
2018-11-11 18:30:00,,,
2018-11-11 18:40:00,,,
2018-11-11 18:50:00,,,
2018-11-11 19:00:00,,,
2018-11-11 19:10:00,,,
2018-11-11 19:20:00,,,
2018-11-11 19:30:00,,,
2018-11-11 19:40:00,,,
2018-11-11 19:50:00,,,
2018-11-11 20:00:00,,,
2018-11-11 20:10:00,,,
2018-11-11 20:20:00,,,
2018-11-11 20:30:00,,,
2018-11-11 20:40:00,,,
2018-11-11 20:50:00,,,
2018-11-11 21:00:00,,,
2018-11-11 21:10:00,,,
2018-11-11 21:20:00,,,
2018-11-11 21:30:00,,,
2018-11-11 21:40:00,,,
2018-11-11 21:50:00,,,
2018-11-11 22:00:00,,,
2018-11-11 22:10:00,,,
2018-11-11 22:20:00,,,
2018-11-11 22:30:00,,,
2018-11-11 22:40:00,,,
2018-11-11 22:50:00,,,
2018-11-11 23:00:00,,,
2018-11-11 23:10:00,,,
2018-11-11 23:20:00,,,
2018-11-11 23:30:00,,,
2018-11-11 23:40:00,,,
2018-11-11 23:50:00,,,
2018-11-12 00:00:00,,,
2018-11-12 00:10:00,,,
2018-11-12 00:20:00,,,
2018-11-12 00:30:00,,,
2018-11-12 00:40:00,,,
2018-11-12 00:50:00,,,
2018-11-12 01:00:00,,,
2018-11-12 01:10:00,,,
2018-11-12 01:20:00,,,
2018-11-12 01:30:00,,,
2018-11-12 01:40:00,,,
2018-11-12 01:50:00,,,
2018-11-12 02:00:00,,,
2018-11-12 02:10:00,,,
2018-11-12 02:20:00,,,
2018-11-12 02:30:00,,,
2018-11-12 02:40:00,,,
2018-11-12 02:50:00,,,
2018-11-12 03:00:00,,,
2018-11-12 03:10:00,,,
2018-11-12 03:20:00,,,
2018-11-12 03:30:00,,,
2018-11-12 03:40:00,,,
2018-11-12 03:50:00,,,
2018-11-12 04:00:00,,,
2018-11-12 04:10:00,,,
2018-11-12 04:20:00,,,
2018-11-12 04:30:00,,,
2018-11-12 04:40:00,,,
2018-11-12 04:50:00,,,
2018-11-12 05:00:00,,,
2018-11-12 05:10:00,,,
2018-11-12 05:20:00,,,
2018-11-12 05:30:00,,,
2018-11-12 05:40:00,,,
2018-11-12 05:50:00,,,
2018-11-12 06:00:00,,,
2018-11-12 06:10:00,,,
2018-11-12 06:20:00,,,
2018-11-12 06:30:00,,,
2018-11-12 06:40:00,,,
2018-11-12 06:50:00,,,
2018-11-12 07:00:00,,,
2018-11-12 07:10:00,,,
2018-11-12 07:20:00,,,
2018-11-12 07:30:00,,,
2018-11-12 07:40:00,,,
2018-11-12 07:50:00,,,
2018-11-12 08:00:00,,,
2018-11-12 08:10:00,,,
2018-11-12 08:20:00,,,
2018-11-12 08:30:00,,,
2018-11-12 08:40:00,,,
2018-11-12 08:50:00,,,
2018-11-12 09:00:00,,,
2018-11-12 09:10:00,,,
2018-11-12 09:20:00,,,
2018-11-12 09:30:00,,,
2018-11-12 09:40:00,,,
2018-11-12 09:50:00,,,
2018-11-12 10:00:00,,,
2018-11-12 10:10:00,,,
2018-11-12 10:20:00,,,
2018-11-12 10:30:00,,,
2018-11-12 10:40:00,,,
2018-11-12 10:50:00,,,
2018-11-12 11:00:00,,,
2018-11-12 11:10:00,,,
2018-11-12 11:20:00,,,
2018-11-12 11:30:00,,,
2018-11-12 11:40:00,,,
2018-11-12 11:50:00,,,
2018-11-12 12:00:00,,,
2018-11-12 12:10:00,,,
2018-11-12 12:20:00,,,
2018-11-12 12:30:00,,,
2018-11-12 12:40:00,,,
2018-11-12 12:50:00,,,
2018-11-12 13:00:00,,,
2018-11-12 13:10:00,,,
2018-11-12 13:20:00,,,
2018-11-12 13:30:00,,,
2018-11-12 13:40:00,,,
2018-11-12 13:50:00,,,
2018-11-12 14:00:00,,,
2018-11-12 14:10:00,,,
2018-11-12 14:20:00,,,
2018-11-12 14:30:00,,,
2018-11-12 14:40:00,,,
2018-11-12 14:50:00,,,
2018-11-12 15:00:00,,,
2018-11-12 15:10:00,,,
2018-11-12 15:20:00,,,
2018-11-12 15:30:00,,,
2018-11-12 15:40:00,,,
2018-11-12 15:50:00,,,
2018-11-12 16:00:00,,,
2018-11-12 16:10:00,,,
2018-11-12 16:20:00,,,
2018-11-12 16:30:00,,,
2018-11-12 16:40:00,,,
2018-11-12 16:50:00,,,
2018-11-12 17:00:00,,,
2018-11-12 17:10:00,,,
2018-11-12 17:20:00,,,
2018-11-12 17:30:00,,,
2018-11-12 17:40:00,,,
2018-11-12 17:50:00,,,
2018-11-12 18:00:00,,,
2018-11-12 18:10:00,,,
2018-11-12 18:20:00,,,
2018-11-12 18:30:00,,,
2018-11-12 18:40:00,,,
2018-11-12 18:50:00,,,
2018-11-12 19:00:00,,,
2018-11-12 19:10:00,,,
2018-11-12 19:20:00,,,
2018-11-12 19:30:00,,,
2018-11-12 19:40:00,,,
2018-11-12 19:50:00,,,
2018-11-12 20:00:00,,,
2018-11-12 20:10:00,,,
2018-11-12 20:20:00,,,
2018-11-12 20:30:00,,,
2018-11-12 20:40:00,,,
2018-11-12 20:50:00,,,
2018-11-12 21:00:00,,,
2018-11-12 21:10:00,,,
2018-11-12 21:20:00,,,
2018-11-12 21:30:00,,,
2018-11-12 21:40:00,,,
2018-11-12 21:50:00,,,
2018-11-12 22:00:00,,,
2018-11-12 22:10:00,,,
2018-11-12 22:20:00,,,
2018-11-12 22:30:00,,,
2018-11-12 22:40:00,,,
2018-11-12 22:50:00,,,
2018-11-12 23:00:00,,,
2018-11-12 23:10:00,,,
2018-11-12 23:20:00,,,
2018-11-12 23:30:00,,,
2018-11-12 23:40:00,,,
2018-11-12 23:50:00,,,
2018-11-13 00:00:00,,,
2018-11-13 00:10:00,,,
2018-11-13 00:20:00,,,
2018-11-13 00:30:00,,,
2018-11-13 00:40:00,,,
2018-11-13 00:50:00,,,
2018-11-13 01:00:00,,,
2018-11-13 01:10:00,,,
2018-11-13 01:20:00,,,
2018-11-13 01:30:00,,,
2018-11-13 01:40:00,,,
2018-11-13 01:50:00,,,
2018-11-13 02:00:00,,,
2018-11-13 02:10:00,,,
2018-11-13 02:20:00,,,
2018-11-13 02:30:00,,,
2018-11-13 02:40:00,,,
2018-11-13 02:50:00,,,
2018-11-13 03:00:00,,,
2018-11-13 03:10:00,,,
2018-11-13 03:20:00,,,
2018-11-13 03:30:00,,,
2018-11-13 03:40:00,,,
2018-11-13 03:50:00,,,
2018-11-13 04:00:00,,,
2018-11-13 04:10:00,,,
2018-11-13 04:20:00,,,
2018-11-13 04:30:00,,,
2018-11-13 04:40:00,,,
2018-11-13 04:50:00,,,
2018-11-13 05:00:00,,,
2018-11-13 05:10:00,,,
2018-11-13 05:20:00,,,
2018-11-13 05:30:00,,,
2018-11-13 05:40:00,,,
2018-11-13 05:50:00,,,
2018-11-13 06:00:00,,,
2018-11-13 06:10:00,,,
2018-11-13 06:20:00,,,
2018-11-13 06:30:00,,,
2018-11-13 06:40:00,,,
2018-11-13 06:50:00,,,
2018-11-13 07:00:00,,,
2018-11-13 07:10:00,,,
2018-11-13 07:20:00,,,
2018-11-13 07:30:00,,,
2018-11-13 07:40:00,,,
2018-11-13 07:50:00,,,
2018-11-13 08:00:00,,,
2018-11-13 08:10:00,,,
2018-11-13 08:20:00,,,
2018-11-13 08:30:00,,,
2018-11-13 08:40:00,,,
2018-11-13 08:50:00,,,
2018-11-13 09:00:00,,,
2018-11-13 09:10:00,,,
2018-11-13 09:20:00,,,
2018-11-13 09:30:00,,,
2018-11-13 09:40:00,,,
2018-11-13 09:50:00,,,
2018-11-13 10:00:00,,,
2018-11-13 10:10:00,,,
2018-11-13 10:20:00,,,
2018-11-13 10:30:00,,,
2018-11-13 10:40:00,,,
2018-11-13 10:50:00,,,
2018-11-13 11:00:00,,,
2018-11-13 11:10:00,,,
2018-11-13 11:20:00,,,
2018-11-13 11:30:00,,,
2018-11-13 11:40:00,,,
2018-11-13 11:50:00,,,
2018-11-13 12:00:00,,,
2018-11-13 12:10:00,,,
2018-11-13 12:20:00,,,
2018-11-13 12:30:00,,,
2018-11-13 12:40:00,,,
2018-11-13 12:50:00,,,
2018-11-13 13:00:00,,,
2018-11-13 13:10:00,,,
2018-11-13 13:20:00,,,
2018-11-13 13:30:00,,,
2018-11-13 13:40:00,,,
2018-11-13 13:50:00,,,
2018-11-13 14:00:00,,,
2018-11-13 14:10:00,,,
2018-11-13 14:20:00,,,
2018-11-13 14:30:00,,,
2018-11-13 14:40:00,,,
2018-11-13 14:50:00,,,
2018-11-13 15:00:00,,,
2018-11-13 15:10:00,,,
2018-11-13 15:20:00,,,
2018-11-13 15:30:00,,,
2018-11-13 15:40:00,,,
2018-11-13 15:50:00,,,
2018-11-13 16:00:00,,,
2018-11-13 16:10:00,,,
2018-11-13 16:20:00,,,
2018-11-13 16:30:00,,,
2018-11-13 16:40:00,,,
2018-11-13 16:50:00,,,
2018-11-13 17:00:00,,,
2018-11-13 17:10:00,,,
2018-11-13 17:20:00,,,
2018-11-13 17:30:00,,,
2018-11-13 17:40:00,,,
2018-11-13 17:50:00,,,
2018-11-13 18:00:00,,,
2018-11-13 18:10:00,,,
2018-11-13 18:20:00,,,
2018-11-13 18:30:00,,,
2018-11-13 18:40:00,,,
2018-11-13 18:50:00,,,
2018-11-13 19:00:00,,,
2018-11-13 19:10:00,,,
2018-11-13 19:20:00,,,
2018-11-13 19:30:00,,,
2018-11-13 19:40:00,,,
2018-11-13 19:50:00,,,
2018-11-13 20:00:00,,,
2018-11-13 20:10:00,,,
2018-11-13 20:20:00,,,
2018-11-13 20:30:00,,,
2018-11-13 20:40:00,,,
2018-11-13 20:50:00,,,
2018-11-13 21:00:00,,,
2018-11-13 21:10:00,,,
2018-11-13 21:20:00,,,
2018-11-13 21:30:00,,,
2018-11-13 21:40:00,,,
2018-11-13 21:50:00,,,
2018-11-13 22:00:00,,,
2018-11-13 22:10:00,,,
2018-11-13 22:20:00,,,
2018-11-13 22:30:00,,,
2018-11-13 22:40:00,,,
2018-11-13 22:50:00,,,
2018-11-13 23:00:00,,,
2018-11-13 23:10:00,,,
2018-11-13 23:20:00,,,
2018-11-13 23:30:00,,,
2018-11-13 23:40:00,,,
2018-11-13 23:50:00,,,
2018-11-14 00:00:00,,,
2018-11-14 00:10:00,,,
2018-11-14 00:20:00,,,
2018-11-14 00:30:00,,,
2018-11-14 00:40:00,,,
2018-11-14 00:50:00,,,
2018-11-14 01:00:00,,,
2018-11-14 01:10:00,,,
2018-11-14 01:20:00,,,
2018-11-14 01:30:00,,,
2018-11-14 01:40:00,,,
2018-11-14 01:50:00,,,
2018-11-14 02:00:00,,,
2018-11-14 02:10:00,,,
2018-11-14 02:20:00,,,
2018-11-14 02:30:00,,,
2018-11-14 02:40:00,,,
2018-11-14 02:50:00,,,
2018-11-14 03:00:00,,,
2018-11-14 03:10:00,,,
2018-11-14 03:20:00,,,
2018-11-14 03:30:00,,,
2018-11-14 03:40:00,,,
2018-11-14 03:50:00,,,
2018-11-14 04:00:00,,,
2018-11-14 04:10:00,,,
2018-11-14 04:20:00,,,
2018-11-14 04:30:00,,,
2018-11-14 04:40:00,,,
2018-11-14 04:50:00,,,
2018-11-14 05:00:00,,,
2018-11-14 05:10:00,,,
2018-11-14 05:20:00,,,
2018-11-14 05:30:00,,,
2018-11-14 05:40:00,,,
2018-11-14 05:50:00,,,
2018-11-14 06:00:00,,,
2018-11-14 06:10:00,,,
2018-11-14 06:20:00,,,
2018-11-14 06:30:00,,,
2018-11-14 06:40:00,,,
2018-11-14 06:50:00,,,
2018-11-14 07:00:00,,,
2018-11-14 07:10:00,,,
2018-11-14 07:20:00,,,
2018-11-14 07:30:00,,,
2018-11-14 07:40:00,,,
2018-11-14 07:50:00,,,
2018-11-14 08:00:00,,,
2018-11-14 08:10:00,,,
2018-11-14 08:20:00,,,
2018-11-14 08:30:00,,,
2018-11-14 08:40:00,,,
2018-11-14 08:50:00,,,
2018-11-14 09:00:00,,,
2018-11-14 09:10:00,,,
2018-11-14 09:20:00,,,
2018-11-14 09:30:00,,,
2018-11-14 09:40:00,,,
2018-11-14 09:50:00,,,
2018-11-14 10:00:00,,,
2018-11-14 10:10:00,,,
2018-11-14 10:20:00,,,
2018-11-14 10:30:00,,,
2018-11-14 10:40:00,,,
2018-11-14 10:50:00,,,
2018-11-14 11:00:00,,,
2018-11-14 11:10:00,,,
2018-11-14 11:20:00,,,
2018-11-14 11:30:00,,,
2018-11-14 11:40:00,,,
2018-11-14 11:50:00,,,
2018-11-14 12:00:00,0.0,7.48844814300537,0.0
2018-11-14 12:10:00,0.0,8.2585163116455,22.7300605773925
2018-11-14 12:20:00,0.0,9.46410465240478,19.4282207489013
2018-11-14 12:30:00,0.0,11.6107196807861,16.9726390838623
2018-11-14 12:40:00,0.0,11.765959739685,17.56734085083
2018-11-14 12:50:00,0.0,10.8236303329467,22.2729701995849
2018-11-14 13:00:00,0.0,11.4255895614624,19.2124805450439
2018-11-14 13:10:00,0.0,11.270299911499,21.1281108856201
2018-11-14 13:20:00,0.0,11.3635702133178,0.0
2018-11-14 13:30:00,0.0,9.39666938781738,27.9115390777587
2018-11-14 13:40:00,0.0,6.58197879791259,30.8199405670166
2018-11-14 13:50:00,0.0,6.52202987670898,28.8490104675292
2018-11-14 14:00:00,0.0,7.22322797775268,38.8165893554687
2018-11-14 14:10:00,0.0,6.27794981002807,33.9419708251953
2018-11-14 14:20:00,0.0,6.15562009811401,40.3415603637695
2018-11-14 14:30:00,0.0,6.66487884521484,38.8339691162109
2018-11-14 14:40:00,0.0,5.9588279724121,36.0375785827636
2018-11-14 14:50:00,0.0,6.42133617401123,38.9665298461914
2018-11-14 15:00:00,0.0,7.20979785919189,42.8889198303222
2018-11-14 15:10:00,0.0,6.3469271659851,37.9303817749023
2018-11-14 15:20:00,0.0,6.46640110015869,34.8766288757324
2018-11-14 15:30:00,0.0,6.64127016067504,35.5197601318359
2018-11-14 15:40:00,0.0,7.44416999816894,39.2818717956542
2018-11-14 15:50:00,0.0,6.35337591171264,36.2330703735351
2018-11-14 16:00:00,0.0,6.44962978363037,36.8191413879394
2018-11-14 16:10:00,0.0,5.3863821029663,33.8353385925292
2018-11-14 16:20:00,0.0,5.93680095672607,24.6075897216796
2018-11-14 16:30:00,0.0,5.95925998687744,32.6418685913085
2018-11-14 16:40:00,0.0,5.89126300811767,36.430191040039
2018-11-14 16:50:00,0.0,7.16624879837036,41.7327919006347
2018-11-14 17:00:00,814.444091796875,7.53121089935302,41.3639106750488
2018-11-14 17:10:00,1239.80895996093,7.54930686950683,41.0549507141113
2018-11-14 17:20:00,1718.45202636718,8.61040210723876,40.4229507446289
2018-11-14 17:30:00,1764.375,8.77293968200683,42.3444900512695
2018-11-14 17:40:00,1607.208984375,8.18965435028076,42.2520790100097
2018-11-14 17:50:00,1607.30004882812,8.22406196594238,38.7717895507812
2018-11-14 18:00:00,1597.72204589843,8.15665340423583,41.973030090332
2018-11-14 18:10:00,1662.76794433593,8.44289875030517,40.7427406311035
2018-11-14 18:20:00,1571.52404785156,8.07861709594726,39.6853408813476
2018-11-14 18:30:00,826.201293945312,6.52311515808105,40.2277793884277
2018-11-14 18:40:00,679.006774902343,6.29114198684692,40.2014808654785
2018-11-14 18:50:00,752.64501953125,6.47302389144897,39.4227905273437
2018-11-14 19:00:00,761.385925292968,6.47976207733154,42.5446014404296
2018-11-14 19:10:00,653.083129882812,6.24362516403198,42.282600402832
2018-11-14 19:20:00,897.659118652343,6.82128810882568,38.6739196777343
2018-11-14 19:30:00,802.153381347656,6.6135869026184,36.866340637207
2018-11-14 19:40:00,674.166870117187,6.34645795822143,44.7706909179687
2018-11-14 19:50:00,820.540588378906,6.76245594024658,45.0633888244628
2018-11-14 20:00:00,794.5595703125,6.73188114166259,46.6214904785156
2018-11-14 20:10:00,691.194885253906,6.42112493515014,50.9888496398925
2018-11-14 20:20:00,847.618286132812,6.86483812332153,51.2246208190917
2018-11-14 20:30:00,932.927124023437,7.02141284942626,50.8436813354492
2018-11-14 20:40:00,991.129821777343,7.17143678665161,44.625919342041
2018-11-14 20:50:00,938.889282226562,7.12962198257446,49.2578506469726
2018-11-14 21:00:00,933.18701171875,6.97720718383789,49.1691207885742
2018-11-14 21:10:00,801.114013671875,6.70145606994628,47.7528190612792
2018-11-14 21:20:00,807.677307128906,6.78970909118652,50.8998184204101
2018-11-14 21:30:00,734.153625488281,6.61974191665649,50.6544609069824
2018-11-14 21:40:00,975.62109375,7.10629177093505,43.5384216308593
2018-11-14 21:50:00,1037.09301757812,7.2381567955017,41.7928009033203
2018-11-14 22:00:00,920.979675292968,7.054132938385,45.7198410034179
2018-11-14 22:10:00,884.166015625,6.96935415267944,46.4782218933105
2018-11-14 22:20:00,791.471984863281,6.63545799255371,38.3471717834472
2018-11-14 22:30:00,652.362487792968,6.31469392776489,41.0796508789062
2018-11-14 22:40:00,510.090301513671,5.92879104614257,44.8207092285156
2018-11-14 22:50:00,430.889587402343,5.6535940170288,51.2708091735839
2018-11-14 23:00:00,416.476989746093,5.60410213470458,53.7649497985839
2018-11-14 23:10:00,319.569213867187,5.1931037902832,56.7655181884765
2018-11-14 23:20:00,358.972106933593,5.45277404785156,66.482307434082
2018-11-14 23:30:00,322.442413330078,5.20273685455322,58.89693069458
2018-11-14 23:40:00,240.170593261718,4.75454711914062,43.0614891052246
2018-11-14 23:50:00,247.701202392578,4.79835510253906,43.997200012207
2018-11-15 00:00:00,189.187301635742,4.54099607467651,39.3566284179687
2018-11-15 00:10:00,271.934112548828,4.98037481307983,35.4153099060058
2018-11-15 00:20:00,266.476104736328,4.93039178848266,44.3116989135742
2018-11-15 00:30:00,428.073089599609,5.70169878005981,37.0635795593261
2018-11-15 00:40:00,366.638793945312,5.50132083892822,44.3757896423339
2018-11-15 00:50:00,330.929901123046,5.22805404663085,46.8578605651855
2018-11-15 01:00:00,476.494201660156,5.68729305267333,49.279369354248
2018-11-15 01:10:00,477.164489746093,5.73522186279296,47.6574211120605
2018-11-15 01:20:00,430.813507080078,5.69297790527343,52.8049011230468
2018-11-15 01:30:00,333.029205322265,5.29896402359008,48.7785491943359
2018-11-15 01:40:00,355.555786132812,5.36198091506958,61.1927185058593
2018-11-15 01:50:00,343.709991455078,5.31603479385375,57.6545295715332
2018-11-15 02:00:00,176.436401367187,4.53198385238647,46.5092391967773
2018-11-15 02:10:00,10.9944295883178,3.24838089942932,53.3464088439941
2018-11-15 02:20:00,110.064598083496,4.26529693603515,71.4022369384765
2018-11-15 02:30:00,187.287994384765,4.8026270866394,72.6506195068359
2018-11-15 02:40:00,255.83349609375,5.06691598892211,72.4796829223632
2018-11-15 02:50:00,138.192993164062,4.2402172088623,74.7985382080078
2018-11-15 03:00:00,2.70126891136169,2.53170704841613,96.8850173950195
2018-11-15 03:10:00,110.427001953125,3.7732241153717,75.8365173339843
2018-11-15 03:20:00,74.0221862792968,3.84495902061462,69.0273132324218
2018-11-15 03:30:00,40.8736190795898,3.49303889274597,71.3308410644531
2018-11-15 03:40:00,14.6547298431396,3.13671803474426,77.0403594970703
2018-11-15 03:50:00,22.9226093292236,3.2954819202423,75.3907012939453
2018-11-15 04:00:00,141.630004882812,4.23502922058105,70.2624893188476
2018-11-15 04:10:00,252.858001708984,4.99336004257202,56.2490882873535
2018-11-15 04:20:00,199.099304199218,4.66821098327636,49.8401718139648
2018-11-15 04:30:00,26.8965492248535,3.34228301048278,46.4347610473632
2018-11-15 04:40:00,3.14412689208984,3.10456299781799,55.0435791015625
2018-11-15 04:50:00,0.0,2.59498500823974,83.5237426757812
2018-11-15 05:00:00,0.0,2.5954430103302,89.8301086425781
2018-11-15 05:10:00,0.0,3.03499698638916,95.2314071655273
2018-11-15 05:20:00,0.0,3.11135411262512,92.8113937377929
2018-11-15 05:30:00,0.0,2.72193694114685,92.9329833984375
2018-11-15 05:40:00,0.0,2.73014903068542,112.137496948242
2018-11-15 05:50:00,0.0,3.1067190170288,109.776802062988
2018-11-15 06:00:00,0.0,2.81169509887695,113.880897521972
2018-11-15 06:10:00,0.0,3.14088201522827,119.747703552246
2018-11-15 06:20:00,0.0,2.78833889961242,121.407997131347
2018-11-15 06:30:00,0.0,3.2035629749298,130.780502319335
2018-11-15 06:40:00,7.31867694854736,3.46651792526245,137.660507202148
2018-11-15 06:50:00,0.0,3.14442300796508,156.084899902343
2018-11-15 07:00:00,0.0,3.02796006202697,146.257705688476
2018-11-15 07:10:00,109.291603088378,4.59999990463256,137.013397216796
2018-11-15 07:20:00,66.1610031127929,4.08215999603271,136.898300170898
2018-11-15 07:30:00,0.414201110601425,2.13396406173706,156.758697509765
2018-11-15 07:40:00,0.0,1.36361300945281,189.539199829101
2018-11-15 07:50:00,0.0,1.45293402671813,197.87840270996
2018-11-15 08:00:00,0.0,0.818999826908111,15.933910369873
2018-11-15 08:10:00,0.0,0.366717010736465,250.740798950195
2018-11-15 08:20:00,0.0,0.564119815826416,64.740867614746
2018-11-15 08:30:00,0.0,0.693224787712097,211.459396362304
2018-11-15 08:40:00,0.0,0.877715408802032,206.754302978515
2018-11-15 08:50:00,0.0,0.841866612434387,209.674102783203
2018-11-15 09:00:00,0.0,1.8319489955902,211.181900024414
2018-11-15 09:10:00,0.0,2.54311299324035,200.409103393554
2018-11-15 09:20:00,3.76799607276916,3.49763298034667,197.442001342773
2018-11-15 09:30:00,2.57593297958374,3.71948599815368,198.423797607421
2018-11-15 09:40:00,57.9794311523437,3.86741209030151,191.759399414062
2018-11-15 09:50:00,116.981697082519,4.35354709625244,185.177993774414
2018-11-15 10:00:00,67.3766479492187,3.9782919883728,178.771499633789
2018-11-15 10:10:00,35.0314598083496,3.54534602165222,175.883804321289
2018-11-15 10:20:00,6.36886978149414,3.02883005142211,176.88980102539
2018-11-15 10:30:00,0.0,3.17170596122741,184.081604003906
2018-11-15 10:40:00,0.0,2.58489799499511,189.23860168457
2018-11-15 10:50:00,0.0,2.6164948940277,200.388900756835
2018-11-15 11:00:00,0.0,1.99611496925354,203.396896362304
2018-11-15 11:10:00,0.0,1.98811697959899,207.20669555664
2018-11-15 11:20:00,0.0,1.60843002796173,194.29409790039
2018-11-15 11:30:00,0.0,0.942369699478149,229.861297607421
2018-11-15 11:40:00,0.0,1.64992499351501,254.629898071289
2018-11-15 11:50:00,0.0,2.01998209953308,283.645385742187
2018-11-15 12:00:00,0.0,1.39612603187561,283.851898193359
2018-11-15 12:10:00,0.0,1.02832901477813,259.729614257812
2018-11-15 12:20:00,0.0,1.48107600212097,333.668212890625
2018-11-15 12:30:00,0.0,2.77486610412597,325.522491455078
2018-11-15 12:40:00,0.0,2.62912106513977,351.490997314453
2018-11-15 12:50:00,0.0,2.57934808731079,342.513092041015
2018-11-15 13:00:00,0.0,3.11540293693542,344.911193847656
2018-11-15 13:10:00,0.0,4.33993291854858,337.833709716796
2018-11-15 13:20:00,265.998107910156,4.91962814331054,359.684600830078
2018-11-15 13:30:00,396.480407714843,5.29986810684204,4.31616401672363
2018-11-15 13:40:00,204.249801635742,4.5268440246582,27.8454494476318
2018-11-15 13:50:00,100.12979888916,4.02250099182128,22.0859794616699
2018-11-15 14:00:00,131.586395263671,4.26639413833618,13.9929504394531
2018-11-15 14:10:00,113.96499633789,3.95326304435729,357.447509765625
2018-11-15 14:20:00,387.097198486328,5.123948097229,358.26708984375
2018-11-15 14:30:00,279.345611572265,4.80561399459838,1.98647797107696
2018-11-15 14:40:00,553.904479980468,5.19627285003662,354.354095458984
2018-11-15 14:50:00,885.019714355468,6.4870171546936,357.541900634765
2018-11-15 15:00:00,837.578430175781,6.47925901412963,4.45990085601806
2018-11-15 15:10:00,378.24429321289,5.23925304412841,28.4962902069091
2018-11-15 15:20:00,643.575805664062,6.05726099014282,31.4414501190185
2018-11-15 15:30:00,809.319580078125,6.48587322235107,33.8493499755859
2018-11-15 15:40:00,755.126770019531,6.35180377960205,42.7940406799316
2018-11-15 15:50:00,440.832611083984,5.50802421569824,37.9535484313964
2018-11-15 16:00:00,678.515991210937,6.09565877914428,26.0031795501708
2018-11-15 16:10:00,1234.53198242187,7.26284217834472,25.0327205657958
2018-11-15 16:20:00,1040.18200683593,6.86567878723144,23.114179611206
2018-11-15 16:30:00,2351.60009765625,9.39263153076171,20.7915000915527
2018-11-15 16:40:00,2164.02197265625,8.90927505493164,20.6822109222412
2018-11-15 16:50:00,3226.26708984375,11.0738401412963,18.7459506988525
2018-11-15 17:00:00,2379.30688476562,9.20825576782226,20.5470008850097
2018-11-15 17:10:00,2975.751953125,10.6200199127197,15.0955295562744
2018-11-15 17:20:00,2941.00903320312,10.1064701080322,8.61175727844238
2018-11-15 17:30:00,3467.5791015625,11.898229598999,13.6411895751953
2018-11-15 17:40:00,3454.05395507812,11.1463899612426,9.50463962554931
2018-11-15 17:50:00,2449.19702148437,9.44335556030273,20.1839199066162
2018-11-15 18:00:00,3022.13305664062,10.1382904052734,21.0559005737304
2018-11-15 18:10:00,2175.90991210937,9.02112579345703,26.4051990509033
2018-11-15 18:20:00,2498.19897460937,9.6106309890747,21.2798995971679
2018-11-15 18:30:00,2366.89794921875,9.15588092803955,18.2683906555175
2018-11-15 18:40:00,3296.52709960937,11.2593297958374,10.3148698806762
2018-11-15 18:50:00,3523.67700195312,12.0230998992919,17.012279510498
2018-11-15 19:00:00,2844.3291015625,10.2220096588134,15.3293504714965
2018-11-15 19:10:00,2328.8701171875,9.41357994079589,8.56812953948974
2018-11-15 19:20:00,2244.05908203125,9.43420982360839,12.9525203704833
2018-11-15 19:30:00,1832.46203613281,8.33113384246826,13.5981502532958
2018-11-15 19:40:00,2023.02905273437,8.7885456085205,4.03092002868652
2018-11-15 19:50:00,2221.52587890625,9.14423656463623,4.69469213485717
2018-11-15 20:00:00,2607.48510742187,9.80279731750488,358.261901855468
2018-11-15 20:10:00,2738.67602539062,10.2571296691894,11.3948802947998
2018-11-15 20:20:00,2303.90405273437,8.65833377838134,10.9094104766845
2018-11-15 20:30:00,2555.19311523437,9.18842411041259,6.62143898010253
2018-11-15 20:40:00,2519.99096679687,9.85048770904541,13.5776901245117
2018-11-15 20:50:00,1352.54699707031,7.41383409500122,10.6527500152587
2018-11-15 21:00:00,2356.56494140625,9.23556327819824,11.8419303894042
2018-11-15 21:10:00,2566.85400390625,9.48641777038574,0.327061504125595
2018-11-15 21:20:00,2258.212890625,9.28590965270996,356.504211425781
2018-11-15 21:30:00,1900.07897949218,8.45714664459228,0.704953074455261
2018-11-15 21:40:00,1961.63903808593,8.90029144287109,5.956552028656
2018-11-15 21:50:00,2715.4609375,10.3081502914428,8.12744903564453
2018-11-15 22:00:00,2964.30297851562,10.639760017395,14.2279996871948
2018-11-15 22:10:00,3185.11206054687,10.9286699295043,11.3030500411987
2018-11-15 22:20:00,2912.03295898437,10.6703996658325,12.5459203720092
2018-11-15 22:30:00,3140.90600585937,10.9442300796508,10.014100074768
2018-11-15 22:40:00,2499.72705078125,9.60525035858154,16.0514698028564
2018-11-15 22:50:00,2399.85791015625,9.17827701568603,13.5162897109985
2018-11-15 23:00:00,2302.53100585937,8.76049041748046,12.1435899734497
2018-11-15 23:10:00,2241.05395507812,8.99467945098876,14.1176900863647
2018-11-15 23:20:00,2060.65893554687,8.80561161041259,16.0244007110595
2018-11-15 23:30:00,1544.49096679687,8.19362258911132,22.87446975708
2018-11-15 23:40:00,1129.95495605468,7.30252885818481,25.1407108306884
2018-11-15 23:50:00,1346.48095703125,7.69651412963867,21.3477897644042
2018-11-16 00:00:00,1817.69604492187,8.62848091125488,13.5578203201293
2018-11-16 00:10:00,2499.78491210937,9.58075237274169,5.02281999588012
2018-11-16 00:20:00,2826.52587890625,10.0009698867797,5.02412700653076
2018-11-16 00:30:00,2671.07690429687,9.79909610748291,20.1714897155761
2018-11-16 00:40:00,1454.12902832031,7.77960205078125,26.5686702728271
2018-11-16 00:50:00,3083.07788085937,11.030400276184,8.66730880737304
2018-11-16 01:00:00,3578.9541015625,12.7743301391601,6.64378309249877
2018-11-16 01:10:00,3590.71801757812,13.5534496307373,4.74961519241333
2018-11-16 01:20:00,3495.69189453125,12.1395397186279,10.170479774475
2018-11-16 01:30:00,3346.44311523437,11.7263298034667,20.0601692199707
2018-11-16 01:40:00,3535.6669921875,12.0676002502441,15.5070695877075
2018-11-16 01:50:00,2949.05908203125,9.65388107299804,6.50260210037231
2018-11-16 02:00:00,3462.82104492187,12.0005102157592,358.205688476562
2018-11-16 02:10:00,2228.74291992187,8.65204429626464,353.647308349609
2018-11-16 02:20:00,3449.92211914062,12.5120401382446,13.4874601364135
2018-11-16 02:30:00,3506.49291992187,13.0883102416992,17.374059677124
2018-11-16 02:40:00,3589.22509765625,13.6074104309082,17.094289779663
2018-11-16 02:50:00,3594.06103515625,12.7696304321289,11.6327199935913
2018-11-16 03:00:00,3503.43090820312,12.6176595687866,11.0808601379394
2018-11-16 03:10:00,2982.70703125,10.8384704589843,359.176391601562
2018-11-16 03:20:00,2857.78393554687,10.3538303375244,352.713012695312
2018-11-16 03:30:00,3162.86791992187,10.9631900787353,5.37521696090698
2018-11-16 03:40:00,3259.3349609375,11.1099300384521,7.99193906784057
2018-11-16 03:50:00,3223.72802734375,11.3746500015258,20.9263706207275
2018-11-16 04:00:00,2197.54296875,9.37466239929199,20.4347496032714
2018-11-16 04:10:00,1825.77905273437,8.16682815551757,11.2994499206542
2018-11-16 04:20:00,2739.09399414062,10.5965299606323,352.7041015625
2018-11-16 04:30:00,3296.55908203125,11.4694700241088,354.95669555664
2018-11-16 04:40:00,3121.462890625,11.0129899978637,1.86820304393768
2018-11-16 04:50:00,2439.0791015625,9.51579856872558,4.63997316360473
2018-11-16 05:00:00,2254.00708007812,9.16012382507324,0.0863668099045753
2018-11-16 05:10:00,2613.36499023437,9.81320476531982,1.51659297943115
2018-11-16 05:20:00,1929.5830078125,8.33020210266113,356.515686035156
2018-11-16 05:30:00,3302.71997070312,11.1956195831298,353.133087158203
2018-11-16 05:40:00,2790.09912109375,9.94921684265136,351.918701171875
2018-11-16 05:50:00,2808.69091796875,10.5275402069091,358.906585693359
2018-11-16 06:00:00,2556.56909179687,9.46178245544433,0.329345405101776
2018-11-16 06:10:00,2086.93090820312,8.6011905670166,2.54602789878845
2018-11-16 06:20:00,2267.7109375,8.98367404937744,1.10060596466064
2018-11-16 06:30:00,3212.18798828125,11.0331296920776,350.724609375
2018-11-16 06:40:00,3172.22412109375,11.2145900726318,354.838897705078
2018-11-16 06:50:00,2218.67700195312,8.72170352935791,0.95210462808609
2018-11-16 07:00:00,2747.25805664062,10.2621002197265,3.23664999008178
2018-11-16 07:10:00,2841.5009765625,10.4373397827148,6.10689401626586
2018-11-16 07:20:00,3347.38793945312,11.4712800979614,11.7242403030395
2018-11-16 07:30:00,3508.31591796875,11.8711996078491,15.3735198974609
2018-11-16 07:40:00,3465.462890625,12.0502300262451,11.6817302703857
2018-11-16 07:50:00,3253.44799804687,11.7196702957153,8.30790710449218
2018-11-16 08:00:00,3016.51611328125,10.524450302124,8.10107421875
2018-11-16 08:10:00,2220.85400390625,8.7505292892456,7.02966213226318
2018-11-16 08:20:00,2737.90307617187,10.0097398757934,8.58363246917724
2018-11-16 08:30:00,3121.53295898437,10.813570022583,3.00391697883605
2018-11-16 08:40:00,2487.82690429687,9.8704137802124,3.05857610702514
2018-11-16 08:50:00,1872.76000976562,8.42960739135742,356.775390625
2018-11-16 09:00:00,2887.52099609375,10.8521995544433,18.5105590820312
2018-11-16 09:10:00,2258.0859375,9.42299079895019,5.24660491943359
2018-11-16 09:20:00,2042.20300292968,8.79948806762695,7.12557888031005
2018-11-16 09:30:00,1796.33703613281,8.55395317077636,358.137512207031
2018-11-16 09:40:00,2116.98706054687,9.02286911010742,358.019287109375
2018-11-16 09:50:00,2574.18408203125,9.89750862121582,11.6538095474243
2018-11-16 10:00:00,1989.3740234375,8.79186630249023,7.98484420776367
2018-11-16 10:10:00,1773.11303710937,8.55305385589599,12.4133901596069
2018-11-16 10:20:00,1744.80395507812,8.29995822906494,8.45698547363281
2018-11-16 10:30:00,2142.75805664062,8.97964000701904,348.949005126953
2018-11-16 10:40:00,2854.35009765625,10.0892496109008,348.962585449218
2018-11-16 10:50:00,2881.82690429687,10.2094898223876,347.732788085937
2018-11-16 11:00:00,2992.71801757812,10.8824596405029,351.340209960937
2018-11-16 11:10:00,1965.00598144531,8.55464172363281,355.306488037109
2018-11-16 11:20:00,2484.2080078125,9.57457542419433,357.721588134765
2018-11-16 11:30:00,2446.0810546875,9.46458435058593,1.07564795017242
2018-11-16 11:40:00,2609.67504882812,9.96915054321289,352.134796142578
2018-11-16 11:50:00,2476.18798828125,9.83179664611816,1.50781297683715
2018-11-16 12:00:00,1946.0439453125,8.4277753829956,0.634519577026367
2018-11-16 12:10:00,2637.43090820312,9.65661144256591,13.2558698654174
2018-11-16 12:20:00,2858.26196289062,10.4246597290039,15.2448902130126
2018-11-16 12:30:00,2435.8798828125,9.86421108245849,11.3918199539184
2018-11-16 12:40:00,2834.07690429687,10.4109296798706,5.25143194198608
2018-11-16 12:50:00,3048.88891601562,10.6182403564453,8.55562114715576
2018-11-16 13:00:00,3391.31591796875,11.1861200332641,13.912670135498
2018-11-16 13:10:00,3404.32495117187,11.3559503555297,10.3573703765869
2018-11-16 13:20:00,3039.7099609375,10.6269102096557,10.3228597640991
2018-11-16 13:30:00,2617.24291992187,9.87938976287841,12.213150024414
2018-11-16 13:40:00,3190.06298828125,10.6710596084594,5.51333808898925
2018-11-16 13:50:00,3272.56689453125,11.2597799301147,9.88974475860595
2018-11-16 14:00:00,3502.38696289062,11.8098096847534,10.9676504135131
2018-11-16 14:10:00,3018.14892578125,10.4239101409912,7.17922592163085
2018-11-16 14:20:00,3162.54296875,11.070969581604,9.75373554229736
2018-11-16 14:30:00,3561.13891601562,12.3393297195434,8.33093166351318
2018-11-16 14:40:00,3564.97509765625,11.9623003005981,8.36283016204833
2018-11-16 14:50:00,3473.44311523437,12.2194700241088,8.4932861328125
2018-11-16 15:00:00,3191.03393554687,10.7088098526,10.2143201828002
2018-11-16 15:10:00,2790.7080078125,10.3990297317504,10.5752401351928
2018-11-16 15:20:00,2819.669921875,10.1094303131103,11.0815496444702
2018-11-16 15:30:00,2748.333984375,9.98870372772216,10.1339197158813
2018-11-16 15:40:00,2922.98095703125,10.5330200195312,9.2150011062622
2018-11-16 15:50:00,2812.64306640625,10.3051300048828,10.6695203781127
2018-11-16 16:00:00,2518.39599609375,9.33444213867187,10.4210996627807
2018-11-16 16:10:00,2356.97802734375,9.3744306564331,12.8740100860595
2018-11-16 16:20:00,1943.44799804687,8.59467029571533,9.03147792816162
2018-11-16 16:30:00,2036.4169921875,8.37298393249511,11.9495201110839
2018-11-16 16:40:00,1802.15405273437,8.14586639404296,11.2700300216674
2018-11-16 16:50:00,2396.05102539062,9.65258026123046,15.4456996917724
2018-11-16 17:00:00,2290.64697265625,9.20863628387451,16.6430892944335
2018-11-16 17:10:00,2141.90893554687,8.76336860656738,19.1057395935058
2018-11-16 17:20:00,2070.04711914062,8.29274654388427,13.6997299194335
2018-11-16 17:30:00,1607.67102050781,7.73396778106689,13.1315298080444
2018-11-16 17:40:00,1622.38598632812,8.03970527648925,24.002269744873
2018-11-16 17:50:00,1432.01403808593,7.60626506805419,27.8504600524902
2018-11-16 18:00:00,1495.7509765625,7.73609399795532,22.5741004943847
2018-11-16 18:10:00,1631.35705566406,8.05906772613525,19.4621791839599
2018-11-16 18:20:00,1621.458984375,7.69564485549926,18.6566104888916
2018-11-16 18:30:00,943.576782226562,6.63158512115478,20.1933994293212
2018-11-16 18:40:00,1167.21105957031,7.12320184707641,24.9413890838623
2018-11-16 18:50:00,1235.52600097656,7.42127799987792,30.0217704772949
2018-11-16 19:00:00,1295.51794433593,7.69630289077758,34.1934204101562
2018-11-16 19:10:00,1422.9599609375,7.74151277542114,36.7368507385253
2018-11-16 19:20:00,1275.33996582031,7.45988798141479,34.7262001037597
2018-11-16 19:30:00,1167.47998046875,7.46644020080566,37.3157196044921
2018-11-16 19:40:00,861.906005859375,6.65757322311401,30.6810798645019
2018-11-16 19:50:00,461.315887451171,5.61154985427856,41.5441093444824
2018-11-16 20:00:00,1018.81298828125,6.78152894973754,34.7756614685058
2018-11-16 20:10:00,750.506286621093,6.26192903518676,34.7509307861328
2018-11-16 20:20:00,562.075317382812,5.81638622283935,38.815689086914
2018-11-16 20:30:00,590.745910644531,6.0375747680664,43.7593116760253
2018-11-16 20:40:00,619.605285644531,5.95288515090942,39.3249397277832
2018-11-16 20:50:00,531.41357421875,5.80236721038818,42.4795188903808
2018-11-16 21:00:00,890.467590332031,6.72244691848754,38.8355484008789
2018-11-16 21:10:00,758.3828125,6.46489286422729,44.533390045166
2018-11-16 21:20:00,657.81640625,6.2398190498352,50.2958984375
2018-11-16 21:30:00,903.910095214843,6.76845788955688,44.9311904907226
2018-11-16 21:40:00,843.867614746093,6.51899576187133,40.8856582641601
2018-11-16 21:50:00,695.968505859375,6.27911281585693,44.4790802001953
2018-11-16 22:00:00,784.784301757812,6.45055484771728,42.8856201171875
2018-11-16 22:10:00,581.55712890625,6.08727979660034,44.5387496948242
2018-11-16 22:20:00,575.040222167968,5.92349910736083,54.4471893310546
2018-11-16 22:30:00,975.597717285156,6.9281620979309,55.0706901550292
2018-11-16 22:40:00,1186.76403808593,7.41772508621215,47.0980186462402
2018-11-16 22:50:00,914.364624023437,6.70582914352416,44.3777389526367
2018-11-16 23:00:00,1065.64196777343,7.07241582870483,53.6921005249023
2018-11-16 23:10:00,863.939697265625,6.7487940788269,51.2773704528808
2018-11-16 23:20:00,1183.23803710937,7.32540321350097,54.9092903137207
2018-11-16 23:30:00,1240.73095703125,7.46480894088745,53.4594116210937
2018-11-16 23:40:00,1278.67199707031,7.24361276626586,48.0119895935058
2018-11-16 23:50:00,813.419311523437,6.55010414123535,51.4224281311035
2018-11-17 00:00:00,1073.18200683593,6.93409919738769,51.8653907775878
2018-11-17 00:10:00,1942.86804199218,8.62749195098876,55.8597908020019
2018-11-17 00:20:00,2109.78393554687,9.03985404968261,57.2156715393066
2018-11-17 00:30:00,2010.83898925781,9.01103687286376,56.4932899475097
2018-11-17 00:40:00,1708.57299804687,8.3317699432373,56.5361595153808
2018-11-17 00:50:00,1794.30798339843,8.50410175323486,51.8636894226074
2018-11-17 01:00:00,1215.27197265625,7.24612283706665,51.4587287902832
2018-11-17 01:10:00,1119.97595214843,7.37394189834594,52.3164482116699
2018-11-17 01:20:00,843.452880859375,6.47351312637329,48.206199645996
2018-11-17 01:30:00,1170.2060546875,7.23382520675659,54.8936080932617
2018-11-17 01:40:00,1566.18505859375,8.00553131103515,53.1717414855957
2018-11-17 01:50:00,1227.11901855468,7.30826091766357,51.5268516540527
2018-11-17 02:00:00,1702.8759765625,8.35419940948486,55.010440826416
2018-11-17 02:10:00,1782.25805664062,8.50812625885009,56.5471611022949
2018-11-17 02:20:00,2180.52709960937,9.28608036041259,56.5680198669433
2018-11-17 02:30:00,1924.95202636718,8.79453945159912,56.2472114562988
2018-11-17 02:40:00,2316.68188476562,9.37769031524658,53.9240493774414
2018-11-17 02:50:00,2160.09594726562,9.17344856262207,54.2243194580078
2018-11-17 03:00:00,2135.94702148437,9.29613494873046,56.9025802612304
2018-11-17 03:10:00,2094.07006835937,9.24350833892822,60.0087699890136
2018-11-17 03:20:00,2169.11206054687,9.21717643737792,58.1082000732421
2018-11-17 03:30:00,2467.09204101562,9.67454719543457,55.6956596374511
2018-11-17 03:40:00,2328.93603515625,9.53715991973876,56.1065788269042
2018-11-17 03:50:00,2021.30700683593,9.03879165649414,56.5794410705566
2018-11-17 04:00:00,2779.40600585937,10.5648097991943,62.1141891479492
2018-11-17 04:10:00,2791.09692382812,10.5149497985839,63.9833297729492
2018-11-17 04:20:00,2822.1669921875,10.3618698120117,63.8811988830566
2018-11-17 04:30:00,2866.34399414062,10.4988298416137,65.5801467895507
2018-11-17 04:40:00,2960.72998046875,10.899920463562,66.9292602539062
2018-11-17 04:50:00,2659.669921875,10.2674102783203,67.0908279418945
2018-11-17 05:00:00,2817.26391601562,10.5580396652221,67.4339370727539
2018-11-17 05:10:00,3197.36303710937,11.3825397491455,67.077781677246
2018-11-17 05:20:00,3085.3291015625,11.128680229187,67.7845764160156
2018-11-17 05:30:00,2715.67700195312,10.2743301391601,66.8040771484375
2018-11-17 05:40:00,2804.64111328125,10.4529800415039,66.7839431762695
2018-11-17 05:50:00,2606.28491210937,10.1991300582885,66.902976989746
2018-11-17 06:00:00,2130.93701171875,9.2655611038208,65.2033081054687
2018-11-17 06:10:00,2210.73999023437,9.42236900329589,65.0869674682617
2018-11-17 06:20:00,1983.06701660156,8.85392570495605,64.1431884765625
2018-11-17 06:30:00,1985.48498535156,8.88263130187988,69.4825363159179
2018-11-17 06:40:00,1898.18395996093,8.85427284240722,68.0532608032226
2018-11-17 06:50:00,2343.22802734375,9.70015716552734,68.2392807006835
2018-11-17 07:00:00,2309.4169921875,9.52481365203857,67.5278015136718
2018-11-17 07:10:00,2492.09692382812,9.89197635650634,67.2031936645507
2018-11-17 07:20:00,2702.6220703125,10.1419801712036,65.9073486328125
2018-11-17 07:30:00,2506.93090820312,9.85145282745361,66.9007720947265
2018-11-17 07:40:00,2474.162109375,9.80475425720214,69.0085830688476
2018-11-17 07:50:00,2513.98291015625,9.84299564361572,69.5937881469726
2018-11-17 08:00:00,2087.30200195312,9.1836986541748,70.8994369506835
2018-11-17 08:10:00,2139.02099609375,9.2048749923706,69.9276962280273
2018-11-17 08:20:00,1829.35900878906,8.61179447174072,68.8135528564453
2018-11-17 08:30:00,1457.86303710937,7.95157194137573,65.7191314697265
2018-11-17 08:40:00,1557.42700195312,8.11035728454589,65.9148406982421
2018-11-17 08:50:00,1549.00805664062,8.09037685394287,67.6151885986328
2018-11-17 09:00:00,1295.72399902343,7.70987319946289,71.3619232177734
2018-11-17 09:10:00,1010.63397216796,7.01863384246826,70.6365432739257
2018-11-17 09:20:00,939.115478515625,6.83746290206909,70.8398666381835
2018-11-17 09:30:00,1316.24304199218,7.55830001831054,70.807632446289
2018-11-17 09:40:00,1512.93798828125,8.04470443725585,71.9121780395507
2018-11-17 09:50:00,932.338012695312,6.81699895858764,75.1052780151367
2018-11-17 10:00:00,761.760375976562,6.32997894287109,76.0965423583984
2018-11-17 10:10:00,1020.20300292968,7.01112413406372,73.5924377441406
2018-11-17 10:20:00,1174.72802734375,7.51461696624755,73.3675308227539
2018-11-17 10:30:00,1133.46704101562,7.5037407875061,73.0485229492187
2018-11-17 10:40:00,793.974487304687,6.42153406143188,74.8399429321289
2018-11-17 10:50:00,649.500671386718,5.9767370223999,73.9607162475585
2018-11-17 11:00:00,730.236328125,6.34187602996826,72.7285079956054
2018-11-17 11:10:00,707.461975097656,6.18615818023681,72.9524993896484
2018-11-17 11:20:00,800.178527832031,6.72148180007934,73.4315795898437
2018-11-17 11:30:00,966.982727050781,7.00971412658691,74.0599975585937
2018-11-17 11:40:00,819.396179199218,6.58659505844116,76.2545166015625
2018-11-17 11:50:00,781.611999511718,6.67776823043823,73.065803527832
2018-11-17 12:00:00,884.467590332031,6.85913801193237,72.4593887329101
2018-11-17 12:10:00,1029.89099121093,7.33004283905029,71.4948577880859
2018-11-17 12:20:00,1095.39404296875,7.29517078399658,70.4993133544921
2018-11-17 12:30:00,926.351684570312,6.92282390594482,72.0492935180664
2018-11-17 12:40:00,1007.6669921875,7.09351778030395,70.32080078125
2018-11-17 12:50:00,1293.10095214843,7.66160297393798,68.8021697998046
2018-11-17 13:00:00,1298.17895507812,7.6641731262207,68.4364471435546
2018-11-17 13:10:00,1301.79602050781,7.67606401443481,66.7496337890625
2018-11-17 13:20:00,1370.55004882812,7.85976123809814,68.7505569458007
2018-11-17 13:30:00,1074.29895019531,7.14534378051757,66.3162689208984
2018-11-17 13:40:00,894.531311035156,6.78620195388793,69.4411697387695
2018-11-17 13:50:00,933.039672851562,6.87061119079589,68.2615127563476
2018-11-17 14:00:00,669.577819824218,6.30335807800292,66.0752334594726
2018-11-17 14:10:00,796.712219238281,6.65442895889282,66.0392227172851
2018-11-17 14:20:00,1105.07604980468,7.28338098526,63.8999099731445
2018-11-17 14:30:00,902.278991699218,6.83751201629638,69.761619567871
2018-11-17 14:40:00,1349.60400390625,7.71057987213134,67.9740371704101
2018-11-17 14:50:00,1380.68298339843,7.83280611038208,70.387336730957
2018-11-17 15:00:00,1803.583984375,8.69472599029541,72.1764526367187
2018-11-17 15:10:00,2024.541015625,9.30438995361328,74.8343200683593
2018-11-17 15:20:00,2030.51599121093,9.29738616943359,76.1461334228515
2018-11-17 15:30:00,1594.95202636718,8.38086605072021,75.9815597534179
2018-11-17 15:40:00,1430.92797851562,8.09688758850097,73.1332778930664
2018-11-17 15:50:00,1258.49499511718,7.61112880706787,74.2257537841796
2018-11-17 16:00:00,1119.95703125,7.10043001174926,73.0736389160156
2018-11-17 16:10:00,1288.42602539062,7.72948598861694,72.2952194213867
2018-11-17 16:20:00,1131.84094238281,7.49603509902954,75.2309112548828
2018-11-17 16:30:00,892.080871582031,6.70224523544311,75.6530532836914
2018-11-17 16:40:00,547.377380371093,5.1427412033081,80.4645767211914
2018-11-17 16:50:00,1263.92504882812,7.3906078338623,76.3856887817382
2018-11-17 17:00:00,2230.78491210937,9.6532859802246,75.6387634277343
2018-11-17 17:10:00,2715.25,10.6425199508666,74.7910537719726
2018-11-17 17:20:00,2383.27001953125,10.0810298919677,75.5717163085937
2018-11-17 17:30:00,2199.26391601562,8.91241836547851,81.464988708496
2018-11-17 17:40:00,2294.19091796875,8.99018287658691,80.413459777832
2018-11-17 17:50:00,2633.29809570312,9.77391815185546,81.4861831665039
2018-11-17 18:00:00,2128.873046875,8.83337593078613,80.9532470703125
2018-11-17 18:10:00,1873.56896972656,7.74786281585693,85.132080078125
2018-11-17 18:20:00,2201.66088867187,8.81709766387939,80.5406875610351
2018-11-17 18:30:00,2302.14990234375,8.91558933258056,82.3930206298828
2018-11-17 18:40:00,1788.91296386718,7.98797798156738,84.1493530273437
2018-11-17 18:50:00,1598.33898925781,7.5644998550415,83.4083404541015
2018-11-17 19:00:00,1734.33203125,7.77253913879394,84.7082138061523
2018-11-17 19:10:00,1003.25299072265,6.20006608963012,84.4728164672851
2018-11-17 19:20:00,1149.63903808593,6.48945999145507,87.7257232666015
2018-11-17 19:30:00,1108.04895019531,6.73644495010375,83.7661437988281
2018-11-17 19:40:00,965.955627441406,6.5019679069519,81.7886581420898
2018-11-17 19:50:00,995.790588378906,6.5580129623413,80.8983078002929
2018-11-17 20:00:00,1198.83996582031,6.77463388442993,83.1540832519531
2018-11-17 20:10:00,1318.03002929687,7.09591817855834,84.353889465332
2018-11-17 20:20:00,1050.78601074218,6.30484390258789,88.886360168457
2018-11-17 20:30:00,1008.93701171875,6.34200286865234,91.0643768310546
2018-11-17 20:40:00,979.365417480468,6.49287891387939,87.5326538085937
2018-11-17 20:50:00,910.111572265625,6.04418277740478,90.7599716186523
2018-11-17 21:00:00,527.630310058593,5.11027812957763,95.1312026977539
2018-11-17 21:10:00,934.947204589843,6.38153600692749,82.879783630371
2018-11-17 21:20:00,729.081726074218,5.54583311080932,86.4058532714843
2018-11-17 21:30:00,610.6337890625,5.42875099182128,100.021896362304
2018-11-17 21:40:00,1070.89697265625,6.55749177932739,101.846000671386
2018-11-17 21:50:00,1167.34301757812,6.71274185180664,97.9407806396484
2018-11-17 22:00:00,1357.71899414062,7.5643401145935,105.707702636718
2018-11-17 22:10:00,1182.02600097656,7.17867183685302,107.00299835205
2018-11-17 22:20:00,689.4072265625,6.14690923690795,107.796699523925
2018-11-17 22:30:00,601.870178222656,5.85090398788452,111.463897705078
2018-11-17 22:40:00,553.818420410156,5.90280294418334,110.151000976562
2018-11-17 22:50:00,949.899719238281,7.07770299911499,112.093002319335
2018-11-17 23:00:00,818.273315429687,6.24309921264648,108.36840057373
2018-11-17 23:10:00,242.130996704101,4.08900308609008,106.835296630859
2018-11-17 23:20:00,269.557800292968,4.27114009857177,102.666999816894
2018-11-17 23:30:00,469.317413330078,5.0234408378601,98.3394012451171
2018-11-17 23:40:00,297.8623046875,4.28201818466186,98.3751678466796
2018-11-17 23:50:00,198.728897094726,3.94851899147033,104.669403076171
2018-11-18 00:00:00,123.278800964355,3.90327596664428,112.221702575683
2018-11-18 00:10:00,198.055999755859,3.84098100662231,99.9199676513671
2018-11-18 00:20:00,318.278503417968,4.26178884506225,80.7911529541015
2018-11-18 00:30:00,441.792694091796,4.94413995742797,76.5651779174804
2018-11-18 00:40:00,1163.80200195312,7.50026416778564,76.0495529174804
2018-11-18 00:50:00,1694.03601074218,9.19184112548828,75.5972900390625
2018-11-18 01:00:00,1362.59704589843,7.64581298828125,75.8286972045898
2018-11-18 01:10:00,1158.47595214843,7.11841106414794,76.4079208374023
2018-11-18 01:20:00,593.885070800781,5.59456586837768,85.3704833984375
2018-11-18 01:30:00,715.914672851562,5.83814716339111,78.375389099121
2018-11-18 01:40:00,444.496887207031,4.72931289672851,82.2397003173828
2018-11-18 01:50:00,421.410491943359,4.79083681106567,83.1518630981445
2018-11-18 02:00:00,357.510314941406,4.58363008499145,83.8004837036132
2018-11-18 02:10:00,785.467102050781,6.49215507507324,74.6588668823242
2018-11-18 02:20:00,1211.11901855468,7.5373477935791,70.8181533813476
2018-11-18 02:30:00,1274.94201660156,7.59549713134765,71.9464035034179
2018-11-18 02:40:00,1015.73498535156,6.67409992218017,77.6462478637695
2018-11-18 02:50:00,1203.31896972656,7.12972497940063,77.4655609130859
2018-11-18 03:00:00,786.141418457031,5.59978818893432,82.3651123046875
2018-11-18 03:10:00,909.782470703125,6.03403377532958,81.0641479492187
2018-11-18 03:20:00,1074.55505371093,6.62396907806396,80.152976989746
2018-11-18 03:30:00,1447.77001953125,7.89649581909179,77.3058624267578
2018-11-18 03:40:00,1258.623046875,7.37506008148193,80.2647323608398
2018-11-18 03:50:00,1025.21704101562,6.28390598297119,81.4533233642578
2018-11-18 04:00:00,1245.65795898437,6.85433292388916,80.9597473144531
2018-11-18 04:10:00,1378.07702636718,7.42511177062988,80.7881164550781
2018-11-18 04:20:00,1712.80395507812,8.44799423217773,77.3205184936523
2018-11-18 04:30:00,2249.99389648437,9.93359279632568,75.9125671386718
2018-11-18 04:40:00,2060.07690429687,9.46310997009277,75.4610214233398
2018-11-18 04:50:00,1624.23400878906,8.61550045013427,75.7645568847656
2018-11-18 05:00:00,1734.27197265625,8.62013435363769,74.854133605957
2018-11-18 05:10:00,2302.88110351562,9.83600616455078,74.3940505981445
2018-11-18 05:20:00,2189.86791992187,9.76968479156494,76.8100967407226
2018-11-18 05:30:00,1992.36499023437,9.55974197387695,75.8764495849609
2018-11-18 05:40:00,2445.31298828125,10.5812196731567,76.4417266845703
2018-11-18 05:50:00,1979.14294433593,9.44938278198242,74.6820068359375
2018-11-18 06:00:00,1762.13696289062,8.8236961364746,76.0992813110351
2018-11-18 06:10:00,2091.94506835937,9.58108520507812,76.9715576171875
2018-11-18 06:20:00,2171.23095703125,9.8238525390625,78.0452117919921
2018-11-18 06:30:00,2101.2548828125,9.30597782135009,79.6864166259765
2018-11-18 06:40:00,2191.71997070312,9.51184940338134,79.6573867797851
2018-11-18 06:50:00,2363.78393554687,9.63221263885498,79.1122131347656
2018-11-18 07:00:00,1761.49194335937,7.6706519126892,80.7044296264648
2018-11-18 07:10:00,1615.78405761718,7.20553922653198,83.4078369140625
2018-11-18 07:20:00,1299.73803710937,6.63444423675537,83.3275070190429
2018-11-18 07:30:00,1108.75903320312,6.52987384796142,84.6546173095703
2018-11-18 07:40:00,1714.95397949218,8.03893947601318,80.7275772094726
2018-11-18 07:50:00,2056.34912109375,9.48378181457519,77.9258880615234
2018-11-18 08:00:00,1291.52099609375,7.36814403533935,79.9551467895507
2018-11-18 08:10:00,855.571472167968,5.61471986770629,84.4874801635742
2018-11-18 08:20:00,878.455078125,5.79127311706542,88.031753540039
2018-11-18 08:30:00,1093.59997558593,6.13429021835327,87.5000228881835
2018-11-18 08:40:00,904.838012695312,5.87232017517089,91.0866928100585
2018-11-18 08:50:00,457.414611816406,4.69340515136718,91.2950363159179
2018-11-18 09:00:00,260.93179321289,4.1794261932373,101.294197082519
2018-11-18 09:10:00,448.796905517578,5.12612915039062,97.041633605957
2018-11-18 09:20:00,481.710388183593,5.01581907272338,97.3832092285156
2018-11-18 09:30:00,364.841003417968,4.57389688491821,90.2394790649414
2018-11-18 09:40:00,381.568206787109,4.68045377731323,83.3501281738281
2018-11-18 09:50:00,220.524093627929,3.88831210136413,93.57958984375
2018-11-18 10:00:00,189.695602416992,3.90283393859863,98.8267669677734
2018-11-18 10:10:00,235.592895507812,3.88235902786254,90.7869873046875
2018-11-18 10:20:00,316.9130859375,4.47935819625854,88.242576599121
2018-11-18 10:30:00,324.352905273437,4.2935881614685,91.913963317871
2018-11-18 10:40:00,262.187713623046,4.19327020645141,85.1433486938476
2018-11-18 10:50:00,230.769607543945,4.23598480224609,82.4476470947265
2018-11-18 11:00:00,689.355895996093,6.15870714187622,78.0401611328125
2018-11-18 11:10:00,1117.67199707031,7.45398998260498,75.1548233032226
2018-11-18 11:20:00,1212.72802734375,7.76520109176635,74.1347122192382
2018-11-18 11:30:00,733.411926269531,5.97092485427856,80.5552597045898
2018-11-18 11:40:00,292.647888183593,4.24331998825073,87.5320587158203
2018-11-18 11:50:00,609.180603027343,5.55206203460693,78.397102355957
2018-11-18 12:00:00,380.045288085937,4.62068700790405,79.9439468383789
2018-11-18 12:10:00,320.505798339843,4.22901916503906,82.6454772949218
2018-11-18 12:20:00,212.160507202148,3.94996190071105,90.5041809082031
2018-11-18 12:30:00,88.2342071533203,3.47678899765014,103.863700866699
2018-11-18 12:40:00,299.796112060546,5.01980781555175,118.963401794433
2018-11-18 12:50:00,267.968200683593,4.92482995986938,118.597099304199
2018-11-18 13:00:00,344.184814453125,5.08461713790893,123.282096862792
2018-11-18 13:10:00,375.728698730468,5.30429697036743,131.206604003906
2018-11-18 13:20:00,517.876281738281,5.85492897033691,128.327804565429
2018-11-18 13:30:00,400.311309814453,5.57631397247314,126.283897399902
2018-11-18 13:40:00,314.437286376953,5.08408784866333,132.67919921875
2018-11-18 13:50:00,535.3671875,5.84746694564819,139.518096923828
2018-11-18 14:00:00,820.600280761718,6.67840480804443,144.573699951171
2018-11-18 14:10:00,1105.60705566406,7.2479281425476,153.905502319335
2018-11-18 14:20:00,1200.6669921875,7.42152786254882,158.455703735351
2018-11-18 14:30:00,1204.65197753906,7.43977880477905,164.271896362304
2018-11-18 14:40:00,1101.70397949218,7.30678606033325,169.426895141601
2018-11-18 14:50:00,1058.81701660156,7.11235523223876,167.588302612304
2018-11-18 15:00:00,1078.13500976562,7.12581300735473,167.784301757812
2018-11-18 15:10:00,1174.73706054687,7.37233686447143,165.474700927734
2018-11-18 15:20:00,1232.34802246093,7.55066585540771,168.315994262695
2018-11-18 15:30:00,1037.60595703125,7.03945589065551,170.144104003906
2018-11-18 15:40:00,784.853515625,6.48970890045166,171.022705078125
2018-11-18 15:50:00,788.456726074218,6.72583389282226,173.71629333496
2018-11-18 16:00:00,461.171295166015,5.72659921646118,174.216705322265
2018-11-18 16:10:00,286.806213378906,5.03319215774536,176.727401733398
2018-11-18 16:20:00,164.52439880371,4.41464614868164,183.716903686523
2018-11-18 16:30:00,209.693695068359,4.82184076309204,183.104904174804
2018-11-18 16:40:00,251.591506958007,5.09653711318969,176.084197998046
2018-11-18 16:50:00,140.267395019531,4.52675676345825,157.760498046875
2018-11-18 17:00:00,110.922096252441,4.30917501449584,139.908294677734
2018-11-18 17:10:00,101.440803527832,4.17589998245239,147.923599243164
2018-11-18 17:20:00,227.027893066406,4.93218278884887,151.183197021484
2018-11-18 17:30:00,178.835296630859,4.73976182937622,145.828903198242
2018-11-18 17:40:00,77.1342620849609,4.09650182723999,135.279098510742
2018-11-18 17:50:00,36.644718170166,3.51702690124511,135.158493041992
2018-11-18 18:00:00,22.3444595336914,3.52760910987854,143.483306884765
2018-11-18 18:10:00,343.570892333984,5.41888380050659,133.54150390625
2018-11-18 18:20:00,512.099304199218,5.90303707122802,133.417892456054
2018-11-18 18:30:00,1196.68896484375,7.72226619720458,131.667098999023
2018-11-18 18:40:00,1226.98400878906,7.58647489547729,136.82730102539
2018-11-18 18:50:00,1485.44897460937,8.26617622375488,141.973007202148
2018-11-18 19:00:00,1763.28002929687,8.33559513092041,156.06770324707
2018-11-18 19:10:00,1776.55700683593,8.44814586639404,164.819702148437
2018-11-18 19:20:00,1825.44104003906,8.54488945007324,169.880996704101
2018-11-18 19:30:00,2824.71508789062,10.6076002120971,167.872894287109
2018-11-18 19:40:00,2972.27490234375,11.0734996795654,166.304595947265
2018-11-18 19:50:00,3257.47802734375,11.5272598266601,169.543197631835
2018-11-18 20:00:00,3602.73999023437,13.0165395736694,172.533996582031
2018-11-18 20:10:00,3599.64892578125,12.6422700881958,170.452804565429
2018-11-18 20:20:00,3590.97192382812,12.505479812622,166.435592651367
2018-11-18 20:30:00,3549.90087890625,12.3744897842407,170.738296508789
2018-11-18 20:40:00,3405.52490234375,11.6912603378295,174.486999511718
2018-11-18 20:50:00,3591.84594726562,13.0188798904418,178.300598144531
2018-11-18 21:00:00,3569.31201171875,13.3055000305175,178.173706054687
2018-11-18 21:10:00,3521.26806640625,14.2419204711914,181.539199829101
2018-11-18 21:20:00,3488.39404296875,15.3989896774291,183.26350402832
2018-11-18 21:30:00,3460.76000976562,15.573049545288,185.824996948242
2018-11-18 21:40:00,3463.94995117187,15.8113899230957,185.221405029296
2018-11-18 21:50:00,3461.42504882812,15.8231801986694,185.04670715332
2018-11-18 22:00:00,3461.94995117187,15.809359550476,186.854202270507
2018-11-18 22:10:00,3462.51904296875,16.3317508697509,188.387893676757
2018-11-18 22:20:00,3461.63110351562,16.708869934082,189.587799072265
2018-11-18 22:30:00,3461.43310546875,16.1769199371337,188.214401245117
2018-11-18 22:40:00,3462.42407226562,16.1797199249267,187.517395019531
2018-11-18 22:50:00,3462.52709960937,16.2426204681396,189.818405151367
2018-11-18 23:00:00,3461.56811523437,15.6853399276733,188.544204711914
2018-11-18 23:10:00,3461.6669921875,15.6454401016235,185.681503295898
2018-11-18 23:20:00,3461.68188476562,16.2506408691406,185.681198120117
2018-11-18 23:30:00,3461.14990234375,16.6420803070068,185.86489868164
2018-11-18 23:40:00,3461.4541015625,16.1800804138183,186.759292602539
2018-11-18 23:50:00,3461.99291992187,16.472900390625,185.246398925781
2018-11-19 00:00:00,3461.5390625,16.9487209320068,186.026596069335
2018-11-19 00:10:00,3461.39892578125,17.190559387207,184.610900878906
2018-11-19 00:20:00,3460.85205078125,17.5457305908203,185.748596191406
2018-11-19 00:30:00,3460.90991210937,17.8406505584716,185.003799438476
2018-11-19 00:40:00,3461.31811523437,17.4351997375488,184.509506225585
2018-11-19 00:50:00,3461.77099609375,17.631399154663,185.670303344726
2018-11-19 01:00:00,3460.79809570312,17.5963897705078,187.480102539062
2018-11-19 01:10:00,3461.40991210937,17.8469009399414,187.517395019531
2018-11-19 01:20:00,3461.63305664062,19.0987205505371,187.223800659179
2018-11-19 01:30:00,3461.00805664062,19.8908901214599,185.248901367187
2018-11-19 01:40:00,3461.1708984375,20.4633407592773,184.934799194335
2018-11-19 01:50:00,3461.42700195312,19.6909408569335,183.057296752929
2018-11-19 02:00:00,3461.40600585937,18.6787891387939,183.220794677734
2018-11-19 02:10:00,3461.64404296875,19.1777000427246,183.653900146484
2018-11-19 02:20:00,3461.4990234375,19.1963596343994,182.437301635742
2018-11-19 02:30:00,3461.7470703125,18.660680770874,181.610900878906
2018-11-19 02:40:00,3461.14990234375,18.8808307647705,182.78579711914
2018-11-19 02:50:00,3461.82202148437,18.6807193756103,181.119796752929
2018-11-19 03:00:00,3462.67407226562,18.3542499542236,179.306503295898
2018-11-19 03:10:00,3462.46606445312,19.0355491638183,178.947006225585
2018-11-19 03:20:00,3463.0048828125,18.8996505737304,178.252197265625
2018-11-19 03:30:00,3463.02294921875,19.6962890625,178.595596313476
2018-11-19 03:40:00,3462.48388671875,19.1822490692138,178.474502563476
2018-11-19 03:50:00,3463.99389648437,17.9145698547363,179.530303955078
2018-11-19 04:00:00,3463.81103515625,18.0744895935058,182.214492797851
2018-11-19 04:10:00,3463.32690429687,17.1158695220947,178.446304321289
2018-11-19 04:20:00,3463.25903320312,17.3306407928466,180.250793457031
2018-11-19 04:30:00,3463.48388671875,17.7586708068847,179.335998535156
2018-11-19 04:40:00,3464.13598632812,16.0602092742919,177.269699096679
2018-11-19 04:50:00,3462.72509765625,17.1833992004394,178.76170349121
2018-11-19 05:00:00,3463.0029296875,17.9997692108154,178.445602416992
2018-11-19 05:10:00,3464.51611328125,18.1547393798828,180.01480102539
2018-11-19 05:20:00,3463.25390625,18.1772193908691,178.480499267578
2018-11-19 05:30:00,3461.60400390625,18.1351795196533,177.790695190429
2018-11-19 05:40:00,3461.78295898437,18.5083198547363,178.676498413085
2018-11-19 05:50:00,3461.09008789062,18.6758594512939,178.588806152343
2018-11-19 06:00:00,3461.94897460937,17.1736698150634,178.593795776367
2018-11-19 06:10:00,3462.13989257812,19.1656303405761,179.627197265625
2018-11-19 06:20:00,3461.76196289062,18.8329792022705,176.078201293945
2018-11-19 06:30:00,3461.71411132812,18.860689163208,175.92430114746
2018-11-19 06:40:00,3461.625,17.2096290588378,177.884506225585
2018-11-19 06:50:00,3461.71899414062,16.7671699523925,177.135696411132
2018-11-19 07:00:00,3461.458984375,16.6739292144775,179.289001464843
2018-11-19 07:10:00,3461.55102539062,17.556770324707,179.282394409179
2018-11-19 07:20:00,3462.44506835937,16.8096599578857,176.919296264648
2018-11-19 07:30:00,3463.06909179687,17.4443798065185,179.466995239257
2018-11-19 07:40:00,3462.85693359375,17.2982597351074,181.251800537109
2018-11-19 07:50:00,3462.63110351562,17.1845207214355,180.168792724609
2018-11-19 08:00:00,3462.02587890625,18.167890548706,182.21240234375
2018-11-19 08:10:00,3462.55102539062,17.4878807067871,182.061798095703
2018-11-19 08:20:00,3463.05908203125,16.9006996154785,183.54930114746
2018-11-19 08:30:00,3462.18798828125,16.5629196166992,181.741806030273
2018-11-19 08:40:00,3463.06494140625,16.8176898956298,183.189498901367
2018-11-19 08:50:00,3462.87109375,17.0117397308349,185.352493286132
2018-11-19 09:00:00,3599.34399414062,17.1695404052734,182.983703613281
2018-11-19 09:10:00,3602.4951171875,17.5567893981933,184.551498413085
2018-11-19 09:20:00,3602.60107421875,15.9708404541015,183.301895141601
2018-11-19 09:30:00,3602.64111328125,15.3958702087402,180.643203735351
2018-11-19 09:40:00,3602.30590820312,14.6036796569824,181.955001831054
2018-11-19 09:50:00,3581.52905273437,14.9692001342773,180.057907104492
2018-11-19 10:00:00,3562.95092773437,12.9638900756835,182.812698364257
2018-11-19 10:10:00,3495.76293945312,12.843370437622,183.057403564453
2018-11-19 10:20:00,3593.0400390625,13.3558702468872,182.935592651367
2018-11-19 10:30:00,3597.72509765625,14.3483200073242,183.784103393554
2018-11-19 10:40:00,3603.2548828125,15.239459991455,180.783599853515
2018-11-19 10:50:00,3602.80297851562,14.6410598754882,178.251007080078
2018-11-19 11:00:00,3599.93701171875,14.2924900054931,180.611404418945
2018-11-19 11:10:00,3601.31591796875,14.2182703018188,184.358200073242
2018-11-19 11:20:00,3327.40502929687,11.8744497299194,181.89729309082
2018-11-19 11:30:00,3079.16088867187,11.2356700897216,200.741394042968
2018-11-19 11:40:00,3524.47509765625,12.0523996353149,202.515197753906
2018-11-19 11:50:00,3203.03491210937,11.1358699798583,200.526306152343
2018-11-19 12:00:00,2268.89404296875,9.12882900238037,197.08740234375
2018-11-19 12:10:00,2331.77001953125,9.31523036956787,191.626205444335
2018-11-19 12:20:00,2044.28894042968,9.53671646118164,187.234100341796
2018-11-19 12:30:00,1572.19995117187,8.28261947631835,187.723205566406
2018-11-19 12:40:00,1758.80895996093,8.54466247558593,185.828506469726
2018-11-19 12:50:00,1524.83801269531,7.75938320159912,192.993606567382
2018-11-19 13:00:00,2622.34106445312,9.67389869689941,185.85969543457
2018-11-19 13:10:00,2573.59301757812,9.76091575622558,191.959594726562
2018-11-19 13:20:00,2318.29907226562,9.56771564483642,199.394699096679
2018-11-19 13:30:00,720.585571289062,6.20812702178955,209.39419555664
2018-11-19 13:40:00,1643.79602050781,8.01017475128173,195.565399169921
2018-11-19 13:50:00,2812.31201171875,10.1723899841308,184.608993530273
2018-11-19 14:00:00,2959.2470703125,10.5205602645874,188.961593627929
2018-11-19 14:10:00,2583.11010742187,10.2256298065185,200.021301269531
2018-11-19 14:20:00,1883.10705566406,8.96915435791015,187.810501098632
2018-11-19 14:30:00,1299.86694335937,7.54415321350097,201.559906005859
2018-11-19 14:40:00,416.563812255859,5.36407899856567,261.0791015625
2018-11-19 14:50:00,1224.64001464843,7.20814418792724,204.255004882812
2018-11-19 15:00:00,2221.98510742187,9.20702743530273,195.205795288085
2018-11-19 15:10:00,2175.77392578125,9.08219814300537,196.470993041992
2018-11-19 15:20:00,1509.88403320312,7.7871298789978,207.181900024414
2018-11-19 15:30:00,1977.61401367187,8.66412925720214,204.094696044921
2018-11-19 15:40:00,1715.25903320312,8.25588035583496,208.097503662109
2018-11-19 15:50:00,1109.125,7.13786315917968,203.933395385742
2018-11-19 16:00:00,470.969787597656,5.7262110710144,214.076995849609
2018-11-19 16:10:00,305.746398925781,4.92981386184692,225.469299316406
2018-11-19 16:20:00,254.041198730468,4.8939299583435,208.081802368164
2018-11-19 16:30:00,666.552307128906,5.70477294921875,243.80940246582
2018-11-19 16:40:00,1401.02502441406,7.84889984130859,222.675003051757
2018-11-19 16:50:00,1972.46398925781,8.67199039459228,224.280197143554
2018-11-19 17:00:00,2052.76098632812,8.94619846343994,226.253692626953
2018-11-19 17:10:00,1886.79699707031,8.51202964782714,230.539596557617
2018-11-19 17:20:00,2622.5419921875,9.95425796508789,224.89109802246
2018-11-19 17:30:00,2133.1220703125,8.86193084716796,212.059494018554
2018-11-19 17:40:00,2030.31005859375,8.76623725891113,206.654602050781
2018-11-19 17:50:00,2493.13696289062,9.7700662612915,206.591400146484
2018-11-19 18:00:00,1704.68896484375,8.38536071777343,207.581405639648
2018-11-19 18:10:00,2879.50903320312,10.8303699493408,208.529602050781
2018-11-19 18:20:00,3552.03002929687,15.2275104522705,206.525497436523
2018-11-19 18:30:00,3600.51708984375,16.9433803558349,214.050796508789
2018-11-19 18:40:00,3593.72412109375,14.7844200134277,224.634292602539
2018-11-19 18:50:00,3497.43090820312,13.1129999160766,231.368392944335
2018-11-19 19:00:00,3279.72509765625,11.6714897155761,241.26870727539
2018-11-19 19:10:00,3013.69799804687,10.8455295562744,243.053100585937
2018-11-19 19:20:00,3079.6640625,11.3678703308105,245.324005126953
2018-11-19 19:30:00,1654.26696777343,8.31207180023193,247.755996704101
2018-11-19 19:40:00,2253.2939453125,9.41996765136718,249.79539489746
2018-11-19 19:50:00,1726.05395507812,8.29615879058837,239.925903320312
2018-11-19 20:00:00,2282.06591796875,9.3008337020874,240.636596679687
2018-11-19 20:10:00,987.193420410156,6.92636013031005,237.536102294921
2018-11-19 20:20:00,784.09228515625,6.44355201721191,246.66209411621
2018-11-19 20:30:00,195.84910583496,4.49831819534301,255.023895263671
2018-11-19 20:40:00,336.388000488281,5.17974710464477,253.412200927734
2018-11-19 20:50:00,279.904205322265,4.8259801864624,258.543487548828
2018-11-19 21:00:00,149.832199096679,4.12859296798706,263.593109130859
2018-11-19 21:10:00,429.679504394531,5.52365207672119,249.638595581054
2018-11-19 21:20:00,874.258605957031,6.63931417465209,243.446502685546
2018-11-19 21:30:00,1039.3349609375,7.04946088790893,242.102401733398
2018-11-19 21:40:00,805.94482421875,6.53544807434082,233.370803833007
2018-11-19 21:50:00,670.761901855468,6.44483518600463,231.608795166015
2018-11-19 22:00:00,1004.68499755859,7.05689477920532,238.326705932617
2018-11-19 22:10:00,628.064270019531,6.08409404754638,239.664199829101
2018-11-19 22:20:00,480.951385498046,5.63867282867431,238.812301635742
2018-11-19 22:30:00,412.245300292968,5.37780094146728,243.231704711914
2018-11-19 22:40:00,510.497009277343,5.87198781967163,234.046600341796
2018-11-19 22:50:00,639.587524414062,6.10377311706542,229.011596679687
2018-11-19 23:00:00,1267.06799316406,7.73245286941528,225.388000488281
2018-11-19 23:10:00,1304.61901855468,7.81219387054443,222.841995239257
2018-11-19 23:20:00,1206.35705566406,7.37486791610717,227.339004516601
2018-11-19 23:30:00,1042.93005371093,7.31953191757202,220.356903076171
2018-11-19 23:40:00,960.67626953125,6.90814876556396,222.395904541015
2018-11-19 23:50:00,560.357299804687,5.94072723388671,228.013793945312
2018-11-20 00:00:00,485.892913818359,5.82753276824951,225.064895629882
2018-11-20 00:10:00,515.49658203125,5.73038578033447,217.637893676757
2018-11-20 00:20:00,653.078979492187,6.20726680755615,217.051696777343
2018-11-20 00:30:00,544.417907714843,6.10080003738403,213.126495361328
2018-11-20 00:40:00,610.299987792968,6.33921289443969,210.690704345703
2018-11-20 00:50:00,809.116882324218,6.66138696670532,222.648406982421
2018-11-20 01:00:00,502.790710449218,5.76728820800781,230.146102905273
2018-11-20 01:10:00,339.361511230468,5.3989667892456,224.638305664062
2018-11-20 01:20:00,299.603912353515,5.1244478225708,226.826705932617
2018-11-20 01:30:00,356.417785644531,5.22179698944091,224.904495239257
2018-11-20 01:40:00,422.846588134765,5.42921209335327,233.789596557617
2018-11-20 01:50:00,107.638397216796,3.8532440662384,242.845794677734
2018-11-20 02:00:00,400.037811279296,5.45460319519042,230.300903320312
2018-11-20 02:10:00,684.807189941406,6.48108911514282,221.340499877929
2018-11-20 02:20:00,578.659912109375,6.06599378585815,226.866500854492
2018-11-20 02:30:00,468.815490722656,5.65374708175659,226.984497070312
2018-11-20 02:40:00,320.015991210937,5.23658323287963,227.806900024414
2018-11-20 02:50:00,269.377685546875,4.9363842010498,229.117492675781
2018-11-20 03:00:00,365.947692871093,5.19942188262939,229.710494995117
2018-11-20 03:10:00,39.8988189697265,3.25846409797668,240.690200805664
2018-11-20 03:20:00,171.143096923828,4.21544694900512,231.274093627929
2018-11-20 03:30:00,379.456787109375,5.47275209426879,225.140594482421
2018-11-20 03:40:00,389.60791015625,5.49281978607177,218.255401611328
2018-11-20 03:50:00,314.792114257812,5.11253595352172,216.909805297851
2018-11-20 04:00:00,350.289794921875,5.21762180328369,218.613296508789
2018-11-20 04:10:00,393.116485595703,5.4178729057312,216.620895385742
2018-11-20 04:20:00,449.902313232421,5.73808813095092,219.013702392578
2018-11-20 04:30:00,369.138397216796,5.45621109008789,212.312805175781
2018-11-20 04:40:00,532.58447265625,5.93152523040771,208.537399291992
2018-11-20 04:50:00,237.72509765625,4.80029010772705,209.072601318359
2018-11-20 05:00:00,405.63980102539,5.68602418899536,202.997406005859
2018-11-20 05:10:00,397.387908935546,5.55947303771972,200.723602294921
2018-11-20 05:20:00,564.37841796875,6.18993520736694,202.370300292968
2018-11-20 05:30:00,635.815612792968,6.37142086029052,203.884994506835
2018-11-20 05:40:00,681.45849609375,6.40649795532226,193.168395996093
2018-11-20 05:50:00,748.811584472656,6.43253898620605,194.71580505371
2018-11-20 06:00:00,1023.125,7.27724504470825,201.053604125976
2018-11-20 06:10:00,754.916870117187,6.55556011199951,201.865203857421
2018-11-20 06:20:00,810.304382324218,6.78517723083496,199.752304077148
2018-11-20 06:30:00,995.108581542968,7.08910417556762,198.820007324218
2018-11-20 06:40:00,964.655517578125,7.02832412719726,203.853195190429
2018-11-20 06:50:00,854.401489257812,6.8947639465332,199.470504760742
2018-11-20 07:00:00,996.836486816406,7.13859987258911,189.177795410156
2018-11-20 07:10:00,1103.40405273437,7.29943704605102,190.069702148437
2018-11-20 07:20:00,1209.375,7.40615177154541,187.898498535156
2018-11-20 07:30:00,1448.00598144531,7.75058412551879,188.044601440429
2018-11-20 07:40:00,1068.35498046875,6.89773082733154,187.700393676757
2018-11-20 07:50:00,1160.26501464843,7.25007009506225,189.973602294921
2018-11-20 08:00:00,1143.52294921875,7.30445384979248,189.639999389648
2018-11-20 08:10:00,1179.998046875,7.29558515548706,194.318496704101
2018-11-20 08:20:00,991.919616699218,6.86469411849975,197.304504394531
2018-11-20 08:30:00,853.3427734375,6.52966022491455,199.928100585937
2018-11-20 08:40:00,1116.74194335937,7.28111505508422,202.191192626953
2018-11-20 08:50:00,841.896423339843,6.39775609970092,198.497802734375
2018-11-20 09:00:00,1028.21398925781,7.0155930519104,198.080795288085
2018-11-20 09:10:00,868.96728515625,6.44016599655151,200.633102416992
2018-11-20 09:20:00,619.6162109375,5.9802188873291,201.601303100585
2018-11-20 09:30:00,409.422607421875,5.06364917755126,201.717697143554
2018-11-20 09:40:00,657.170227050781,6.17931509017944,205.423904418945
2018-11-20 09:50:00,832.904113769531,6.68958616256713,207.391403198242
2018-11-20 10:00:00,693.490173339843,6.0502061843872,206.698898315429
2018-11-20 10:10:00,882.688781738281,6.79731321334838,206.52749633789
2018-11-20 10:20:00,817.228881835937,6.68316507339477,208.802505493164
2018-11-20 10:30:00,989.482727050781,7.31550312042236,206.94580078125
2018-11-20 10:40:00,852.004028320312,6.7281150817871,208.630599975585
2018-11-20 10:50:00,945.174987792968,6.87650823593139,205.89990234375
2018-11-20 11:00:00,710.475219726562,6.33874893188476,205.876998901367
2018-11-20 11:10:00,853.456115722656,6.63855123519897,202.576599121093
2018-11-20 11:20:00,1131.23498535156,7.19747686386108,199.730697631835
2018-11-20 11:30:00,911.855590820312,6.72094297409057,199.760101318359
2018-11-20 11:40:00,557.145629882812,5.83308982849121,203.724197387695
2018-11-20 11:50:00,868.528625488281,6.86588716506958,202.858306884765
2018-11-20 12:00:00,748.410583496093,6.4338059425354,203.454193115234
2018-11-20 12:10:00,934.127014160156,6.87449216842651,202.900695800781
2018-11-20 12:20:00,1034.03698730468,6.95316410064697,198.043701171875
2018-11-20 12:30:00,1417.04504394531,7.78200101852416,200.551406860351
2018-11-20 12:40:00,1123.14794921875,7.21257877349853,202.256301879882
2018-11-20 12:50:00,1246.75402832031,7.75197410583496,201.208206176757
2018-11-20 13:00:00,1004.82702636718,7.07032203674316,200.16079711914
2018-11-20 13:10:00,983.962219238281,6.82587003707885,199.68440246582
2018-11-20 13:20:00,1077.09594726562,7.15588903427124,202.841506958007
2018-11-20 13:30:00,1043.98205566406,7.13939809799194,202.949996948242
2018-11-20 13:40:00,2071.04711914062,9.57672786712646,194.611892700195
2018-11-20 13:50:00,3042.1240234375,11.5966796875,198.707305908203
2018-11-20 14:00:00,2968.24609375,11.2423095703125,195.113693237304
2018-11-20 14:10:00,2926.19702148437,11.2801704406738,196.764205932617
2018-11-20 14:20:00,3319.26708984375,12.2735004425048,198.282806396484
2018-11-20 14:30:00,3268.83203125,11.7957496643066,198.783599853515
2018-11-20 14:40:00,3050.67993164062,11.3104000091552,203.065704345703
2018-11-20 14:50:00,2893.60400390625,11.1120901107788,206.696395874023
2018-11-20 15:00:00,2982.09301757812,11.3232803344726,206.905807495117
2018-11-20 15:10:00,2797.95190429687,10.9774103164672,204.13980102539
2018-11-20 15:20:00,2531.2470703125,10.614800453186,203.072799682617
2018-11-20 15:30:00,2911.916015625,11.3190803527832,201.900802612304
2018-11-20 15:40:00,2834.65209960937,11.3198499679565,199.083602905273
2018-11-20 15:50:00,2636.97412109375,10.8310003280639,198.704895019531
2018-11-20 16:00:00,2298.22705078125,10.0104598999023,195.658004760742
2018-11-20 16:10:00,2318.23291015625,10.1821603775024,195.598403930664
2018-11-20 16:20:00,2345.43994140625,10.1836395263671,196.223800659179
2018-11-20 16:30:00,2145.73706054687,9.82437229156494,197.169296264648
2018-11-20 16:40:00,2287.68505859375,10.0460901260375,197.170196533203
2018-11-20 16:50:00,2374.57788085937,10.1537704467773,201.700103759765
2018-11-20 17:00:00,2162.34912109375,9.75646591186523,201.533996582031
2018-11-20 17:10:00,1954.46594238281,9.40710353851318,199.482696533203
2018-11-20 17:20:00,1839.16796875,9.13351821899414,203.738800048828
2018-11-20 17:30:00,1875.92602539062,9.21700382232666,207.278198242187
2018-11-20 17:40:00,2307.13500976562,10.0950002670288,204.721603393554
2018-11-20 17:50:00,2641.3779296875,10.6725902557373,205.581405639648
2018-11-20 18:00:00,2703.39501953125,10.8456401824951,204.078704833984
2018-11-20 18:10:00,2585.76904296875,10.6393404006958,202.97850036621
2018-11-20 18:20:00,2587.40307617187,10.6097803115844,204.652999877929
2018-11-20 18:30:00,2593.77197265625,10.6933002471923,202.511505126953
2018-11-20 18:40:00,2246.56298828125,10.2191400527954,197.85789489746
2018-11-20 18:50:00,2009.80200195312,9.49374675750732,197.967193603515
2018-11-20 19:00:00,2239.35205078125,9.99622631072998,198.552200317382
2018-11-20 19:10:00,2446.06591796875,10.3594303131103,198.363098144531
2018-11-20 19:20:00,2734.35693359375,10.9379901885986,199.945098876953
2018-11-20 19:30:00,2477.01293945312,10.5293397903442,197.132202148437
2018-11-20 19:40:00,2543.51391601562,10.737190246582,197.742294311523
2018-11-20 19:50:00,2589.73095703125,10.6215696334838,196.164596557617
2018-11-20 20:00:00,2739.76708984375,10.9826498031616,200.046997070312
2018-11-20 20:10:00,2871.64404296875,11.1917104721069,201.176498413085
2018-11-20 20:20:00,2708.39404296875,10.9583301544189,197.836395263671
2018-11-20 20:30:00,2460.67700195312,10.440710067749,198.638305664062
2018-11-20 20:40:00,2229.01708984375,9.97598457336425,203.219406127929
2018-11-20 20:50:00,2135.80908203125,9.56504154205322,204.887603759765
2018-11-20 21:00:00,2343.86596679687,10.2911596298217,203.222106933593
2018-11-20 21:10:00,2421.65893554687,10.5682401657104,200.616394042968
2018-11-20 21:20:00,2099.8798828125,10.0244598388671,198.876495361328
2018-11-20 21:30:00,2148.65307617187,9.77876663208007,197.545593261718
2018-11-20 21:40:00,2158.67993164062,9.6596393585205,196.83999633789
2018-11-20 21:50:00,2490.2880859375,10.2539796829223,199.49949645996
2018-11-20 22:00:00,2236.08911132812,9.54326152801513,198.671905517578
2018-11-20 22:10:00,2479.30908203125,10.330470085144,200.124694824218
2018-11-20 22:20:00,2425.31005859375,10.2822504043579,201.244003295898
2018-11-20 22:30:00,2561.82299804687,10.5341701507568,199.240097045898
2018-11-20 22:40:00,2555.455078125,10.4326000213623,198.797607421875
2018-11-20 22:50:00,2742.78002929687,10.9850902557373,200.091201782226
2018-11-20 23:00:00,2859.90698242187,11.2884798049926,195.154800415039
2018-11-20 23:10:00,2831.23193359375,11.3212099075317,193.637405395507
2018-11-20 23:20:00,2613.98095703125,11.047550201416,191.837203979492
2018-11-20 23:30:00,2491.80810546875,10.553560256958,190.381195068359
2018-11-20 23:40:00,2707.58203125,10.8682603836059,189.096893310546
2018-11-20 23:50:00,2592.54907226562,10.6192798614501,188.958297729492
2018-11-21 00:00:00,2396.06298828125,10.240870475769,188.816696166992
2018-11-21 00:10:00,2341.92309570312,10.077730178833,190.358993530273
2018-11-21 00:20:00,1971.89794921875,9.39988803863525,191.131698608398
2018-11-21 00:30:00,1675.81604003906,8.76391792297363,192.382995605468
2018-11-21 00:40:00,1815.63000488281,9.0858154296875,196.104598999023
2018-11-21 00:50:00,1610.86206054687,8.69365501403808,199.457305908203
2018-11-21 01:00:00,1665.36804199218,8.73171710968017,200.16160583496
2018-11-21 01:10:00,1796.8740234375,9.08515644073486,200.1083984375
2018-11-21 01:20:00,1737.75695800781,9.10525226593017,198.142501831054
2018-11-21 01:30:00,2072.37890625,9.73756694793701,196.595397949218
2018-11-21 01:40:00,1607.96997070312,8.85703754425048,195.033401489257
2018-11-21 01:50:00,1290.458984375,8.22429943084716,193.989395141601
2018-11-21 02:00:00,1078.13598632812,7.61348581314086,197.781295776367
2018-11-21 02:10:00,876.014526367187,7.16347980499267,197.881607055664
2018-11-21 02:20:00,1263.00598144531,8.284761428833,193.242294311523
2018-11-21 02:30:00,1907.71203613281,9.65947818756103,193.911193847656
2018-11-21 02:40:00,1652.666015625,9.16106986999511,192.815795898437
2018-11-21 02:50:00,1282.61206054687,8.26099967956542,192.749801635742
2018-11-21 03:00:00,1167.11694335937,7.87523794174194,192.738800048828
2018-11-21 03:10:00,1112.80895996093,7.77208614349365,190.009506225585
2018-11-21 03:20:00,1027.17797851562,7.49246406555175,188.998306274414
2018-11-21 03:30:00,1005.3330078125,7.45561599731445,189.159103393554
2018-11-21 03:40:00,834.348876953125,7.02435684204101,191.597305297851
2018-11-21 03:50:00,567.790222167968,6.28096723556518,193.289596557617
2018-11-21 04:00:00,412.817504882812,5.69122695922851,194.770706176757
2018-11-21 04:10:00,460.584503173828,5.94541120529174,200.339004516601
2018-11-21 04:20:00,413.62890625,5.83134222030639,197.171905517578
2018-11-21 04:30:00,428.818115234375,5.90321016311645,192.107498168945
2018-11-21 04:40:00,542.419982910156,6.18613290786743,188.26609802246
2018-11-21 04:50:00,766.6953125,6.91528701782226,183.193801879882
2018-11-21 05:00:00,719.028869628906,6.77801609039306,170.73989868164
2018-11-21 05:10:00,832.275024414062,7.04870700836181,161.716598510742
2018-11-21 05:20:00,1025.59399414062,7.30649709701538,160.421295166015
2018-11-21 05:30:00,918.755676269531,7.20957899093627,158.470092773437
2018-11-21 05:40:00,1056.78503417968,7.54377794265747,150.493301391601
2018-11-21 05:50:00,1417.33996582031,8.23444843292236,150.641998291015
2018-11-21 06:00:00,1195.42602539062,7.74635314941406,154.562896728515
2018-11-21 06:10:00,955.652099609375,7.2546968460083,154.1376953125
2018-11-21 06:20:00,1108.0439453125,7.74082994461059,146.974502563476
2018-11-21 06:30:00,1138.19995117187,7.78645515441894,141.309600830078
2018-11-21 06:40:00,861.408874511718,7.1186089515686,141.563095092773
2018-11-21 06:50:00,832.777526855468,6.92296314239501,147.390197753906
2018-11-21 07:00:00,867.737976074218,6.76493597030639,151.61669921875
2018-11-21 07:10:00,639.97509765625,6.27158498764038,148.48680114746
2018-11-21 07:20:00,451.688201904296,5.87362623214721,145.517303466796
2018-11-21 07:30:00,493.967895507812,5.9488878250122,149.065307617187
2018-11-21 07:40:00,477.814392089843,6.0128378868103,146.457595825195
2018-11-21 07:50:00,327.321685791015,5.43432998657226,143.14729309082
2018-11-21 08:00:00,268.362701416015,5.12741994857788,143.731292724609
2018-11-21 08:10:00,149.208404541015,4.48913097381591,142.392501831054
2018-11-21 08:20:00,45.9748992919921,3.51866698265075,150.678298950195
2018-11-21 08:30:00,26.2872295379638,3.05935096740722,162.351806640625
2018-11-21 08:40:00,0.57399970293045,2.8778851032257,169.934295654296
2018-11-21 08:50:00,0.0,2.58800292015075,203.673904418945
2018-11-21 09:00:00,25.3765506744384,3.79932594299316,206.482192993164
2018-11-21 09:10:00,23.3994808197021,3.25400900840759,210.318801879882
2018-11-21 09:20:00,348.281311035156,5.29955005645751,199.303298950195
2018-11-21 09:30:00,532.206970214843,5.90559911727905,221.220001220703
2018-11-21 09:40:00,413.237487792968,5.48099994659423,237.073196411132
2018-11-21 09:50:00,206.740600585937,4.59621620178222,237.050201416015
2018-11-21 10:00:00,291.33349609375,5.05603313446044,221.711196899414
2018-11-21 10:10:00,0.934334278106689,2.41345500946044,207.386001586914
2018-11-21 10:20:00,170.994598388671,4.27006578445434,203.317001342773
2018-11-21 10:30:00,35.284568786621,4.19551992416381,218.397598266601
2018-11-21 10:40:00,0.0,6.81527090072631,219.552597045898
2018-11-21 10:50:00,0.0,5.49199295043945,208.304397583007
2018-11-21 11:00:00,75.4340667724609,4.07049322128295,201.098800659179
2018-11-21 11:10:00,332.810302734375,5.04326820373535,190.965499877929
2018-11-21 11:20:00,850.272399902343,6.47170400619506,198.835800170898
2018-11-21 11:30:00,1172.52001953125,7.90467119216918,208.401000976562
2018-11-21 11:40:00,743.758605957031,6.80185079574584,210.592803955078
2018-11-21 11:50:00,706.136108398437,6.69496822357177,210.71499633789
2018-11-21 12:00:00,535.111389160156,6.05713081359863,211.680404663085
2018-11-21 12:10:00,521.496520996093,5.96746301651,211.89109802246
2018-11-21 12:20:00,407.730804443359,5.65784215927124,202.929504394531
2018-11-21 12:30:00,656.325073242187,6.37681007385253,188.179397583007
2018-11-21 12:40:00,661.587280273437,6.4516429901123,182.740798950195
2018-11-21 12:50:00,720.445922851562,6.85887002944946,179.387802124023
2018-11-21 13:00:00,657.329284667968,6.82586288452148,165.35789489746
2018-11-21 13:10:00,303.172302246093,5.33379697799682,151.47329711914
2018-11-21 13:20:00,361.333801269531,5.26610422134399,170.590606689453
2018-11-21 13:30:00,434.533386230468,5.65111923217773,179.818496704101
2018-11-21 13:40:00,772.728820800781,7.03916501998901,168.062301635742
2018-11-21 13:50:00,946.792419433593,7.33220195770263,162.882598876953
2018-11-21 14:00:00,923.390991210937,6.7906060218811,173.24169921875
2018-11-21 14:10:00,891.419616699218,6.96801090240478,174.597595214843
2018-11-21 14:20:00,849.11669921875,6.95667123794555,171.326202392578
2018-11-21 14:30:00,611.714782714843,6.11728811264038,176.934997558593
2018-11-21 14:40:00,645.44921875,6.37586879730224,176.768905639648
2018-11-21 14:50:00,1118.70300292968,7.44890022277832,174.902999877929
2018-11-21 15:00:00,1073.76000976562,7.01791477203369,190.791305541992
2018-11-21 15:10:00,813.847473144531,6.61387586593627,186.037292480468
2018-11-21 15:20:00,721.554870605468,6.49182605743408,192.007003784179
2018-11-21 15:30:00,1231.998046875,7.62118577957153,206.559600830078
2018-11-21 15:40:00,1660.56994628906,8.48224353790283,218.701705932617
2018-11-21 15:50:00,1686.42004394531,8.52986335754394,221.777801513671
2018-11-21 16:00:00,1464.708984375,8.1999864578247,221.543106079101
2018-11-21 16:10:00,1266.26599121093,7.83832216262817,222.137603759765
2018-11-21 16:20:00,1176.2080078125,7.81421613693237,218.814193725585
2018-11-21 16:30:00,964.4052734375,7.4627981185913,215.443298339843
2018-11-21 16:40:00,836.904174804687,6.99763584136962,217.789001464843
2018-11-21 16:50:00,680.344421386718,6.30607795715332,226.797805786132
2018-11-21 17:00:00,528.708312988281,5.9986548423767,232.076995849609
2018-11-21 17:10:00,532.081481933593,6.06775617599487,237.089492797851
2018-11-21 17:20:00,668.317199707031,6.5626220703125,245.027404785156
2018-11-21 17:30:00,494.298187255859,6.10771894454956,245.420501708984
2018-11-21 17:40:00,715.873229980468,6.69179582595825,245.366806030273
2018-11-21 17:50:00,783.876586914062,6.92876195907592,244.665298461914
2018-11-21 18:00:00,523.128601074218,6.13727092742919,245.102294921875
2018-11-21 18:10:00,430.36669921875,5.76521587371826,234.032897949218
2018-11-21 18:20:00,421.645385742187,5.76211404800415,230.358703613281
2018-11-21 18:30:00,469.697296142578,6.01317405700683,225.487594604492
2018-11-21 18:40:00,468.161987304687,6.12231922149658,216.875701904296
2018-11-21 18:50:00,420.863403320312,5.94213199615478,205.365097045898
2018-11-21 19:00:00,339.158386230468,5.51969814300537,206.154907226562
2018-11-21 19:10:00,398.394592285156,5.74758100509643,206.275207519531
2018-11-21 19:20:00,386.023193359375,5.58465099334716,201.268798828125
2018-11-21 19:30:00,598.125915527343,6.28904104232788,205.813201904296
2018-11-21 19:40:00,681.548400878906,6.51912307739257,208.708892822265
2018-11-21 19:50:00,605.2880859375,6.30050802230834,203.410293579101
2018-11-21 20:00:00,680.748229980468,6.34324693679809,204.737106323242
2018-11-21 20:10:00,866.579772949218,6.92841577529907,201.038696289062
2018-11-21 20:20:00,915.000183105468,7.18960380554199,199.990203857421
2018-11-21 20:30:00,941.858093261718,7.17756223678588,201.92039489746
2018-11-21 20:40:00,832.05029296875,6.98145818710327,201.821792602539
2018-11-21 20:50:00,789.828796386718,6.91941499710083,198.025695800781
2018-11-21 21:00:00,843.767517089843,7.02778100967407,196.4375
2018-11-21 21:10:00,791.901428222656,6.89710998535156,196.512603759765
2018-11-21 21:20:00,673.726623535156,6.44320011138916,201.321701049804
2018-11-21 21:30:00,486.066589355468,5.89547204971313,200.391403198242
2018-11-21 21:40:00,515.463317871093,5.87749004364013,205.283294677734
2018-11-21 21:50:00,594.71240234375,6.35572814941406,206.533493041992
2018-11-21 22:00:00,561.316772460937,6.25672483444213,206.360900878906
2018-11-21 22:10:00,616.820495605468,6.42461013793945,205.828094482421
2018-11-21 22:20:00,639.531921386718,6.48726797103881,207.808502197265
2018-11-21 22:30:00,688.52001953125,6.49238204956054,207.887496948242
2018-11-21 22:40:00,778.850891113281,6.60191297531127,209.672607421875
2018-11-21 22:50:00,783.769897460937,6.5907769203186,212.472793579101
2018-11-21 23:00:00,709.18212890625,6.46766090393066,214.071197509765
2018-11-21 23:10:00,615.43701171875,6.36449193954467,215.205703735351
2018-11-21 23:20:00,551.779479980468,5.99462890625,221.476196289062
2018-11-21 23:30:00,597.145324707031,6.15022087097167,226.921295166015
2018-11-21 23:40:00,557.687927246093,6.05479717254638,226.819396972656
2018-11-21 23:50:00,489.209289550781,5.78461599349975,228.435501098632
2018-11-22 00:00:00,560.320678710937,6.08427190780639,228.809600830078
2018-11-22 00:10:00,524.778381347656,5.95996713638305,227.218200683593
2018-11-22 00:20:00,390.986511230468,5.58171415328979,225.199996948242
2018-11-22 00:30:00,442.581512451171,5.68639802932739,224.668197631835
2018-11-22 00:40:00,464.867797851562,5.78502988815307,230.004898071289
2018-11-22 00:50:00,499.521514892578,5.97758817672729,225.817794799804
2018-11-22 01:00:00,435.065307617187,5.67618799209594,227.77830505371
2018-11-22 01:10:00,369.261291503906,5.5009422302246,229.943405151367
2018-11-22 01:20:00,159.01789855957,4.42463397979736,241.683502197265
2018-11-22 01:30:00,134.127899169921,4.33419513702392,248.132507324218
2018-11-22 01:40:00,113.874603271484,4.24297285079956,253.36570739746
2018-11-22 01:50:00,92.3272399902343,4.0307559967041,261.640197753906
2018-11-22 02:00:00,87.4894485473632,3.95302605628967,256.941802978515
2018-11-22 02:10:00,70.8936462402343,3.84495210647583,252.647598266601
2018-11-22 02:20:00,0.986532986164093,2.63781905174255,221.591598510742
2018-11-22 02:30:00,150.420196533203,4.4143419265747,214.532104492187
2018-11-22 02:40:00,84.0603332519531,3.97660708427429,221.258804321289
2018-11-22 02:50:00,18.2829303741455,3.19886994361877,232.890502929687
2018-11-22 03:00:00,0.0,1.61837303638458,257.905487060546
2018-11-22 03:10:00,0.0,1.23066198825836,269.075988769531
2018-11-22 03:20:00,0.0,1.71363103389739,274.898406982421
2018-11-22 03:30:00,0.0,1.33808696269989,268.24951171875
2018-11-22 03:40:00,0.0,0.944585800170898,258.026702880859
2018-11-22 03:50:00,0.0,0.890170693397521,196.01089477539
2018-11-22 04:00:00,0.0,0.629411876201629,237.615005493164
2018-11-22 04:10:00,0.0,1.10292100906372,332.399810791015
2018-11-22 04:20:00,0.0,0.684685170650482,276.798187255859
2018-11-22 04:30:00,0.0,0.749843418598175,283.19400024414
2018-11-22 04:40:00,0.0,0.548685014247894,270.40200805664
2018-11-22 04:50:00,0.0,0.974533379077911,246.792007446289
2018-11-22 05:00:00,0.0,1.42699599266052,293.553802490234
2018-11-22 05:10:00,0.0,1.27828896045684,292.413513183593
2018-11-22 05:20:00,0.0,0.639368295669555,266.465393066406
2018-11-22 05:30:00,0.0,0.518516778945922,261.91128540039
2018-11-22 05:40:00,0.0,0.334617406129837,64.0525970458984
2018-11-22 05:50:00,0.0,1.74369895458221,54.0292892456054
2018-11-22 06:00:00,0.0,1.38281798362731,40.056640625
2018-11-22 06:10:00,0.0,1.61139202117919,39.5728302001953
2018-11-22 06:20:00,0.0,1.52549803256988,18.6811904907226
2018-11-22 06:30:00,0.0,1.81653499603271,37.9598197937011
2018-11-22 06:40:00,0.0,1.4853149652481,53.1172294616699
2018-11-22 06:50:00,0.0,1.6683759689331,50.3528289794921
2018-11-22 07:00:00,0.0,1.74677002429962,53.243480682373
2018-11-22 07:10:00,0.0,1.01073205471038,117.814300537109
2018-11-22 07:20:00,0.0,1.07849204540252,266.36050415039
2018-11-22 07:30:00,0.0,0.693985700607299,25.2210292816162
2018-11-22 07:40:00,0.0,0.86071091890335,342.871490478515
2018-11-22 07:50:00,0.0,1.63304698467254,359.23388671875
2018-11-22 08:00:00,0.0,2.71768307685852,28.7650203704833
2018-11-22 08:10:00,0.0,3.09068298339843,23.5135192871093
2018-11-22 08:20:00,0.0,3.87588596343994,21.8794708251953
2018-11-22 08:30:00,0.0,4.93302488327026,29.0335102081298
2018-11-22 08:40:00,0.0,4.72601699829101,26.5137596130371
2018-11-22 08:50:00,15.3534603118896,3.84885811805725,26.2336502075195
2018-11-22 09:00:00,56.9491691589355,3.73785400390625,33.0911903381347
2018-11-22 09:10:00,167.042205810546,4.36702299118041,34.3863105773925
2018-11-22 09:20:00,490.355987548828,5.60456991195678,42.8112716674804
2018-11-22 09:30:00,791.292907714843,6.33343887329101,41.8454399108886
2018-11-22 09:40:00,815.409973144531,6.54833602905273,41.2690811157226
2018-11-22 09:50:00,639.477111816406,6.15556287765502,41.7357215881347
2018-11-22 10:00:00,616.084777832031,5.97771406173706,34.2263412475585
2018-11-22 10:10:00,621.344970703125,5.99306583404541,38.2497596740722
2018-11-22 10:20:00,435.976196289062,5.57637500762939,39.5615005493164
2018-11-22 10:30:00,464.050811767578,5.54448795318603,38.7729911804199
2018-11-22 10:40:00,563.662719726562,5.96246004104614,40.2465209960937
2018-11-22 10:50:00,877.992126464843,6.4714708328247,35.6006698608398
2018-11-22 11:00:00,700.170593261718,6.11936807632446,39.9019317626953
2018-11-22 11:10:00,1064.82202148437,6.94843101501464,42.1175003051757
2018-11-22 11:20:00,1294.26794433593,7.31033992767333,38.9224281311035
2018-11-22 11:30:00,1899.84997558593,8.3737096786499,36.7488212585449
2018-11-22 11:40:00,2247.63696289062,8.96242809295654,33.6011199951171
2018-11-22 11:50:00,2603.84692382812,9.69587612152099,35.463809967041
2018-11-22 12:00:00,2653.85791015625,10.0496196746826,34.8506813049316
2018-11-22 12:10:00,3024.05810546875,10.5853004455566,35.8229484558105
2018-11-22 12:20:00,2990.38989257812,10.8910799026489,37.9686813354492
2018-11-22 12:30:00,3047.7890625,10.6762599945068,33.8838500976562
2018-11-22 12:40:00,2593.07397460937,9.37709808349609,31.9232807159423
2018-11-22 12:50:00,3245.5419921875,10.8782596588134,29.6169490814208
2018-11-22 13:00:00,3258.29711914062,11.3185901641845,34.8011589050292
2018-11-22 13:10:00,3456.04711914062,12.0409603118896,34.6463203430175
2018-11-22 13:20:00,3457.9189453125,11.9418201446533,35.7761116027832
2018-11-22 13:30:00,2999.85791015625,10.5958995819091,34.4590988159179
2018-11-22 13:40:00,2892.89404296875,10.2107801437377,32.5004005432128
2018-11-22 13:50:00,2968.78002929687,10.6369695663452,33.7174606323242
2018-11-22 14:00:00,3051.61499023437,10.9948301315307,36.4109916687011
2018-11-22 14:10:00,3146.89697265625,10.8455295562744,37.6702117919921
2018-11-22 14:20:00,3371.39697265625,12.0326595306396,38.6375389099121
2018-11-22 14:30:00,3420.57397460937,12.021499633789,37.5570106506347
2018-11-22 14:40:00,2887.337890625,10.4754400253295,37.3868217468261
2018-11-22 14:50:00,2895.5859375,10.3571195602416,37.7706718444824
2018-11-22 15:00:00,2566.4189453125,9.48572540283203,41.1695518493652
2018-11-22 15:10:00,2608.99291992187,9.57491588592529,32.7569503784179
2018-11-22 15:20:00,3302.48193359375,11.7020998001098,40.1049118041992
2018-11-22 15:30:00,3188.99096679687,11.7677297592163,44.9282302856445
2018-11-22 15:40:00,3581.3779296875,13.1138896942138,44.7578010559082
2018-11-22 15:50:00,3400.07397460937,12.1907396316528,46.8280906677246
2018-11-22 16:00:00,3519.2900390625,12.8224401473999,41.1397590637207
2018-11-22 16:10:00,3572.919921875,13.1516199111938,44.5190696716308
2018-11-22 16:20:00,3531.77807617187,12.4070501327514,42.2463607788085
2018-11-22 16:30:00,3221.24194335937,10.9745502471923,44.7427406311035
2018-11-22 16:40:00,3261.61499023437,10.9982995986938,37.1333808898925
2018-11-22 16:50:00,3198.3369140625,11.051079750061,44.3707199096679
2018-11-22 17:00:00,3099.77197265625,10.7992000579833,48.0840606689453
2018-11-22 17:10:00,3110.16088867187,11.0733995437622,51.979190826416
2018-11-22 17:20:00,2359.044921875,9.30939769744873,49.2954788208007
2018-11-22 17:30:00,2853.60888671875,10.4654903411865,50.099250793457
2018-11-22 17:40:00,3038.64892578125,10.7457103729248,51.1999282836914
2018-11-22 17:50:00,3138.51196289062,10.8010196685791,51.8174285888671
2018-11-22 18:00:00,3295.5830078125,11.4485702514648,47.6054992675781
2018-11-22 18:10:00,3414.38500976562,12.0071401596069,50.7847900390625
2018-11-22 18:20:00,3457.42700195312,12.1308898925781,51.1233596801757
2018-11-22 18:30:00,3337.44799804687,11.5527696609497,47.8945503234863
2018-11-22 18:40:00,3296.75,11.5350399017333,51.2148895263671
2018-11-22 18:50:00,3436.9609375,11.6458902359008,49.4424285888671
2018-11-22 19:00:00,3574.35693359375,13.1026201248168,49.7405815124511
2018-11-22 19:10:00,2555.95190429687,9.55445575714111,41.8612213134765
2018-11-22 19:20:00,2486.70288085937,9.69424533843994,42.5015411376953
2018-11-22 19:30:00,2535.05200195312,9.30446529388427,37.9801483154296
2018-11-22 19:40:00,2355.9951171875,9.33652591705322,35.2838287353515
2018-11-22 19:50:00,2545.78588867187,9.66745662689208,36.2777709960937
2018-11-22 20:00:00,2752.96704101562,9.92874813079833,35.2960700988769
2018-11-22 20:10:00,3169.294921875,10.7920198440551,35.7829399108886
2018-11-22 20:20:00,3346.84399414062,11.7468795776367,36.8434600830078
2018-11-22 20:30:00,3383.92504882812,11.7591695785522,36.2450790405273
2018-11-22 20:40:00,3260.97705078125,11.0551500320434,35.2770881652832
2018-11-22 20:50:00,2899.55688476562,10.3585195541381,36.9148292541503
2018-11-22 21:00:00,2893.32592773437,10.3249597549438,39.82905960083
2018-11-22 21:10:00,2978.27197265625,10.707929611206,40.315689086914
2018-11-22 21:20:00,3339.22412109375,10.9146003723144,34.4427299499511
2018-11-22 21:30:00,3527.16088867187,12.6188402175903,36.1490287780761
2018-11-22 21:40:00,3373.86694335937,11.7086200714111,33.5672607421875
2018-11-22 21:50:00,3418.05200195312,11.9585103988647,32.7700119018554
2018-11-22 22:00:00,3033.00390625,10.7990198135375,35.8446807861328
2018-11-22 22:10:00,2830.69506835937,10.2229099273681,33.4473495483398
2018-11-22 22:20:00,3233.8330078125,11.3410301208496,33.666259765625
2018-11-22 22:30:00,3332.82397460937,11.3494596481323,32.1996994018554
2018-11-22 22:40:00,3321.00805664062,11.7972898483276,32.5329895019531
2018-11-22 22:50:00,3244.45190429687,11.6441001892089,35.4937210083007
2018-11-22 23:00:00,3245.02392578125,11.6052703857421,36.0506706237792
2018-11-22 23:10:00,3285.10693359375,11.5280895233154,35.0921516418457
2018-11-22 23:20:00,3521.45288085937,12.403260231018,35.1289482116699
2018-11-22 23:30:00,3261.39990234375,11.308289527893,34.6134910583496
2018-11-22 23:40:00,3326.27587890625,11.6635704040527,32.9593811035156
2018-11-22 23:50:00,3418.7099609375,11.8228101730346,35.0015602111816
2018-11-23 00:00:00,3427.21899414062,11.9669504165649,34.6084899902343
2018-11-23 00:10:00,3370.5849609375,11.6205596923828,35.0208702087402
2018-11-23 00:20:00,3107.15307617187,10.8589000701904,37.3218994140625
2018-11-23 00:30:00,2720.38598632812,10.0534496307373,38.544750213623
2018-11-23 00:40:00,3257.35791015625,11.5463695526123,36.0185317993164
2018-11-23 00:50:00,2886.69799804687,10.4624004364013,37.6861915588378
2018-11-23 01:00:00,3036.73095703125,10.3187198638916,36.0887985229492
2018-11-23 01:10:00,2431.74389648437,9.75099277496337,43.7137603759765
2018-11-23 01:20:00,2175.73901367187,9.16248130798339,34.8426895141601
2018-11-23 01:30:00,2231.84008789062,9.11296653747558,35.2798118591308
2018-11-23 01:40:00,2613.89404296875,10.1424198150634,36.6316604614257
2018-11-23 01:50:00,2275.75,9.30323791503906,40.7941818237304
2018-11-23 02:00:00,3068.63208007812,10.3756799697875,39.2474212646484
2018-11-23 02:10:00,2790.16796875,10.1555795669555,35.0844802856445
2018-11-23 02:20:00,2699.68505859375,9.83712482452392,33.125129699707
2018-11-23 02:30:00,2659.56689453125,10.0035400390625,32.4739799499511
2018-11-23 02:40:00,2542.10400390625,9.93571662902832,34.9258117675781
2018-11-23 02:50:00,2434.66088867187,9.60917854309082,38.1468696594238
2018-11-23 03:00:00,2214.55493164062,9.2469835281372,36.3954200744628
2018-11-23 03:10:00,1892.7080078125,8.45926666259765,32.6496505737304
2018-11-23 03:20:00,2657.7939453125,10.1838102340698,30.8726501464843
2018-11-23 03:30:00,2595.27197265625,10.5034704208374,39.588150024414
2018-11-23 03:40:00,2660.28393554687,10.2000904083251,36.4588890075683
2018-11-23 03:50:00,2530.90991210937,9.87711715698242,35.217601776123
2018-11-23 04:00:00,2366.2880859375,9.69714546203613,39.5444984436035
2018-11-23 04:10:00,1875.93701171875,8.8518009185791,41.5527610778808
2018-11-23 04:20:00,2080.52001953125,9.3260908126831,43.8222312927246
2018-11-23 04:30:00,2369.80102539062,9.43629741668701,43.9333000183105
2018-11-23 04:40:00,2410.830078125,9.66863346099853,39.1296997070312
2018-11-23 04:50:00,2371.59106445312,9.58653545379638,35.2647705078125
2018-11-23 05:00:00,1971.39697265625,8.92377471923828,35.7527503967285
2018-11-23 05:10:00,1745.68701171875,8.44619274139404,31.6180305480957
2018-11-23 05:20:00,2049.89306640625,8.87764453887939,30.9877109527587
2018-11-23 05:30:00,1703.06896972656,8.41562271118164,32.5063095092773
2018-11-23 05:40:00,1473.88403320312,7.91149711608886,32.0920906066894
2018-11-23 05:50:00,1208.62194824218,7.55901718139648,37.2959899902343
2018-11-23 06:00:00,1651.25903320312,8.31349372863769,40.0389289855957
2018-11-23 06:10:00,1513.458984375,8.10168075561523,42.0492210388183
2018-11-23 06:20:00,1390.1650390625,7.85027885437011,42.8061408996582
2018-11-23 06:30:00,1584.31396484375,8.18668174743652,42.5404510498046
2018-11-23 06:40:00,1394.29797363281,7.78666114807128,44.0202713012695
2018-11-23 06:50:00,1705.19702148437,8.37458324432373,42.8375396728515
2018-11-23 07:00:00,1959.5009765625,8.71207904815673,38.2359809875488
2018-11-23 07:10:00,1834.98205566406,8.45435333251953,35.8883895874023
2018-11-23 07:20:00,1743.69299316406,8.41953754425048,39.5919189453125
2018-11-23 07:30:00,1345.54895019531,7.59657716751098,39.7924308776855
2018-11-23 07:40:00,1473.33898925781,7.75477218627929,35.7487716674804
2018-11-23 07:50:00,1343.47497558593,7.54101419448852,43.3180694580078
2018-11-23 08:00:00,1247.78698730468,7.47199010848999,42.2577095031738
2018-11-23 08:10:00,1020.02099609375,6.91209983825683,39.3338508605957
2018-11-23 08:20:00,687.780029296875,6.24199199676513,45.7069206237792
2018-11-23 08:30:00,587.819580078125,6.06091499328613,42.8713417053222
2018-11-23 08:40:00,449.23291015625,5.42529201507568,36.8451805114746
2018-11-23 08:50:00,464.527893066406,5.57226085662841,44.2169799804687
2018-11-23 09:00:00,499.797485351562,5.72219991683959,47.9529685974121
2018-11-23 09:10:00,484.446197509765,5.66346406936645,44.0134010314941
2018-11-23 09:20:00,473.441986083984,5.53485584259033,37.8132095336914
2018-11-23 09:30:00,455.53369140625,5.54406118392944,34.8722915649414
2018-11-23 09:40:00,510.729888916015,5.71620798110961,36.5166015625
2018-11-23 09:50:00,440.492309570312,5.5749192237854,42.2135581970214
2018-11-23 10:00:00,349.921813964843,5.2533860206604,47.4319992065429
2018-11-23 10:10:00,631.934326171875,6.11358880996704,40.5355796813964
2018-11-23 10:20:00,871.856994628906,6.56246900558471,35.7910194396972
2018-11-23 10:30:00,1092.62194824218,7.15840196609497,37.5534286499023
2018-11-23 10:40:00,970.231079101562,6.77096509933471,37.7138481140136
2018-11-23 10:50:00,1555.52404785156,7.82680702209472,36.7307891845703
2018-11-23 11:00:00,1690.50695800781,8.22564506530761,34.9771995544433
2018-11-23 11:10:00,1621.41101074218,7.98730897903442,32.6680297851562
2018-11-23 11:20:00,1910.51794433593,8.71799373626708,34.4084701538085
2018-11-23 11:30:00,1905.23999023437,8.75787925720214,31.0753803253173
2018-11-23 11:40:00,1948.25695800781,8.67134380340576,29.503059387207
2018-11-23 11:50:00,1614.99194335937,8.01647853851318,30.7175998687744
2018-11-23 12:00:00,2011.19201660156,9.09188079833984,32.7702598571777
2018-11-23 12:10:00,1779.63098144531,8.39147186279296,31.0643405914306
2018-11-23 12:20:00,1581.61804199218,8.15416526794433,33.5225486755371
2018-11-23 12:30:00,1518.87194824218,8.07681846618652,36.4842796325683
2018-11-23 12:40:00,1440.93505859375,8.05950260162353,40.9125289916992
2018-11-23 12:50:00,1003.65802001953,6.92248916625976,39.1035995483398
2018-11-23 13:00:00,1045.82897949218,7.08606576919555,36.4318618774414
2018-11-23 13:10:00,1020.95501708984,7.05238580703735,37.7899894714355
2018-11-23 13:20:00,817.205078125,6.48297691345214,36.9277992248535
2018-11-23 13:30:00,743.112487792968,6.19610500335693,37.3045997619628
2018-11-23 13:40:00,910.327209472656,6.71760416030883,33.6474609375
2018-11-23 13:50:00,875.3671875,6.68951416015625,36.5974082946777
2018-11-23 14:00:00,942.924987792968,6.62868595123291,37.8357200622558
2018-11-23 14:10:00,1074.07604980468,7.04566717147827,36.9308013916015
2018-11-23 14:20:00,1056.61901855468,6.95604515075683,37.9057998657226
2018-11-23 14:30:00,1283.82202148437,7.57525014877319,43.4151000976562
2018-11-23 14:40:00,1208.65002441406,7.33919382095336,41.0943908691406
2018-11-23 14:50:00,1513.42199707031,7.97166299819946,41.4708709716796
2018-11-23 15:00:00,1335.51098632812,7.46669101715087,42.4531898498535
2018-11-23 15:10:00,1393.36999511718,7.68517303466796,43.4502983093261
2018-11-23 15:20:00,1485.00500488281,7.78735399246215,45.1474304199218
2018-11-23 15:30:00,1574.416015625,8.12073516845703,41.5675392150878
2018-11-23 15:40:00,1336.64404296875,7.55237483978271,39.7910995483398
2018-11-23 15:50:00,1220.95202636718,7.44523477554321,41.5060882568359
2018-11-23 16:00:00,2096.64404296875,8.96533393859863,43.8612899780273
2018-11-23 16:10:00,1276.19299316406,7.38135719299316,46.5833206176757
2018-11-23 16:20:00,1289.2919921875,7.46994876861572,46.442268371582
2018-11-23 16:30:00,1622.71704101562,8.10768795013427,45.8862495422363
2018-11-23 16:40:00,1408.9599609375,7.68013381958007,43.4367218017578
2018-11-23 16:50:00,1202.48596191406,7.17236280441284,44.5911788940429
2018-11-23 17:00:00,1825.81396484375,8.23881721496582,45.2838096618652
2018-11-23 17:10:00,1483.74304199218,7.70071220397949,47.7460708618164
2018-11-23 17:20:00,2298.5439453125,9.25711345672607,46.69282913208
2018-11-23 17:30:00,1768.17395019531,8.19801235198974,46.170970916748
2018-11-23 17:40:00,1776.7060546875,8.23663425445556,50.086929321289
2018-11-23 17:50:00,1946.08203125,8.58089065551757,44.2198181152343
2018-11-23 18:00:00,3000.48803710937,10.7347297668457,52.5187492370605
2018-11-23 18:10:00,2865.48608398437,10.142689704895,56.687271118164
2018-11-23 18:20:00,2653.99389648437,9.91307258605957,55.5494499206542
2018-11-23 18:30:00,2053.34594726562,8.85938453674316,50.6220817565917
2018-11-23 18:40:00,2654.65307617187,9.75129318237304,50.2316513061523
2018-11-23 18:50:00,2702.6201171875,10.0151996612548,52.5705184936523
2018-11-23 19:00:00,2635.70703125,10.0323801040649,56.3012619018554
2018-11-23 19:10:00,2718.42309570312,9.64847946166992,52.0314712524414
2018-11-23 19:20:00,1876.98596191406,8.30354499816894,54.2064208984375
2018-11-23 19:30:00,2522.54809570312,9.46839141845703,58.6823387145996
2018-11-23 19:40:00,1983.27600097656,8.61842346191406,62.3266296386718
2018-11-23 19:50:00,2053.51611328125,8.68639755249023,61.5414695739746
2018-11-23 20:00:00,2386.85400390625,9.36559772491455,63.066780090332
2018-11-23 20:10:00,2865.94409179687,9.51291847229003,49.2397003173828
2018-11-23 20:20:00,2940.037109375,10.3937797546386,48.9319305419921
2018-11-23 20:30:00,3057.01806640625,11.0391998291015,46.312889099121
2018-11-23 20:40:00,2606.95703125,9.96971607208251,47.2751312255859
2018-11-23 20:50:00,3150.7041015625,10.999659538269,57.2806892395019
2018-11-23 21:00:00,3158.93310546875,10.5989999771118,55.2572402954101
2018-11-23 21:10:00,2833.81909179687,10.3918504714965,59.1326217651367
2018-11-23 21:20:00,2315.0830078125,9.44447422027587,58.6731910705566
2018-11-23 21:30:00,2549.17602539062,9.93663597106933,61.4495010375976
2018-11-23 21:40:00,3317.78002929687,11.4783000946044,63.501350402832
2018-11-23 21:50:00,2399.12890625,9.37251186370849,63.685691833496
2018-11-23 22:00:00,3011.51098632812,10.6637001037597,66.3149871826171
2018-11-23 22:10:00,3319.05908203125,11.560170173645,69.4415664672851
2018-11-23 22:20:00,3281.71606445312,11.6524496078491,62.6857986450195
2018-11-23 22:30:00,3248.16088867187,11.7084598541259,62.0208587646484
2018-11-23 22:40:00,2868.43408203125,10.6013402938842,60.4864387512207
2018-11-23 22:50:00,2663.86303710937,9.91320610046386,64.4468231201171
2018-11-23 23:00:00,2843.955078125,10.571660041809,68.1926498413085
2018-11-23 23:10:00,3556.51000976562,13.1178503036499,68.5528869628906
2018-11-23 23:20:00,3575.97900390625,12.9925498962402,64.1968612670898
2018-11-23 23:30:00,3257.93798828125,11.175419807434,63.2368812561035
2018-11-23 23:40:00,2982.50903320312,10.5303897857666,60.6693000793457
2018-11-23 23:50:00,3282.04296875,11.4385900497436,64.2453689575195
2018-11-24 00:00:00,3402.294921875,11.6258401870727,63.9219512939453
2018-11-24 00:10:00,2391.90502929687,9.5146312713623,64.3935165405273
2018-11-24 00:20:00,2172.14404296875,9.12984752655029,64.1567764282226
2018-11-24 00:30:00,2382.39208984375,9.64952182769775,68.1984634399414
2018-11-24 00:40:00,2702.44995117187,10.4404697418212,70.2961273193359
2018-11-24 00:50:00,2976.95092773437,10.6529998779296,68.5004272460937
2018-11-24 01:00:00,2836.6669921875,10.7040996551513,71.6746063232421
2018-11-24 01:10:00,2896.29907226562,10.7043895721435,68.9660415649414
2018-11-24 01:20:00,2280.23608398437,9.45752429962158,69.226577758789
2018-11-24 01:30:00,2285.33203125,9.45541191101074,65.7454833984375
2018-11-24 01:40:00,2184.82397460937,9.08547306060791,62.856159210205
2018-11-24 01:50:00,2040.30895996093,8.83721923828125,64.2648010253906
2018-11-24 02:00:00,2032.84301757812,8.93951988220214,64.085578918457
2018-11-24 02:10:00,2357.76904296875,9.72710609436035,65.3835372924804
2018-11-24 02:20:00,1907.10400390625,8.83456134796142,62.9978599548339
2018-11-24 02:30:00,1795.79296875,8.60762882232666,62.3326797485351
2018-11-24 02:40:00,1916.16394042968,8.78889369964599,61.1333618164062
2018-11-24 02:50:00,1977.67797851562,8.85627746582031,55.3166694641113
2018-11-24 03:00:00,1926.04699707031,8.85361099243164,55.0900802612304
2018-11-24 03:10:00,2318.85595703125,9.5815315246582,57.3804283142089
2018-11-24 03:20:00,2357.36791992187,9.59283447265625,55.5037193298339
2018-11-24 03:30:00,3064.97509765625,11.0256795883178,53.143741607666
2018-11-24 03:40:00,2133.52807617187,9.14772319793701,52.8982505798339
2018-11-24 03:50:00,1749.97900390625,8.5517406463623,50.753189086914
2018-11-24 04:00:00,1223.21398925781,7.23328495025634,50.3973197937011
2018-11-24 04:10:00,1747.09497070312,8.31665229797363,51.2212409973144
2018-11-24 04:20:00,1704.501953125,8.28493499755859,50.6938514709472
2018-11-24 04:30:00,1751.48205566406,8.33677005767822,51.8879890441894
2018-11-24 04:40:00,1413.57495117187,7.8660831451416,53.275089263916
2018-11-24 04:50:00,1731.34399414062,8.40517711639404,56.266429901123
2018-11-24 05:00:00,2125.13793945312,9.2645673751831,57.4438018798828
2018-11-24 05:10:00,1785.51599121093,8.52393817901611,59.4732017517089
2018-11-24 05:20:00,2121.57592773437,9.20688724517822,64.6195678710937
2018-11-24 05:30:00,2364.10888671875,9.63077926635742,66.0725631713867
2018-11-24 05:40:00,2727.85693359375,10.3265495300292,63.2008399963378
2018-11-24 05:50:00,1867.40600585937,8.59506702423095,60.4653205871582
2018-11-24 06:00:00,1847.70703125,8.58278369903564,60.8050308227539
2018-11-24 06:10:00,2016.28295898437,9.01733779907226,62.229019165039
2018-11-24 06:20:00,1813.0419921875,8.51749038696289,59.5882911682128
2018-11-24 06:30:00,1342.55004882812,7.62324285507202,62.7622909545898
2018-11-24 06:40:00,1447.28405761718,7.87294197082519,61.220890045166
2018-11-24 06:50:00,1789.5400390625,8.40943527221679,62.1886711120605
2018-11-24 07:00:00,1430.96105957031,7.77455806732177,64.6531372070312
2018-11-24 07:10:00,1388.21899414062,7.77004814147949,64.3106307983398
2018-11-24 07:20:00,1112.55395507812,7.19722604751586,67.5903396606445
2018-11-24 07:30:00,912.027282714843,6.85935401916503,62.6991806030273
2018-11-24 07:40:00,718.207824707031,6.39022397994995,61.5977592468261
2018-11-24 07:50:00,804.135314941406,6.59262180328369,62.639060974121
2018-11-24 08:00:00,896.927185058593,6.77476978302001,59.3227310180664
2018-11-24 08:10:00,981.829284667968,6.98978805541992,60.523681640625
2018-11-24 08:20:00,1044.31799316406,7.17056703567504,62.9618415832519
2018-11-24 08:30:00,1187.10498046875,7.39429378509521,70.122947692871
2018-11-24 08:40:00,1027.47399902343,7.08994483947753,68.9533920288085
2018-11-24 08:50:00,853.602416992187,6.67393112182617,66.0879974365234
2018-11-24 09:00:00,667.059692382812,6.20628213882446,60.6410102844238
2018-11-24 09:10:00,932.556213378906,6.93338823318481,66.6195526123046
2018-11-24 09:20:00,1104.81701660156,7.25583982467651,64.4577407836914
2018-11-24 09:30:00,978.146179199218,6.99281311035156,66.0175704956054
2018-11-24 09:40:00,871.960815429687,6.76355504989624,65.1235427856445
2018-11-24 09:50:00,1095.74194335937,7.21984720230102,67.2878189086914
2018-11-24 10:00:00,1444.416015625,7.97537517547607,71.6375732421875
2018-11-24 10:10:00,1309.45703125,7.684907913208,70.2598037719726
2018-11-24 10:20:00,1283.07397460937,7.66784191131591,69.9699630737304
2018-11-24 10:30:00,982.112426757812,6.9463357925415,67.2472534179687
2018-11-24 10:40:00,969.305419921875,6.90296220779418,63.5345802307128
2018-11-24 10:50:00,946.894287109375,6.94461679458618,66.5538787841796
2018-11-24 11:00:00,917.565612792968,6.87219381332397,64.5986328125
2018-11-24 11:10:00,720.039428710937,6.33768892288208,65.9117431640625
2018-11-24 11:20:00,694.028503417968,6.25990104675292,59.6253509521484
2018-11-24 11:30:00,776.242370605468,6.57680082321166,59.2143898010253
2018-11-24 11:40:00,751.853088378906,6.48070621490478,59.9903488159179
2018-11-24 11:50:00,621.82421875,6.04326820373535,60.6824302673339
2018-11-24 12:00:00,492.137390136718,5.66941022872924,62.3119812011718
2018-11-24 12:10:00,385.275512695312,5.16229915618896,66.2112503051757
2018-11-24 12:20:00,545.785705566406,5.8321509361267,66.3665924072265
2018-11-24 12:30:00,641.595581054687,6.15985012054443,63.7681198120117
2018-11-24 12:40:00,649.869689941406,6.22470998764038,67.0426025390625
2018-11-24 12:50:00,866.629089355468,6.83096504211425,68.1586990356445
2018-11-24 13:00:00,700.419921875,6.38284301757812,65.219856262207
2018-11-24 13:10:00,394.665893554687,5.30897283554077,60.8739204406738
2018-11-24 13:20:00,408.096099853515,5.50612020492553,59.702091217041
2018-11-24 13:30:00,379.428314208984,5.35671710968017,62.4747200012207
2018-11-24 13:40:00,290.653106689453,4.96333217620849,64.3171081542968
2018-11-24 13:50:00,371.272705078125,5.43975782394409,63.1436386108398
2018-11-24 14:00:00,295.813385009765,5.0743989944458,61.6954307556152
2018-11-24 14:10:00,319.780487060546,5.2571849822998,59.9634399414062
2018-11-24 14:20:00,381.551208496093,5.57583618164062,64.1723937988281
2018-11-24 14:30:00,301.007293701171,5.19539785385131,62.2653617858886
2018-11-24 14:40:00,140.939300537109,4.33739423751831,61.4523887634277
2018-11-24 14:50:00,190.774307250976,4.66756010055541,60.3772392272949
2018-11-24 15:00:00,236.30110168457,4.87167310714721,61.0629997253417
2018-11-24 15:10:00,134.939300537109,4.24548912048339,61.7339706420898
2018-11-24 15:20:00,176.381607055664,4.5765061378479,59.0109100341796
2018-11-24 15:30:00,79.171157836914,3.98288893699645,56.8518981933593
2018-11-24 15:40:00,77.5077362060546,3.92000293731689,56.9059791564941
2018-11-24 15:50:00,77.3479766845703,3.90139198303222,61.5792694091796
2018-11-24 16:00:00,92.4652023315429,3.97472310066223,65.8141479492187
2018-11-24 16:10:00,204.719802856445,4.679621219635,68.7497329711914
2018-11-24 16:20:00,272.379913330078,5.08562088012695,74.3258590698242
2018-11-24 16:30:00,294.380096435546,5.16829013824462,75.1777114868164
2018-11-24 16:40:00,314.22119140625,5.46817684173583,76.879051208496
2018-11-24 16:50:00,277.885192871093,5.08730316162109,75.7966613769531
2018-11-24 17:00:00,243.201095581054,4.91922807693481,77.1843872070312
2018-11-24 17:10:00,225.131698608398,4.96006679534912,75.3383712768554
2018-11-24 17:20:00,31.9690895080566,3.07511711120605,82.048957824707
2018-11-24 17:30:00,0.0,2.0958399772644,102.143203735351
2018-11-24 17:40:00,0.0,1.51426398754119,121.999298095703
2018-11-24 17:50:00,0.0,1.81515395641326,143.815994262695
2018-11-24 18:00:00,0.0,2.00350093841552,147.152206420898
2018-11-24 18:10:00,0.0,2.43964004516601,142.072494506835
2018-11-24 18:20:00,0.0,2.72941493988037,141.042098999023
2018-11-24 18:30:00,0.0,3.04526400566101,146.289596557617
2018-11-24 18:40:00,0.0,2.39465999603271,157.552597045898
2018-11-24 18:50:00,0.0,2.03313899040222,166.001998901367
2018-11-24 19:00:00,0.0,1.5235229730606,172.455093383789
2018-11-24 19:10:00,0.0,1.66851603984832,178.526397705078
2018-11-24 19:20:00,0.0,2.04387402534484,172.379592895507
2018-11-24 19:30:00,0.0,2.40829205513,175.784698486328
2018-11-24 19:40:00,0.0,2.34221005439758,172.591796875
2018-11-24 19:50:00,0.0,2.87070488929748,195.793792724609
2018-11-24 20:00:00,0.0,2.83871293067932,223.868392944335
2018-11-24 20:10:00,0.0,3.05038094520568,241.470306396484
2018-11-24 20:20:00,0.0,2.51855111122131,245.502197265625
2018-11-24 20:30:00,0.0,1.73616397380828,258.325592041015
2018-11-24 20:40:00,0.0,1.48213100433349,255.45799255371
2018-11-24 20:50:00,0.0,1.5002269744873,228.813507080078
2018-11-24 21:00:00,0.0,1.2426209449768,208.824905395507
2018-11-24 21:10:00,0.0,1.9647250175476,181.492095947265
2018-11-24 21:20:00,0.0,2.5725769996643,178.381805419921
2018-11-24 21:30:00,0.0,2.17898702621459,188.584701538085
2018-11-24 21:40:00,0.0,1.91059398651123,187.767303466796
2018-11-24 21:50:00,0.0,2.07632994651794,216.42349243164
2018-11-24 22:00:00,0.0,2.01408791542053,246.682800292968
2018-11-24 22:10:00,0.0,1.97730505466461,256.269287109375
2018-11-24 22:20:00,0.0,1.47258400917053,269.858184814453
2018-11-24 22:30:00,0.0,1.53676903247833,256.494689941406
2018-11-24 22:40:00,0.0,1.2742600440979,268.357513427734
2018-11-24 22:50:00,0.0,1.82566702365875,285.343292236328
2018-11-24 23:00:00,0.0,1.62454104423522,269.979705810546
2018-11-24 23:10:00,0.0,0.79426771402359,311.096801757812
2018-11-24 23:20:00,0.0,1.06286895275115,342.700012207031
2018-11-24 23:30:00,0.0,1.22583103179931,237.747406005859
2018-11-24 23:40:00,0.0,1.53026294708251,220.740402221679
2018-11-24 23:50:00,0.0,1.82096695899963,207.753601074218
2018-11-25 00:00:00,0.0,1.87978398799896,204.289199829101
2018-11-25 00:10:00,0.0,2.09212398529052,204.022201538085
2018-11-25 00:20:00,0.0,1.84164905548095,216.885604858398
2018-11-25 00:30:00,0.0,0.999789416790008,259.15689086914
2018-11-25 00:40:00,0.0,2.34104895591735,225.152603149414
2018-11-25 00:50:00,0.0,2.5373899936676,220.668304443359
2018-11-25 01:00:00,0.0,2.74393701553344,211.56590270996
2018-11-25 01:10:00,0.0,1.93182897567749,206.670303344726
2018-11-25 01:20:00,0.0,1.41942501068115,226.392303466796
2018-11-25 01:30:00,0.0,1.45797896385192,233.453796386718
2018-11-25 01:40:00,0.0,1.83159005641937,221.814804077148
2018-11-25 01:50:00,0.0,1.78985404968261,226.163497924804
2018-11-25 02:00:00,0.0,1.5992259979248,226.513595581054
2018-11-25 02:10:00,0.0,2.0188410282135,212.796096801757
2018-11-25 02:20:00,0.0,2.38869309425354,219.615997314453
2018-11-25 02:30:00,0.0,2.28978896141052,217.44090270996
2018-11-25 02:40:00,0.0,2.17579889297485,236.62890625
2018-11-25 02:50:00,0.0,2.11600399017333,235.122406005859
2018-11-25 03:00:00,0.0,1.87569499015808,230.499099731445
2018-11-25 03:10:00,0.0,2.16467094421386,228.514297485351
2018-11-25 03:20:00,0.0,2.71820402145385,222.720397949218
2018-11-25 03:30:00,0.0,1.75576198101043,222.12939453125
2018-11-25 03:40:00,0.0,0.720349371433258,231.436203002929
2018-11-25 03:50:00,0.0,1.13202500343322,244.197296142578
2018-11-25 04:00:00,0.0,1.52014899253845,224.802703857421
2018-11-25 04:10:00,0.0,1.3543210029602,224.598602294921
2018-11-25 04:20:00,0.0,1.14376294612884,244.376098632812
2018-11-25 04:30:00,0.0,1.79398298263549,236.0625
2018-11-25 04:40:00,0.0,1.87180805206298,234.597198486328
2018-11-25 04:50:00,0.0,1.77960801124572,233.8583984375
2018-11-25 05:00:00,0.0,1.68077003955841,230.456893920898
2018-11-25 05:10:00,0.0,1.3400330543518,232.055099487304
2018-11-25 05:20:00,0.0,0.824082195758819,247.302505493164
2018-11-25 05:30:00,0.0,0.943678021430969,279.030700683593
2018-11-25 05:40:00,0.0,0.777195870876312,269.114501953125
2018-11-25 05:50:00,0.0,1.19288301467895,234.630401611328
2018-11-25 06:00:00,0.0,1.77429497241973,231.867492675781
2018-11-25 06:10:00,0.0,1.88935804367065,222.431198120117
2018-11-25 06:20:00,0.0,1.42109704017639,229.198806762695
2018-11-25 06:30:00,0.0,1.7519119977951,224.327606201171
2018-11-25 06:40:00,0.0,1.4450010061264,227.593994140625
2018-11-25 06:50:00,0.0,1.28995299339294,239.576797485351
2018-11-25 07:00:00,0.0,1.29113101959228,207.673202514648
2018-11-25 07:10:00,0.0,1.81730699539184,205.862594604492
2018-11-25 07:20:00,0.0,2.15779209136962,200.396194458007
2018-11-25 07:30:00,0.0,1.90402102470397,205.431198120117
2018-11-25 07:40:00,0.0,1.55926501750946,224.740005493164
2018-11-25 07:50:00,0.0,1.08462297916412,226.723602294921
2018-11-25 08:00:00,0.0,1.65347898006439,204.423095703125
2018-11-25 08:10:00,0.0,2.34529209136962,192.893493652343
2018-11-25 08:20:00,0.0,2.40458488464355,196.06900024414
2018-11-25 08:30:00,0.0,2.24704909324645,203.532501220703
2018-11-25 08:40:00,0.0,2.34055399894714,197.891403198242
2018-11-25 08:50:00,0.0,2.4257469177246,195.056900024414
2018-11-25 09:00:00,0.0,2.01402807235717,207.309494018554
2018-11-25 09:10:00,0.0,2.52844095230102,196.073501586914
2018-11-25 09:20:00,0.0,2.65025901794433,204.805206298828
2018-11-25 09:30:00,0.0,2.25681090354919,162.823196411132
2018-11-25 09:40:00,0.0,1.5803780555725,140.556900024414
2018-11-25 09:50:00,0.0,2.07305288314819,226.181396484375
2018-11-25 10:00:00,0.0,2.4861741065979,216.051696777343
2018-11-25 10:10:00,0.0,2.44272994995117,214.431198120117
2018-11-25 10:20:00,0.0,2.46440911293029,211.36489868164
2018-11-25 10:30:00,0.0,3.28392195701599,209.552093505859
2018-11-25 10:40:00,11.6487302780151,3.26415395736694,209.262603759765
2018-11-25 10:50:00,52.9264602661132,3.60885000228881,205.732604980468
2018-11-25 11:00:00,120.164100646972,4.10668897628784,193.562301635742
2018-11-25 11:10:00,25.6301193237304,3.13727688789367,190.618103027343
2018-11-25 11:20:00,51.0398216247558,3.50144290924072,184.695602416992
2018-11-25 11:30:00,60.7268409729003,3.49458694458007,189.781204223632
2018-11-25 11:40:00,233.726196289062,4.67936277389526,189.517501831054
2018-11-25 11:50:00,303.719299316406,5.06734800338745,192.792007446289
2018-11-25 12:00:00,488.463989257812,5.75881195068359,201.684005737304
2018-11-25 12:10:00,473.351196289062,5.62238979339599,198.941192626953
2018-11-25 12:20:00,237.554702758789,4.39211177825927,202.820602416992
2018-11-25 12:30:00,261.304412841796,4.41087102890014,199.144805908203
2018-11-25 12:40:00,341.301300048828,4.93252992630004,196.906494140625
2018-11-25 12:50:00,210.162902832031,4.5118441581726,193.014602661132
2018-11-25 13:00:00,80.2040481567382,3.70224809646606,192.793197631835
2018-11-25 13:10:00,141.851593017578,4.17206478118896,189.050994873046
2018-11-25 13:20:00,115.887802124023,4.07868099212646,186.97459411621
2018-11-25 13:30:00,85.3594131469726,3.74175691604614,178.820098876953
2018-11-25 13:40:00,75.9218826293945,3.50859308242797,183.080093383789
2018-11-25 13:50:00,283.8837890625,5.09526586532592,181.369003295898
2018-11-25 14:00:00,619.631713867187,6.38360595703125,181.252807617187
2018-11-25 14:10:00,562.404479980468,6.21529483795166,184.517395019531
2018-11-25 14:20:00,450.56509399414,5.82177305221557,184.451507568359
2018-11-25 14:30:00,605.613708496093,6.17138385772705,186.458297729492
2018-11-25 14:40:00,1155.96105957031,7.38567876815795,188.921905517578
2018-11-25 14:50:00,1457.02697753906,7.80601978302001,190.535400390625
2018-11-25 15:00:00,1743.62805175781,8.43785572052001,193.772598266601
2018-11-25 15:10:00,1804.91003417968,8.62661457061767,193.086593627929
2018-11-25 15:20:00,2018.85705566406,9.2074384689331,194.080795288085
2018-11-25 15:30:00,2832.23901367187,10.8634004592895,196.306503295898
2018-11-25 15:40:00,3156.7548828125,11.5510997772216,197.956893920898
2018-11-25 15:50:00,3076.94897460937,11.4878702163696,199.886306762695
2018-11-25 16:00:00,3023.7900390625,10.9128799438476,196.090499877929
2018-11-25 16:10:00,2693.56201171875,10.2988500595092,195.993896484375
2018-11-25 16:20:00,2291.087890625,9.68846797943115,195.329193115234
2018-11-25 16:30:00,3004.60693359375,11.1580200195312,198.194396972656
2018-11-25 16:40:00,3341.51391601562,12.2247200012207,197.446197509765
2018-11-25 16:50:00,3153.48803710937,11.7264404296875,194.51040649414
2018-11-25 17:00:00,3082.3798828125,11.096019744873,193.667892456054
2018-11-25 17:10:00,2616.51611328125,10.1535396575927,192.58250427246
2018-11-25 17:20:00,2434.52392578125,10.2928800582885,197.702804565429
2018-11-25 17:30:00,2703.13891601562,10.8785896301269,201.34309387207
2018-11-25 17:40:00,2915.68701171875,11.4606704711914,204.274993896484
2018-11-25 17:50:00,3112.05297851562,11.9816303253173,205.294006347656
2018-11-25 18:00:00,3292.9580078125,12.0026502609252,203.733703613281
2018-11-25 18:10:00,3489.1689453125,12.341679573059,202.727798461914
2018-11-25 18:20:00,3549.82299804687,12.2032299041748,201.376205444335
2018-11-25 18:30:00,3530.35205078125,12.4001903533935,202.014694213867
2018-11-25 18:40:00,3583.7509765625,12.4162397384643,199.947692871093
2018-11-25 18:50:00,3597.89794921875,12.5622196197509,198.223098754882
2018-11-25 19:00:00,3569.89501953125,12.0665102005004,200.534301757812
2018-11-25 19:10:00,3569.44409179687,12.1944303512573,201.405502319335
2018-11-25 19:20:00,3602.43310546875,12.3698396682739,201.139694213867
2018-11-25 19:30:00,3594.044921875,12.5167198181152,205.088104248046
2018-11-25 19:40:00,3602.05688476562,12.7877302169799,207.247406005859
2018-11-25 19:50:00,3602.31494140625,12.5840196609497,206.739196777343
2018-11-25 20:00:00,3602.96997070312,12.5829496383666,208.743194580078
2018-11-25 20:10:00,3591.875,12.9053401947021,212.486495971679
2018-11-25 20:20:00,3397.17309570312,12.2944803237915,211.822998046875
2018-11-25 20:30:00,3207.958984375,11.6476697921752,208.192794799804
2018-11-25 20:40:00,3434.33203125,12.3134803771972,204.394302368164
2018-11-25 20:50:00,3600.73901367187,12.7619495391845,203.875900268554
2018-11-25 21:00:00,3416.35888671875,12.315239906311,204.220794677734
2018-11-25 21:10:00,3561.96411132812,13.0047702789306,202.514495849609
2018-11-25 21:20:00,3602.90991210937,13.6160202026367,203.485000610351
2018-11-25 21:30:00,3602.90991210937,14.0697898864746,203.191802978515
2018-11-25 21:40:00,3602.794921875,13.1090002059936,199.697006225585
2018-11-25 21:50:00,3602.30200195312,12.8990497589111,197.005905151367
2018-11-25 22:00:00,3602.81005859375,13.1471996307373,195.608093261718
2018-11-25 22:10:00,3602.84008789062,13.074460029602,194.09829711914
2018-11-25 22:20:00,3603.05102539062,13.2126502990722,194.604598999023
2018-11-25 22:30:00,3602.97802734375,13.1678304672241,193.055099487304
2018-11-25 22:40:00,3602.88110351562,13.5180797576904,190.338500976562
2018-11-25 22:50:00,3603.10302734375,13.7465000152587,191.373901367187
2018-11-25 23:00:00,3602.99291992187,13.6563596725463,193.529800415039
2018-11-25 23:10:00,3602.87109375,14.271369934082,200.652694702148
2018-11-25 23:20:00,3602.96801757812,13.9487495422363,202.873306274414
2018-11-25 23:30:00,3594.50390625,13.2896003723144,206.09829711914
2018-11-25 23:40:00,3602.74389648437,14.3720903396606,206.095993041992
2018-11-25 23:50:00,3602.67700195312,15.3794803619384,197.57600402832
2018-11-26 00:00:00,3602.47705078125,15.1391801834106,200.711502075195
2018-11-26 00:10:00,3602.4541015625,15.4398698806762,202.366897583007
2018-11-26 00:20:00,3602.56811523437,16.2427005767822,196.210998535156
2018-11-26 00:30:00,3602.48706054687,16.3172492980957,197.276000976562
2018-11-26 00:40:00,3602.5400390625,16.3927497863769,195.300704956054
2018-11-26 00:50:00,3602.32006835937,16.3336906433105,197.433303833007
2018-11-26 01:00:00,3602.36889648437,16.476390838623,198.292404174804
2018-11-26 01:10:00,3602.74096679687,16.1784706115722,196.685592651367
2018-11-26 01:20:00,3602.2529296875,17.0795593261718,199.629104614257
2018-11-26 01:30:00,3602.6630859375,18.0377902984619,199.05029296875
2018-11-26 01:40:00,3602.65600585937,18.7177200317382,199.227905273437
2018-11-26 01:50:00,3602.65087890625,19.5601005554199,200.10740661621
2018-11-26 02:00:00,3602.47900390625,19.1991500854492,201.054397583007
2018-11-26 02:10:00,3602.20092773437,18.7591495513916,199.619796752929
2018-11-26 02:20:00,3602.63891601562,18.4229297637939,196.44709777832
2018-11-26 02:30:00,3602.48388671875,18.6474800109863,195.731002807617
2018-11-26 02:40:00,3602.09692382812,18.7208309173583,195.326202392578
2018-11-26 02:50:00,3602.30688476562,18.2430191040039,193.339294433593
2018-11-26 03:00:00,3602.44995117187,17.9503898620605,196.242294311523
2018-11-26 03:10:00,3602.54296875,17.5879707336425,196.83689880371
2018-11-26 03:20:00,3602.61206054687,17.5792694091796,198.056900024414
2018-11-26 03:30:00,3602.6650390625,17.2631301879882,196.136199951171
2018-11-26 03:40:00,3602.51391601562,17.5076007843017,194.929794311523
2018-11-26 03:50:00,3602.708984375,17.8697204589843,190.395904541015
2018-11-26 04:00:00,3602.23803710937,18.4401493072509,189.078506469726
2018-11-26 04:10:00,3602.037109375,19.0251808166503,191.9541015625
2018-11-26 04:20:00,3602.31396484375,18.9533004760742,194.719894409179
2018-11-26 04:30:00,3602.18408203125,19.2667007446289,195.755493164062
2018-11-26 04:40:00,3602.22998046875,19.4061298370361,194.768905639648
2018-11-26 04:50:00,3602.17895507812,19.3943500518798,196.127700805664
2018-11-26 05:00:00,3602.34594726562,18.1949596405029,194.119796752929
2018-11-26 05:10:00,3602.41796875,18.436819076538,192.152297973632
2018-11-26 05:20:00,3602.30810546875,17.9496097564697,191.974502563476
2018-11-26 05:30:00,3602.14501953125,17.1449604034423,188.310806274414
2018-11-26 05:40:00,3602.31298828125,18.0480995178222,191.120697021484
2018-11-26 05:50:00,3601.73999023437,18.5165996551513,192.064102172851
2018-11-26 06:00:00,3601.9130859375,19.1780395507812,191.118896484375
2018-11-26 06:10:00,3602.0869140625,18.3268108367919,188.48860168457
2018-11-26 06:20:00,3601.7470703125,18.0867290496826,189.864501953125
2018-11-26 06:30:00,3602.251953125,19.0025291442871,190.677307128906
2018-11-26 06:40:00,3601.8779296875,18.5396099090576,190.807800292968
2018-11-26 06:50:00,3601.72607421875,17.2426204681396,188.079406738281
2018-11-26 07:00:00,3601.60400390625,16.4182891845703,186.61799621582
2018-11-26 07:10:00,3601.65893554687,18.1462593078613,190.552093505859
2018-11-26 07:20:00,3601.67504882812,19.3502502441406,194.621704101562
2018-11-26 07:30:00,3602.50903320312,16.9725704193115,194.496994018554
2018-11-26 07:40:00,3582.44409179687,13.5205297470092,187.910995483398
2018-11-26 07:50:00,3599.22607421875,14.1048698425292,190.405197143554
2018-11-26 08:00:00,3602.65600585937,16.277530670166,190.470901489257
2018-11-26 08:10:00,3602.6630859375,16.0045795440673,191.358596801757
2018-11-26 08:20:00,3602.69799804687,15.7400903701782,189.194305419921
2018-11-26 08:30:00,3602.8720703125,15.299500465393,189.580703735351
2018-11-26 08:40:00,3603.0029296875,16.2468204498291,190.271606445312
2018-11-26 08:50:00,3602.82397460937,16.2273502349853,191.218307495117
2018-11-26 09:00:00,3602.44897460937,16.2813606262207,188.390304565429
2018-11-26 09:10:00,3602.39404296875,16.2656497955322,184.680404663085
2018-11-26 09:20:00,3602.4970703125,16.2338905334472,184.251205444335
2018-11-26 09:30:00,3602.61303710937,17.0033493041992,183.234298706054
2018-11-26 09:40:00,3602.52490234375,16.4458599090576,182.396301269531
2018-11-26 09:50:00,3602.02807617187,17.6065692901611,184.911102294921
2018-11-26 10:00:00,3601.89501953125,17.2435703277587,186.071594238281
2018-11-26 10:10:00,3601.2939453125,17.6318092346191,184.483306884765
2018-11-26 10:20:00,3601.24609375,17.9102191925048,183.641799926757
2018-11-26 10:30:00,3601.39697265625,17.9546298980712,187.418395996093
2018-11-26 10:40:00,3601.61499023437,18.3042907714843,189.432800292968
2018-11-26 10:50:00,3601.62890625,17.687120437622,188.300399780273
2018-11-26 11:00:00,3601.9140625,18.7214603424072,184.73159790039
2018-11-26 11:10:00,3601.69897460937,19.5228996276855,186.719299316406
2018-11-26 11:20:00,3601.64404296875,19.6181297302246,189.193298339843
2018-11-26 11:30:00,3602.0380859375,18.4965305328369,193.40379333496
2018-11-26 11:40:00,3601.6240234375,19.2316799163818,189.927093505859
2018-11-26 11:50:00,3601.31494140625,18.9773998260498,188.698196411132
2018-11-26 12:00:00,3601.44604492187,18.6192302703857,190.118698120117
2018-11-26 12:10:00,3601.63305664062,18.6619091033935,191.471206665039
2018-11-26 12:20:00,3601.2900390625,18.7291393280029,190.873397827148
2018-11-26 12:30:00,3601.544921875,19.5968608856201,192.027999877929
2018-11-26 12:40:00,3601.85009765625,17.3038597106933,189.313400268554
2018-11-26 12:50:00,3601.17797851562,18.0435905456542,190.509292602539
2018-11-26 13:00:00,3602.01391601562,17.2107200622558,188.234405517578
2018-11-26 13:10:00,3601.89599609375,17.632640838623,189.164199829101
2018-11-26 13:20:00,3601.998046875,17.477029800415,190.877502441406
2018-11-26 13:30:00,3602.03100585937,17.3798294067382,194.318405151367
2018-11-26 13:40:00,3601.90698242187,17.8206996917724,196.524703979492
2018-11-26 13:50:00,3602.09594726562,17.3087291717529,196.504501342773
2018-11-26 14:00:00,3602.02490234375,16.666820526123,192.817306518554
2018-11-26 14:10:00,3601.92700195312,16.8589706420898,187.792694091796
2018-11-26 14:20:00,3602.02392578125,15.9772100448608,185.921798706054
2018-11-26 14:30:00,3601.92602539062,17.1705799102783,187.298995971679
2018-11-26 14:40:00,3602.0048828125,17.8592891693115,190.067306518554
2018-11-26 14:50:00,3601.77099609375,17.9512500762939,191.201599121093
2018-11-26 15:00:00,3601.68994140625,18.7532691955566,191.023605346679
2018-11-26 15:10:00,3601.70703125,18.1384296417236,190.841903686523
2018-11-26 15:20:00,3601.85400390625,18.03125,191.208602905273
2018-11-26 15:30:00,3601.56909179687,18.4113502502441,193.059997558593
2018-11-26 15:40:00,3601.36401367187,19.4736900329589,192.856704711914
2018-11-26 15:50:00,3601.44091796875,19.3620300292968,190.928604125976
2018-11-26 16:00:00,3601.48706054687,19.0976295471191,191.165603637695
2018-11-26 16:10:00,3601.72802734375,18.5582599639892,190.691299438476
2018-11-26 16:20:00,3601.47290039062,19.0033798217773,192.180404663085
2018-11-26 16:30:00,3601.3291015625,18.8953990936279,192.791198730468
2018-11-26 16:40:00,3600.98706054687,19.1254291534423,192.302093505859
2018-11-26 16:50:00,3600.76293945312,19.5690593719482,192.6708984375
2018-11-26 17:00:00,3601.2080078125,20.3974609375,192.48779296875
2018-11-26 17:10:00,3600.876953125,19.3951206207275,191.00340270996
2018-11-26 17:20:00,3601.01391601562,19.3954391479492,190.074905395507
2018-11-26 17:30:00,3600.94506835937,20.1010494232177,190.648605346679
2018-11-26 17:40:00,3600.68994140625,19.329849243164,191.273498535156
2018-11-26 17:50:00,3600.90600585937,19.7393608093261,194.130096435546
2018-11-26 18:00:00,3601.28198242187,20.4085998535156,194.867401123046
2018-11-26 18:10:00,3601.2109375,19.4495391845703,194.285095214843
2018-11-26 18:20:00,3601.3310546875,20.2472095489501,196.682495117187
2018-11-26 18:30:00,3601.82299804687,19.9235801696777,196.353805541992
2018-11-26 18:40:00,3601.9599609375,19.5216598510742,198.031692504882
2018-11-26 18:50:00,3601.45288085937,19.5509605407714,198.831497192382
2018-11-26 19:00:00,3601.30688476562,19.4744091033935,200.928298950195
2018-11-26 19:10:00,3601.5869140625,19.1823902130126,201.268203735351
2018-11-26 19:20:00,3601.74194335937,18.1435604095458,200.480606079101
2018-11-26 19:30:00,3601.6201171875,17.7832298278808,197.471496582031
2018-11-26 19:40:00,3601.68798828125,16.7510890960693,195.794998168945
2018-11-26 19:50:00,3601.9609375,17.0032005310058,197.028701782226
2018-11-26 20:00:00,3601.84106445312,17.694969177246,197.33999633789
2018-11-26 20:10:00,3602.0400390625,17.4715995788574,192.355392456054
2018-11-26 20:20:00,3602.18505859375,17.4441699981689,195.03269958496
2018-11-26 20:30:00,3601.787109375,17.0175704956054,194.844696044921
2018-11-26 20:40:00,3601.85888671875,18.171100616455,198.735794067382
2018-11-26 20:50:00,3601.56396484375,17.5664005279541,199.136795043945
2018-11-26 21:00:00,3601.875,17.8326091766357,202.757400512695
2018-11-26 21:10:00,3601.85205078125,17.3177700042724,201.968002319335
2018-11-26 21:20:00,3602.15502929687,17.0037803649902,200.115905761718
2018-11-26 21:30:00,3601.68505859375,18.0321292877197,199.234298706054
2018-11-26 21:40:00,3601.541015625,18.10080909729,196.363998413085
2018-11-26 21:50:00,3601.29809570312,18.0824508666992,199.16600036621
2018-11-26 22:00:00,3601.44311523437,19.3754291534423,200.891204833984
2018-11-26 22:10:00,3601.3330078125,18.7443904876708,199.652694702148
2018-11-26 22:20:00,3601.68090820312,18.6401500701904,199.523895263671
2018-11-26 22:30:00,3601.30297851562,18.7682209014892,200.692199707031
2018-11-26 22:40:00,3600.77197265625,17.5903396606445,198.859100341796
2018-11-26 22:50:00,3600.91796875,17.5927505493164,200.924697875976
2018-11-26 23:00:00,3601.22290039062,18.0044593811035,205.71060180664
2018-11-26 23:10:00,3601.51391601562,17.8831901550292,208.358993530273
2018-11-26 23:20:00,3601.22192382812,18.3307704925537,205.78059387207
2018-11-26 23:30:00,3600.98193359375,19.1294708251953,206.66160583496
2018-11-26 23:40:00,3600.86401367187,19.0511207580566,205.492095947265
2018-11-26 23:50:00,3600.67797851562,19.6527805328369,205.489700317382
2018-11-27 00:00:00,3600.9169921875,18.9585800170898,205.19709777832
2018-11-27 00:10:00,3600.96997070312,18.3792095184326,204.696304321289
2018-11-27 00:20:00,3601.7451171875,17.6388492584228,203.228805541992
2018-11-27 00:30:00,3600.55493164062,17.0086803436279,203.142303466796
2018-11-27 00:40:00,3600.72705078125,17.5782203674316,203.704299926757
2018-11-27 00:50:00,3600.80493164062,19.2029399871826,208.150497436523
2018-11-27 01:00:00,3600.79809570312,18.6413993835449,207.849304199218
2018-11-27 01:10:00,3600.958984375,19.2553005218505,207.640899658203
2018-11-27 01:20:00,3601.06591796875,18.4197807312011,207.652603149414
2018-11-27 01:30:00,3601.037109375,18.0198497772216,205.90330505371
2018-11-27 01:40:00,3601.125,17.601879119873,206.567901611328
2018-11-27 01:50:00,3601.19189453125,17.4109096527099,206.472702026367
2018-11-27 02:00:00,3600.93603515625,18.0897006988525,204.813995361328
2018-11-27 02:10:00,3600.71899414062,19.1864795684814,204.815399169921
2018-11-27 02:20:00,3600.81396484375,18.6358299255371,204.741806030273
2018-11-27 02:30:00,3601.13500976562,18.3129901885986,203.993194580078
2018-11-27 02:40:00,3601.0029296875,17.4686298370361,202.954193115234
2018-11-27 02:50:00,3601.1650390625,17.7301292419433,202.89599609375
2018-11-27 03:00:00,3601.0830078125,18.2450008392333,204.065505981445
2018-11-27 03:10:00,3600.837890625,18.8585891723632,205.813095092773
2018-11-27 03:20:00,3601.10400390625,18.3144493103027,206.768997192382
2018-11-27 03:30:00,3600.98706054687,18.9162502288818,205.690200805664
2018-11-27 03:40:00,3600.35302734375,19.7360095977783,206.781295776367
2018-11-27 03:50:00,3599.97802734375,19.5851707458496,204.169403076171
2018-11-27 04:00:00,3600.48193359375,19.5133304595947,206.03140258789
2018-11-27 04:10:00,3600.96508789062,18.9696197509765,204.016403198242
2018-11-27 04:20:00,3600.89111328125,19.5314407348632,203.518203735351
2018-11-27 04:30:00,3600.90502929687,19.5506992340087,204.87629699707
2018-11-27 04:40:00,3601.31005859375,19.0379905700683,204.154800415039
2018-11-27 04:50:00,3601.03393554687,19.9146308898925,204.29930114746
2018-11-27 05:00:00,3601.31689453125,19.0386295318603,203.981292724609
2018-11-27 05:10:00,3601.58911132812,18.4850597381591,203.671997070312
2018-11-27 05:20:00,3601.669921875,18.8489894866943,203.233901977539
2018-11-27 05:30:00,3601.80810546875,18.3165092468261,202.831298828125
2018-11-27 05:40:00,3602.29711914062,18.391450881958,201.314407348632
2018-11-27 05:50:00,3601.955078125,17.3508205413818,200.397994995117
2018-11-27 06:00:00,3601.53002929687,17.3118495941162,200.977996826171
2018-11-27 06:10:00,3601.89599609375,19.0731105804443,204.214401245117
2018-11-27 06:20:00,3601.96997070312,18.8406600952148,204.784805297851
2018-11-27 06:30:00,3601.90209960937,18.573989868164,205.555694580078
2018-11-27 06:40:00,3602.2529296875,16.5361404418945,203.245193481445
2018-11-27 06:50:00,3602.5849609375,16.1199207305908,200.07600402832
2018-11-27 07:00:00,3597.27099609375,15.1262502670288,199.69580078125
2018-11-27 07:10:00,3602.5439453125,16.9867992401123,201.31770324707
2018-11-27 07:20:00,3602.2109375,18.6793098449707,200.696197509765
2018-11-27 07:30:00,3602.294921875,17.6006698608398,199.327102661132
2018-11-27 07:40:00,3602.69604492187,17.8405609130859,200.992202758789
2018-11-27 07:50:00,3602.93896484375,17.8761596679687,198.45979309082
2018-11-27 08:00:00,3603.10888671875,17.2861804962158,197.789398193359
2018-11-27 08:10:00,3587.0830078125,14.5114603042602,196.728393554687
2018-11-27 08:20:00,3603.11889648437,15.6397800445556,197.153594970703
2018-11-27 08:30:00,3603.26806640625,15.956350326538,198.567199707031
2018-11-27 08:40:00,3603.34912109375,14.6603698730468,198.829299926757
2018-11-27 08:50:00,3599.2509765625,14.50594997406,195.686798095703
2018-11-27 09:00:00,3475.69506835937,12.7753496170043,197.834396362304
2018-11-27 09:10:00,3597.5,14.9860401153564,200.113296508789
2018-11-27 09:20:00,3580.77099609375,14.3166599273681,199.214706420898
2018-11-27 09:30:00,3573.55493164062,13.797019958496,199.188400268554
2018-11-27 09:40:00,3603.09106445312,15.3239097595214,197.103805541992
2018-11-27 09:50:00,3601.1279296875,13.8959102630615,196.431701660156
2018-11-27 10:00:00,3550.78491210937,13.2398300170898,196.09700012207
2018-11-27 10:10:00,3087.34790039062,11.1980800628662,201.672805786132
2018-11-27 10:20:00,3468.59497070312,13.1413898468017,201.357101440429
2018-11-27 10:30:00,3563.55297851562,13.1179399490356,197.017807006835
2018-11-27 10:40:00,3554.30590820312,12.9796600341796,197.932296752929
2018-11-27 10:50:00,3600.60595703125,13.4633102416992,196.722198486328
2018-11-27 11:00:00,3597.53100585937,14.1289796829223,195.792404174804
2018-11-27 11:10:00,3581.50610351562,14.0890398025512,197.020797729492
2018-11-27 11:20:00,3596.84008789062,14.3251895904541,197.625106811523
2018-11-27 11:30:00,3602.48999023437,14.6947898864746,195.779602050781
2018-11-27 11:40:00,3599.38598632812,14.3619298934936,195.179595947265
2018-11-27 11:50:00,3581.69091796875,14.254690170288,195.289093017578
2018-11-27 12:00:00,3426.10693359375,12.1649503707885,189.999404907226
2018-11-27 12:10:00,3205.85107421875,11.3867502212524,190.967193603515
2018-11-27 12:20:00,3502.14208984375,12.3535900115966,195.00959777832
2018-11-27 12:30:00,3193.72900390625,11.9882001876831,194.461303710937
2018-11-27 12:40:00,3390.20288085937,12.6770095825195,194.88459777832
2018-11-27 12:50:00,3364.99609375,12.2438097000122,193.951095581054
2018-11-27 13:00:00,3505.79809570312,13.3870801925659,194.558197021484
2018-11-27 13:10:00,3412.18603515625,12.3687896728515,188.394104003906
2018-11-27 13:20:00,3292.96411132812,11.8632402420043,185.990295410156
2018-11-27 13:30:00,2541.38208007812,9.93124675750732,186.055694580078
2018-11-27 13:40:00,3196.49291992187,11.3874902725219,185.546798706054
2018-11-27 13:50:00,2717.90209960937,10.2726802825927,187.271102905273
2018-11-27 14:00:00,2002.63500976562,9.04320335388183,188.097396850585
2018-11-27 14:10:00,1383.50695800781,7.59896421432495,187.788696289062
2018-11-27 14:20:00,1453.53894042968,7.794282913208,186.812805175781
2018-11-27 14:30:00,1272.90795898437,7.31394577026367,188.225799560546
2018-11-27 14:40:00,1822.05200195312,8.40304374694824,189.061798095703
2018-11-27 14:50:00,3026.64404296875,10.9817104339599,186.178604125976
2018-11-27 15:00:00,3478.44995117187,12.1002302169799,185.631393432617
2018-11-27 15:10:00,3600.47607421875,13.5292701721191,186.242492675781
2018-11-27 15:20:00,3557.82397460937,12.80428981781,187.530197143554
2018-11-27 15:30:00,3352.43408203125,11.7358703613281,190.085296630859
2018-11-27 15:40:00,2690.0810546875,10.1312398910522,189.291900634765
2018-11-27 15:50:00,3093.56811523437,10.8866701126098,186.908004760742
2018-11-27 16:00:00,3541.67602539062,12.0040702819824,179.891998291015
2018-11-27 16:10:00,3592.23095703125,13.0740699768066,179.574295043945
2018-11-27 16:20:00,3602.97509765625,14.1941204071044,183.051696777343
2018-11-27 16:30:00,3603.14599609375,14.4233303070068,181.893798828125
2018-11-27 16:40:00,3602.75,14.0540800094604,181.95100402832
2018-11-27 16:50:00,3590.88989257812,14.182970046997,184.819900512695
2018-11-27 17:00:00,3603.25708007812,14.141900062561,185.030700683593
2018-11-27 17:10:00,3545.57788085937,12.5801496505737,181.717407226562
2018-11-27 17:20:00,3596.17309570312,13.5761404037475,184.929000854492
2018-11-27 17:30:00,3573.56909179687,12.9050397872924,183.828903198242
2018-11-27 17:40:00,3578.07495117187,12.723819732666,184.251800537109
2018-11-27 17:50:00,2908.65405273437,10.6554098129272,182.204696655273
2018-11-27 18:00:00,3215.98999023437,11.1778602600097,183.568801879882
2018-11-27 18:10:00,3566.7900390625,13.0935497283935,183.638793945312
2018-11-27 18:20:00,3598.46704101562,13.4091997146606,183.904998779296
2018-11-27 18:30:00,3603.46606445312,15.0362501144409,184.945602416992
2018-11-27 18:40:00,3603.52709960937,14.4539098739624,183.543899536132
2018-11-27 18:50:00,3603.3779296875,16.1784591674804,188.0126953125
2018-11-27 19:00:00,3603.583984375,14.4159297943115,181.614196777343
2018-11-27 19:10:00,3604.02905273437,14.249620437622,180.453796386718
2018-11-27 19:20:00,3603.64697265625,14.1330299377441,181.438003540039
2018-11-27 19:30:00,3553.25390625,12.2906599044799,178.377304077148
2018-11-27 19:40:00,3595.69604492187,13.7288599014282,180.68049621582
2018-11-27 19:50:00,3602.22509765625,13.332799911499,173.732498168945
2018-11-27 20:00:00,3597.90502929687,13.3794298171997,176.314498901367
2018-11-27 20:10:00,3603.06909179687,14.3234500885009,180.973602294921
2018-11-27 20:20:00,3603.06298828125,14.9885902404785,181.689697265625
2018-11-27 20:30:00,3603.21411132812,16.2311706542968,183.139404296875
2018-11-27 20:40:00,3603.11206054687,16.6558208465576,181.489807128906
2018-11-27 20:50:00,3602.9580078125,17.5340690612792,182.976593017578
2018-11-27 21:00:00,3603.27905273437,15.9498300552368,178.954193115234
2018-11-27 21:10:00,3603.14208984375,15.3758897781372,181.955795288085
2018-11-27 21:20:00,3602.85302734375,15.0589199066162,180.261901855468
2018-11-27 21:30:00,3602.94799804687,16.10032081604,180.865493774414
2018-11-27 21:40:00,3602.90698242187,16.9743995666503,180.578292846679
2018-11-27 21:50:00,3602.92895507812,15.9498596191406,178.356292724609
2018-11-27 22:00:00,3603.22900390625,15.4254703521728,176.052200317382
2018-11-27 22:10:00,3602.77490234375,16.0882301330566,176.804000854492
2018-11-27 22:20:00,3602.80688476562,16.8037395477294,176.932403564453
2018-11-27 22:30:00,3602.40698242187,16.9679908752441,179.094802856445
2018-11-27 22:40:00,3602.31201171875,18.8146095275878,178.932693481445
2018-11-27 22:50:00,3602.52001953125,19.0843696594238,180.571502685546
2018-11-27 23:00:00,3602.71606445312,18.6126194000244,180.466903686523
2018-11-27 23:10:00,3602.90991210937,20.0652599334716,180.125793457031
2018-11-27 23:20:00,3602.86694335937,19.0570697784423,178.353103637695
2018-11-27 23:30:00,3602.9560546875,19.2032394409179,180.523300170898
2018-11-27 23:40:00,3602.68896484375,18.0047206878662,178.875305175781
2018-11-27 23:50:00,3601.71606445312,18.3704299926757,181.226699829101
2018-11-28 00:00:00,3602.69604492187,16.8472499847412,182.08689880371
2018-11-28 00:10:00,3602.56396484375,16.8340301513671,182.849197387695
2018-11-28 00:20:00,3602.5791015625,16.5368690490722,186.020401000976
2018-11-28 00:30:00,3602.65795898437,14.9015502929687,187.869400024414
2018-11-28 00:40:00,3602.71411132812,15.1359996795654,189.642105102539
2018-11-28 00:50:00,3602.30493164062,15.8594198226928,189.606994628906
2018-11-28 01:00:00,3602.30200195312,16.478380203247,184.04719543457
2018-11-28 01:10:00,3602.51196289062,16.3622798919677,184.671096801757
2018-11-28 01:20:00,3602.1689453125,16.0099906921386,185.33250427246
2018-11-28 01:30:00,3597.99609375,14.6373901367187,188.329803466796
2018-11-28 01:40:00,3597.18188476562,13.7812004089355,187.106704711914
2018-11-28 01:50:00,3602.40405273437,14.4720802307128,185.528900146484
2018-11-28 02:00:00,3602.72705078125,14.6708498001098,185.995193481445
2018-11-28 02:10:00,3602.22705078125,14.4849500656127,189.131607055664
2018-11-28 02:20:00,3602.875,14.3131704330444,194.162002563476
2018-11-28 02:30:00,3602.71997070312,14.2401103973388,193.429794311523
2018-11-28 02:40:00,3602.53491210937,13.4785404205322,189.464401245117
2018-11-28 02:50:00,3579.0791015625,12.5179796218872,189.102096557617
2018-11-28 03:00:00,3595.13696289062,13.2815904617309,186.12759399414
2018-11-28 03:10:00,3602.91796875,13.6051902770996,182.595001220703
2018-11-28 03:20:00,3601.82397460937,13.1347799301147,186.242904663085
2018-11-28 03:30:00,3579.68798828125,12.7786397933959,192.402297973632
2018-11-28 03:40:00,3591.84204101562,13.2967195510864,197.273498535156
2018-11-28 03:50:00,3594.94311523437,13.5962495803833,196.760299682617
2018-11-28 04:00:00,3473.32788085937,12.5010995864868,200.16650390625
2018-11-28 04:10:00,3292.0830078125,11.5135803222656,200.849395751953
2018-11-28 04:20:00,3074.169921875,10.9537496566772,198.481903076171
2018-11-28 04:30:00,3139.56494140625,11.0196199417114,192.087600708007
2018-11-28 04:40:00,2802.05102539062,10.4379997253417,195.667297363281
2018-11-28 04:50:00,3022.46411132812,11.2128095626831,200.080993652343
2018-11-28 05:00:00,3283.01293945312,11.4772596359252,202.540603637695
2018-11-28 05:10:00,3479.3369140625,12.0824499130249,202.36619567871
2018-11-28 05:20:00,2665.80102539062,10.1595001220703,198.149703979492
2018-11-28 05:30:00,2059.62890625,9.03609085083007,209.988906860351
2018-11-28 05:40:00,1346.958984375,7.66885185241699,214.667999267578
2018-11-28 05:50:00,1439.74096679687,7.68760585784912,207.388702392578
2018-11-28 06:00:00,1824.34094238281,8.23529624938964,203.140502929687
2018-11-28 06:10:00,2796.99096679687,10.6707000732421,202.651901245117
2018-11-28 06:20:00,3602.06201171875,14.0968103408813,199.13589477539
2018-11-28 06:30:00,3601.10888671875,15.2858800888061,199.855102539062
2018-11-28 06:40:00,1823.57702636718,15.6665496826171,202.219299316406
2018-11-28 06:50:00,3602.56396484375,14.985369682312,195.60920715332
2018-11-28 07:00:00,3602.65893554687,13.8716602325439,187.990600585937
2018-11-28 07:10:00,3602.9951171875,14.1216497421264,191.570404052734
2018-11-28 07:20:00,3602.77294921875,13.4796600341796,188.316101074218
2018-11-28 07:30:00,3599.9189453125,13.3365602493286,192.91209411621
2018-11-28 07:40:00,3602.86889648437,14.0553302764892,196.675704956054
2018-11-28 07:50:00,3602.93408203125,14.2605104446411,193.571899414062
2018-11-28 08:00:00,3603.03295898437,14.3567304611206,188.53660583496
2018-11-28 08:10:00,3603.2060546875,14.6530504226684,185.328506469726
2018-11-28 08:20:00,3603.01806640625,15.4200201034545,187.532196044921
2018-11-28 08:30:00,3602.76196289062,16.3282299041748,186.39680480957
2018-11-28 08:40:00,3602.7099609375,15.5228700637817,186.80110168457
2018-11-28 08:50:00,3602.68994140625,14.6899499893188,186.900695800781
2018-11-28 09:00:00,3602.61401367187,14.3139295578002,182.305297851562
2018-11-28 09:10:00,3602.39990234375,14.7662801742553,184.646896362304
2018-11-28 09:20:00,3601.22900390625,13.4934902191162,181.965393066406
2018-11-28 09:30:00,3595.7470703125,12.7758798599243,183.996002197265
2018-11-28 09:40:00,3577.1298828125,13.2023601531982,176.631103515625
2018-11-28 09:50:00,3549.53002929687,13.7699003219604,184.574905395507
2018-11-28 10:00:00,3602.66088867187,14.5534496307373,186.217498779296
2018-11-28 10:10:00,3602.72705078125,15.0116901397705,189.218795776367
2018-11-28 10:20:00,3602.76391601562,14.7110300064086,187.562698364257
2018-11-28 10:30:00,3603.06201171875,15.2062301635742,189.748001098632
2018-11-28 10:40:00,3602.93798828125,16.14986038208,189.832305908203
2018-11-28 10:50:00,3602.85302734375,15.5293197631835,190.179992675781
2018-11-28 11:00:00,3602.69897460937,15.7712602615356,190.022003173828
2018-11-28 11:10:00,3602.89892578125,14.8056697845458,193.512802124023
2018-11-28 11:20:00,3602.97290039062,13.8802795410156,187.065307617187
2018-11-28 11:30:00,3603.05688476562,14.6897001266479,194.080703735351
2018-11-28 11:40:00,3603.32006835937,14.0956497192382,194.596298217773
2018-11-28 11:50:00,3603.14599609375,13.3788003921508,191.629501342773
2018-11-28 12:00:00,3582.52709960937,13.0640001296997,192.412399291992
2018-11-28 12:10:00,3175.31103515625,11.4126901626586,192.268905639648
2018-11-28 12:20:00,1231.44299316406,7.14531803131103,189.243698120117
2018-11-28 12:30:00,62.8267402648925,3.03551197052001,176.639495849609
2018-11-28 12:40:00,0.0,3.71069192886352,327.647888183593
2018-11-28 12:50:00,146.078201293945,4.1004729270935,352.878509521484
2018-11-28 13:00:00,266.872802734375,4.58889198303222,350.142303466796
2018-11-28 13:10:00,304.788696289062,4.75722885131835,352.251098632812
2018-11-28 13:20:00,915.621887207031,6.42989921569824,0.889648616313934
2018-11-28 13:30:00,671.659423828125,5.69824981689453,14.0810604095458
2018-11-28 13:40:00,1322.75805664062,7.36179590225219,12.5385303497314
2018-11-28 13:50:00,399.845001220703,5.00795984268188,5.02343082427978
2018-11-28 14:00:00,543.510009765625,5.75720500946044,2.13538408279418
2018-11-28 14:10:00,1046.96203613281,7.00169610977172,8.10114955902099
2018-11-28 14:20:00,1129.94104003906,7.03082799911499,10.3518600463867
2018-11-28 14:30:00,1064.36901855468,6.62501001358032,9.89824199676513
2018-11-28 14:40:00,1219.52404785156,7.31473779678344,9.26118087768554
2018-11-28 14:50:00,1495.90002441406,7.72907781600952,4.59660577774047
2018-11-28 15:00:00,1223.04699707031,7.25699806213378,3.85220909118652
2018-11-28 15:10:00,1983.623046875,8.51039600372314,2.20278191566467
2018-11-28 15:20:00,2438.28588867187,9.48212432861328,8.25179195404052
2018-11-28 15:30:00,2000.74304199218,8.71412658691406,12.5130100250244
2018-11-28 15:40:00,3117.52490234375,10.9975900650024,11.6946697235107
2018-11-28 15:50:00,2677.59594726562,10.1412496566772,20.5252208709716
2018-11-28 16:00:00,2148.55395507812,9.03517627716064,16.9186992645263
2018-11-28 16:10:00,2346.4140625,9.24716281890869,2.12115907669067
2018-11-28 16:20:00,2945.31201171875,10.1208696365356,8.79536342620849
2018-11-28 16:30:00,2876.95092773437,10.3623600006103,6.55283117294311
2018-11-28 16:40:00,2410.31494140625,9.3461799621582,5.83844518661499
2018-11-28 16:50:00,2652.13110351562,10.0465698242187,6.4510588645935
2018-11-28 17:00:00,2516.18798828125,9.62011909484863,8.35059547424316
2018-11-28 17:10:00,2042.46704101562,8.66615581512451,13.6634998321533
2018-11-28 17:20:00,3092.38208007812,10.9764099121093,17.7290000915527
2018-11-28 17:30:00,3256.498046875,11.7788400650024,22.208209991455
2018-11-28 17:40:00,3158.77807617187,11.5184001922607,17.052749633789
2018-11-28 17:50:00,3572.26611328125,12.3946800231933,24.6749591827392
2018-11-28 18:00:00,3377.06103515625,11.5559797286987,18.6584701538085
2018-11-28 18:10:00,3549.43505859375,12.3716697692871,21.3410892486572
2018-11-28 18:20:00,3335.57788085937,11.4207601547241,23.1133499145507
2018-11-28 18:30:00,3226.7919921875,11.1302003860473,24.5044002532958
2018-11-28 18:40:00,3331.77905273437,11.9754400253295,27.8642902374267
2018-11-28 18:50:00,3349.6640625,11.3071002960205,21.0260391235351
2018-11-28 19:00:00,3484.53295898437,12.2083301544189,21.3604793548583
2018-11-28 19:10:00,3587.19799804687,12.9640302658081,21.3187294006347
2018-11-28 19:20:00,3568.52807617187,12.0841302871704,22.4351997375488
2018-11-28 19:30:00,3400.82495117187,11.5060100555419,22.7144508361816
2018-11-28 19:40:00,3566.4970703125,12.0354604721069,19.9187793731689
2018-11-28 19:50:00,3602.21606445312,13.3603000640869,22.2202701568603
2018-11-28 20:00:00,3577.56396484375,12.2130098342895,19.6208992004394
2018-11-28 20:10:00,3485.1689453125,12.6869401931762,25.3243904113769
2018-11-28 20:20:00,3544.36694335937,12.1393404006958,21.1464195251464
2018-11-28 20:30:00,3553.06591796875,12.6725702285766,19.1721801757812
2018-11-28 20:40:00,3509.81689453125,12.0883998870849,25.0430603027343
2018-11-28 20:50:00,3586.13891601562,12.2421903610229,21.795669555664
2018-11-28 21:00:00,3463.38403320312,11.4729099273681,23.2573890686035
2018-11-28 21:10:00,3592.96606445312,13.9296598434448,18.9518299102783
2018-11-28 21:20:00,3576.76293945312,12.7178201675415,20.5563907623291
2018-11-28 21:30:00,3540.59301757812,13.4108800888061,21.7987194061279
2018-11-28 21:40:00,3573.9150390625,12.3274202346801,19.9264793395996
2018-11-28 21:50:00,3589.02709960937,12.9563102722167,21.550889968872
2018-11-28 22:00:00,3599.8701171875,13.5460700988769,17.8715305328369
2018-11-28 22:10:00,3589.88403320312,13.4778099060058,19.3977508544921
2018-11-28 22:20:00,3602.09399414062,14.198579788208,20.5231609344482
2018-11-28 22:30:00,3601.7958984375,14.1989002227783,21.1412906646728
2018-11-28 22:40:00,3513.28588867187,12.2908096313476,25.0119800567626
2018-11-28 22:50:00,3549.373046875,13.4669198989868,22.0769805908203
2018-11-28 23:00:00,3365.79809570312,11.3780698776245,28.0880794525146
2018-11-28 23:10:00,3568.98388671875,12.8852796554565,26.2745609283447
2018-11-28 23:20:00,3600.80200195312,15.0712900161743,26.8028297424316
2018-11-28 23:30:00,3505.8359375,13.3681097030639,30.4435405731201
2018-11-28 23:40:00,3462.42700195312,12.0507802963256,29.2352790832519
2018-11-28 23:50:00,3590.67895507812,13.1898097991943,32.6014595031738
2018-11-29 00:00:00,3596.30493164062,13.6854000091552,28.7101306915283
2018-11-29 00:10:00,3444.78198242187,12.2243995666503,25.3918495178222
2018-11-29 00:20:00,3458.80200195312,12.71994972229,26.5360202789306
2018-11-29 00:30:00,3407.21606445312,12.3505401611328,24.7813491821289
2018-11-29 00:40:00,3565.6279296875,13.0926704406738,26.4381504058837
2018-11-29 00:50:00,3463.98510742187,11.9899797439575,26.0977096557617
2018-11-29 01:00:00,3376.23291015625,11.7604398727416,31.7705497741699
2018-11-29 01:10:00,3485.60400390625,12.1698198318481,27.5517501831054
2018-11-29 01:20:00,3427.93701171875,11.4503898620605,27.698070526123
2018-11-29 01:30:00,3347.06909179687,11.7937602996826,26.5806007385253
2018-11-29 01:40:00,3353.64697265625,11.7692604064941,29.2806301116943
2018-11-29 01:50:00,3590.15698242187,12.6143102645874,22.6947402954101
2018-11-29 02:00:00,3577.53393554687,12.685170173645,25.3464698791503
2018-11-29 02:10:00,3593.73803710937,12.8901300430297,25.2055797576904
2018-11-29 02:20:00,3541.61108398437,13.3372297286987,27.954439163208
2018-11-29 02:30:00,3583.92309570312,12.9133596420288,27.1352195739746
2018-11-29 02:40:00,3598.92993164062,14.030779838562,25.5233993530273
2018-11-29 02:50:00,3598.62890625,13.6188097000122,23.9348201751708
2018-11-29 03:00:00,3569.3740234375,13.088020324707,26.4250907897949
2018-11-29 03:10:00,3599.32104492187,13.6360101699829,24.0780506134033
2018-11-29 03:20:00,3573.85107421875,13.3520097732543,24.2189292907714
2018-11-29 03:30:00,3596.458984375,13.2294797897338,23.744249343872
2018-11-29 03:40:00,3601.18408203125,13.7225704193115,23.4087295532226
2018-11-29 03:50:00,3600.80810546875,13.9700803756713,24.0129508972167
2018-11-29 04:00:00,3556.69604492187,12.9431495666503,27.9112205505371
2018-11-29 04:10:00,3366.0,11.5259895324707,30.9377307891845
2018-11-29 04:20:00,3583.36596679687,12.6615200042724,31.8415603637695
2018-11-29 04:30:00,3469.61889648437,13.6148500442504,35.8179702758789
2018-11-29 04:40:00,3585.36010742187,14.5951995849609,37.7841415405273
2018-11-29 04:50:00,3557.92309570312,13.4685401916503,32.8858108520507
2018-11-29 05:00:00,3593.92407226562,13.8084001541137,33.1910591125488
2018-11-29 05:10:00,3584.59399414062,14.4638299942016,32.5656013488769
2018-11-29 05:20:00,3591.24389648437,14.6353302001953,35.5808601379394
2018-11-29 05:30:00,3582.57299804687,13.8286895751953,34.7491798400878
2018-11-29 05:40:00,3584.74194335937,14.6091499328613,33.5947608947753
2018-11-29 05:50:00,3592.73706054687,14.3777503967285,36.2045211791992
2018-11-29 06:00:00,3601.2939453125,15.9137601852416,34.848518371582
2018-11-29 06:10:00,3599.9970703125,14.0525398254394,33.6002197265625
2018-11-29 06:20:00,3564.42993164062,14.4643602371215,36.1404991149902
2018-11-29 06:30:00,3588.48510742187,14.5558795928955,36.7631111145019
2018-11-29 06:40:00,3582.65698242187,13.4064798355102,33.1612510681152
2018-11-29 06:50:00,3571.56201171875,13.6942501068115,32.1464614868164
2018-11-29 07:00:00,3594.96899414062,14.6070804595947,32.3521995544433
2018-11-29 07:10:00,3590.80908203125,15.5812196731567,33.7495803833007
2018-11-29 07:20:00,3596.41796875,14.8843898773193,32.9125709533691
2018-11-29 07:30:00,3597.30810546875,16.0032501220703,34.5158882141113
2018-11-29 07:40:00,3595.92504882812,16.1317100524902,34.3444709777832
2018-11-29 07:50:00,3597.06103515625,15.5807800292968,35.1962089538574
2018-11-29 08:00:00,3601.01489257812,16.7402896881103,38.4852981567382
2018-11-29 08:10:00,3598.83911132812,15.7203702926635,34.0278282165527
2018-11-29 08:20:00,3597.34692382812,15.5060300827026,31.5674400329589
2018-11-29 08:30:00,3594.56591796875,15.1226997375488,34.7929611206054
2018-11-29 08:40:00,3600.73999023437,15.3380403518676,32.6042404174804
2018-11-29 08:50:00,3594.42895507812,15.4797496795654,33.6393203735351
2018-11-29 09:00:00,3600.68505859375,15.6203603744506,34.2296600341796
2018-11-29 09:10:00,3600.67993164062,16.2927303314208,33.3245086669921
2018-11-29 09:20:00,3600.5,15.9137296676635,35.5000991821289
2018-11-29 09:30:00,3599.44189453125,16.5988998413085,35.0807800292968
2018-11-29 09:40:00,3600.23803710937,16.2376194000244,35.4554901123046
2018-11-29 09:50:00,3600.7890625,16.6767692565917,33.454719543457
2018-11-29 10:00:00,3599.56298828125,15.7470397949218,36.169189453125
2018-11-29 10:10:00,3592.73999023437,16.5188808441162,35.1836585998535
2018-11-29 10:20:00,3600.59790039062,16.8122100830078,35.0221900939941
2018-11-29 10:30:00,3597.96704101562,16.6550407409667,34.2351608276367
2018-11-29 10:40:00,3596.06298828125,14.5712900161743,31.7619094848632
2018-11-29 10:50:00,3600.27099609375,15.6915302276611,34.3094291687011
2018-11-29 11:00:00,3600.60595703125,16.607120513916,34.702709197998
2018-11-29 11:10:00,3599.59106445312,16.7613792419433,36.8667907714843
2018-11-29 11:20:00,3598.7548828125,14.9759397506713,36.0637092590332
2018-11-29 11:30:00,3589.14892578125,14.9481801986694,34.0906410217285
2018-11-29 11:40:00,3600.89306640625,15.1763801574707,33.9404296875
2018-11-29 11:50:00,3600.57202148437,16.9885501861572,34.3759002685546
2018-11-29 12:00:00,3600.69189453125,15.1393203735351,32.5240592956542
2018-11-29 12:10:00,3600.31909179687,16.0510196685791,31.9917793273925
2018-11-29 12:20:00,3599.93188476562,16.3056602478027,31.7267303466796
2018-11-29 12:30:00,3599.84912109375,15.7367000579833,30.872760772705
2018-11-29 12:40:00,3599.78100585937,15.6998701095581,32.8051605224609
2018-11-29 12:50:00,3600.84692382812,15.4581899642944,32.4328689575195
2018-11-29 13:00:00,3599.36499023437,14.5364303588867,32.9681892395019
2018-11-29 13:10:00,3600.7529296875,15.6421699523925,35.6764488220214
2018-11-29 13:20:00,3600.32299804687,15.3554401397705,32.511489868164
2018-11-29 13:30:00,3600.77197265625,16.9184799194335,35.3469200134277
2018-11-29 13:40:00,3597.94702148437,16.2984504699707,33.5759887695312
2018-11-29 13:50:00,3600.3740234375,16.8347206115722,34.219799041748
2018-11-29 14:00:00,3579.06201171875,15.2395696640014,35.3096313476562
2018-11-29 14:10:00,3597.69897460937,14.7842502593994,33.8021011352539
2018-11-29 14:20:00,3597.69897460937,14.7981796264648,31.2305297851562
2018-11-29 14:30:00,3600.5859375,15.3650903701782,33.8444290161132
2018-11-29 14:40:00,3600.1640625,15.9971103668212,33.433349609375
2018-11-29 14:50:00,3600.412109375,15.8675498962402,32.9001007080078
2018-11-29 15:00:00,3596.89501953125,15.5833301544189,34.0155181884765
2018-11-29 15:10:00,3594.89404296875,15.4018602371215,36.860610961914
2018-11-29 15:20:00,3600.47607421875,15.5693998336791,36.5385704040527
2018-11-29 15:30:00,3600.68408203125,14.5731201171875,38.3175315856933
2018-11-29 15:40:00,3560.38305664062,14.3374700546264,36.0079193115234
2018-11-29 15:50:00,3591.61206054687,14.9509601593017,36.0969696044921
2018-11-29 16:00:00,3599.65698242187,14.8977899551391,33.3904609680175
2018-11-29 16:10:00,3582.13110351562,15.0230197906494,30.7183208465576
2018-11-29 16:20:00,3600.05688476562,15.4928798675537,32.9166793823242
2018-11-29 16:30:00,3600.7099609375,15.0836000442504,32.7179298400878
2018-11-29 16:40:00,3600.31005859375,16.4220790863037,34.264419555664
2018-11-29 16:50:00,3600.60693359375,16.4914894104003,33.9125099182128
2018-11-29 17:00:00,3595.0458984375,15.0839900970458,34.2152214050292
2018-11-29 17:10:00,3598.95288085937,15.4690198898315,31.9057006835937
2018-11-29 17:20:00,3597.20190429687,14.9711904525756,35.5048217773437
2018-11-29 17:30:00,3599.76708984375,16.3533000946044,33.6816902160644
2018-11-29 17:40:00,3601.05493164062,17.0146198272705,34.0142593383789
2018-11-29 17:50:00,3594.22509765625,16.0120792388916,34.5146293640136
2018-11-29 18:00:00,3600.82690429687,17.4471492767333,35.4695701599121
2018-11-29 18:10:00,3600.46606445312,17.9458808898925,33.5432014465332
2018-11-29 18:20:00,3600.22412109375,17.607099533081,36.6953201293945
2018-11-29 18:30:00,3600.70190429687,15.9159498214721,32.9299507141113
2018-11-29 18:40:00,3599.92211914062,17.1544799804687,32.0243606567382
2018-11-29 18:50:00,3599.67700195312,15.7502002716064,34.1825103759765
2018-11-29 19:00:00,3594.7060546875,16.8373908996582,33.5852394104003
2018-11-29 19:10:00,3600.2548828125,16.7987194061279,34.9933204650878
2018-11-29 19:20:00,3600.70190429687,16.8571395874023,33.0533485412597
2018-11-29 19:30:00,3600.39892578125,16.1839408874511,32.7033996582031
2018-11-29 19:40:00,3600.35888671875,16.9017105102539,34.1856307983398
2018-11-29 19:50:00,3599.19799804687,16.2036399841308,33.4184303283691
2018-11-29 20:00:00,3600.9169921875,17.6556701660156,36.015209197998
2018-11-29 20:10:00,3597.80688476562,16.7533302307128,34.318359375
2018-11-29 20:20:00,3600.34204101562,16.2215995788574,34.9553184509277
2018-11-29 20:30:00,3597.1630859375,15.6370000839233,34.7071113586425
2018-11-29 20:40:00,3597.84204101562,14.8423099517822,33.1017608642578
2018-11-29 20:50:00,3600.162109375,15.4254703521728,36.878791809082
2018-11-29 21:00:00,3600.18896484375,15.0244998931884,35.376350402832
2018-11-29 21:10:00,3599.18701171875,16.0278491973876,34.5400009155273
2018-11-29 21:20:00,3599.9541015625,16.8644104003906,35.8101387023925
2018-11-29 21:30:00,3599.82202148437,16.2562408447265,32.5861091613769
2018-11-29 21:40:00,3600.23706054687,15.9518299102783,34.2068214416503
2018-11-29 21:50:00,3600.19604492187,16.8223991394042,35.2132987976074
2018-11-29 22:00:00,3600.09008789062,16.16575050354,34.5842895507812
2018-11-29 22:10:00,3599.10498046875,15.8545904159545,34.5952911376953
2018-11-29 22:20:00,3600.44091796875,15.8348197937011,37.2822494506835
2018-11-29 22:30:00,3600.31909179687,17.4020099639892,36.3378295898437
2018-11-29 22:40:00,3600.412109375,16.6963291168212,34.1508102416992
2018-11-29 22:50:00,3568.32299804687,16.0853099822998,34.873908996582
2018-11-29 23:00:00,3600.44091796875,16.0383605957031,34.2730484008789
2018-11-29 23:10:00,3599.96411132812,17.1462097167968,33.3740692138671
2018-11-29 23:20:00,3600.34301757812,15.6254501342773,35.3485603332519
2018-11-29 23:30:00,3600.43408203125,15.7300300598144,32.226219177246
2018-11-29 23:40:00,3600.54296875,15.0727100372314,34.0735893249511
2018-11-29 23:50:00,3600.3740234375,16.3636302947998,35.919448852539
2018-11-30 00:00:00,3600.15209960937,16.6528491973876,31.8794498443603
2018-11-30 00:10:00,3600.05297851562,16.3942909240722,35.323070526123
2018-11-30 00:20:00,3600.169921875,17.7864093780517,34.6358604431152
2018-11-30 00:30:00,3599.97607421875,17.4423103332519,40.1273498535156
2018-11-30 00:40:00,3597.3330078125,16.0046596527099,31.850299835205
2018-11-30 00:50:00,3600.61303710937,15.5487804412841,33.5029907226562
2018-11-30 01:00:00,3600.0400390625,17.5957908630371,34.8422393798828
2018-11-30 01:10:00,3600.251953125,16.976749420166,33.9977798461914
2018-11-30 01:20:00,3599.85107421875,19.0803794860839,33.347858428955
2018-11-30 01:30:00,3599.77001953125,18.4026203155517,33.8543395996093
2018-11-30 01:40:00,3598.97900390625,15.9718799591064,32.1408004760742
2018-11-30 01:50:00,3599.9951171875,17.6997509002685,34.6644897460937
2018-11-30 02:00:00,3600.39208984375,18.0303401947021,33.6861000061035
2018-11-30 02:10:00,3600.43310546875,16.8500995635986,36.7510108947753
2018-11-30 02:20:00,3600.376953125,17.9210891723632,36.4217910766601
2018-11-30 02:30:00,3600.38696289062,15.7361297607421,31.0531902313232
2018-11-30 02:40:00,3600.32397460937,15.148380279541,32.5489692687988
2018-11-30 02:50:00,3600.50708007812,15.9882001876831,33.1290893554687
2018-11-30 03:00:00,3600.21411132812,17.2050704956054,33.9720611572265
2018-11-30 03:10:00,3600.03198242187,16.5185298919677,33.0439109802246
2018-11-30 03:20:00,3597.92309570312,16.4914798736572,37.1182098388671
2018-11-30 03:30:00,3600.1240234375,15.0306301116943,37.7986297607421
2018-11-30 03:40:00,3597.32495117187,15.9366598129272,34.0022811889648
2018-11-30 03:50:00,3586.72607421875,15.3573398590087,34.2090606689453
2018-11-30 04:00:00,3600.34399414062,15.9241199493408,31.8407592773437
2018-11-30 04:10:00,3600.24389648437,16.8404693603515,33.3566284179687
2018-11-30 04:20:00,3600.49194335937,18.3205204010009,32.4718589782714
2018-11-30 04:30:00,3600.26293945312,18.4184894561767,35.4273414611816
2018-11-30 04:40:00,3600.47900390625,18.5908298492431,33.9684906005859
2018-11-30 04:50:00,3600.26708984375,16.6614799499511,33.1881103515625
2018-11-30 05:00:00,3599.875,16.8549098968505,32.210708618164
2018-11-30 05:10:00,3599.31396484375,17.1515293121337,32.2807388305664
2018-11-30 05:20:00,3597.07299804687,16.7276306152343,32.6896896362304
2018-11-30 05:30:00,3600.14794921875,17.1032009124755,28.4561290740966
2018-11-30 05:40:00,3600.44799804687,16.980260848999,28.7366294860839
2018-11-30 05:50:00,3600.40600585937,16.0244693756103,31.0748996734619
2018-11-30 06:00:00,3600.2041015625,16.7249698638916,32.4306602478027
2018-11-30 06:10:00,3600.51391601562,16.5887508392333,32.9078292846679
2018-11-30 06:20:00,3599.98388671875,14.913740158081,30.8445701599121
2018-11-30 06:30:00,3599.65502929687,13.6425695419311,31.9613704681396
2018-11-30 06:40:00,3593.34008789062,16.4666900634765,32.9394607543945
2018-11-30 06:50:00,3586.55395507812,14.5680904388427,32.6583404541015
2018-11-30 07:00:00,3600.27294921875,16.0474796295166,34.8678894042968
2018-11-30 07:10:00,3579.06811523437,14.5898599624633,34.3641700744628
2018-11-30 07:20:00,3596.97412109375,14.1996002197265,32.5766792297363
2018-11-30 07:30:00,3600.8759765625,16.1986999511718,27.1852798461914
2018-11-30 07:40:00,3592.96801757812,14.4919004440307,32.2883796691894
2018-11-30 07:50:00,3600.64306640625,16.5241508483886,33.3300895690917
2018-11-30 08:00:00,3592.63208007812,16.3628902435302,34.8240089416503
2018-11-30 08:10:00,3585.95190429687,16.0235691070556,33.7111282348632
2018-11-30 08:20:00,3556.35791015625,15.6713304519653,34.129409790039
2018-11-30 08:30:00,3585.09204101562,14.056770324707,28.6294498443603
2018-11-30 08:40:00,3591.169921875,14.9095296859741,24.5547199249267
2018-11-30 08:50:00,3485.61791992187,14.1773300170898,30.6670093536376
2018-11-30 09:00:00,3441.837890625,11.9279499053955,29.2246398925781
2018-11-30 09:10:00,3510.89306640625,13.4006299972534,34.7599792480468
2018-11-30 09:20:00,3538.26391601562,13.8091897964477,36.4436111450195
2018-11-30 09:30:00,3166.3720703125,11.707420349121,31.6186599731445
2018-11-30 09:40:00,3175.18505859375,13.783709526062,27.3503494262695
2018-11-30 09:50:00,2577.68310546875,12.2058801651,27.6490993499755
2018-11-30 10:00:00,2477.76611328125,12.8179302215576,30.5895690917968
2018-11-30 10:10:00,2407.1298828125,11.0858898162841,26.7034091949462
2018-11-30 10:20:00,2492.78491210937,13.1328802108764,26.537109375
2018-11-30 10:30:00,2457.01196289062,14.1782398223876,27.7479991912841
2018-11-30 10:40:00,2438.2880859375,13.5653295516967,27.913589477539
2018-11-30 10:50:00,2350.82690429687,12.3191404342651,27.0063304901123
2018-11-30 11:00:00,2406.830078125,11.3161697387695,26.6235599517822
2018-11-30 11:10:00,2220.86694335937,10.4603700637817,27.2058391571044
2018-11-30 11:20:00,2403.84497070312,10.7631797790527,26.1689090728759
2018-11-30 11:30:00,2458.60009765625,11.6315298080444,22.814260482788
2018-11-30 11:40:00,2303.96997070312,11.749150276184,24.4344596862792
2018-11-30 11:50:00,2339.09790039062,12.3225698471069,24.133710861206
2018-11-30 12:00:00,2189.07104492187,10.946530342102,33.06734085083
2018-11-30 12:10:00,2107.625,10.760890007019,33.9953689575195
2018-11-30 12:20:00,2039.81298828125,9.8333625793457,27.6375694274902
2018-11-30 12:30:00,2057.76489257812,10.6076498031616,25.5081596374511
2018-11-30 12:40:00,2195.6708984375,12.0912199020385,22.0166301727294
2018-11-30 12:50:00,2083.50805664062,11.6334896087646,23.7129802703857
2018-11-30 13:00:00,1954.14196777343,11.491470336914,25.4956092834472
2018-11-30 13:10:00,1948.68896484375,11.9350004196166,23.887559890747
2018-11-30 13:20:00,1848.60705566406,10.9272499084472,23.8544406890869
2018-11-30 13:30:00,1785.69299316406,10.4042997360229,23.4922103881835
2018-11-30 13:40:00,1777.98400878906,10.0110998153686,21.7909507751464
2018-11-30 13:50:00,1832.458984375,11.0636596679687,20.5344696044921
2018-11-30 14:00:00,1798.15698242187,11.0278196334838,20.8425006866455
2018-11-30 14:10:00,1749.93603515625,10.9384899139404,22.4000396728515
2018-11-30 14:20:00,1468.31701660156,9.65851116180419,30.4887294769287
2018-11-30 14:30:00,1513.32897949218,9.76500797271728,25.1072902679443
2018-11-30 14:40:00,1446.19396972656,9.32396507263183,26.4041690826416
2018-11-30 14:50:00,1504.30700683593,10.0250396728515,24.4605903625488
2018-11-30 15:00:00,1344.67797851562,9.68089008331298,25.6065101623535
2018-11-30 15:10:00,749.607421875,8.92198944091796,26.4307403564453
2018-11-30 15:20:00,598.038391113281,10.3335399627685,25.8071498870849
2018-11-30 15:30:00,404.058807373046,10.1307401657104,25.3289203643798
2018-11-30 15:40:00,411.830688476562,9.59560871124267,25.9292793273925
2018-11-30 15:50:00,403.290496826171,9.02546405792236,24.988389968872
2018-11-30 16:00:00,405.26089477539,10.0158901214599,25.7593193054199
2018-11-30 16:10:00,403.872589111328,8.52320766448974,26.084150314331
2018-11-30 16:20:00,385.766296386718,9.74802494049072,22.2574291229248
2018-11-30 16:30:00,397.753509521484,9.95904827117919,21.6661701202392
2018-11-30 16:40:00,394.876190185546,11.0628204345703,21.9739208221435
2018-11-30 16:50:00,391.395690917968,9.98955059051513,23.1632194519042
2018-11-30 17:00:00,397.21890258789,9.78850746154785,24.2298908233642
2018-11-30 17:10:00,389.462005615234,9.03722953796386,27.763069152832
2018-11-30 17:20:00,455.058013916015,9.69847011566162,28.8190402984619
2018-11-30 17:30:00,453.531585693359,9.48385524749755,28.6940307617187
2018-11-30 17:40:00,373.340087890625,7.40601778030395,35.1680107116699
2018-11-30 17:50:00,409.187805175781,7.39812994003295,30.6125698089599
2018-11-30 18:00:00,407.69351196289,8.79545879364013,27.0772094726562
2018-11-30 18:10:00,369.494384765625,7.56491088867187,27.253210067749
2018-11-30 18:20:00,376.979888916015,7.42179679870605,33.9625091552734
2018-11-30 18:30:00,380.635314941406,7.43867301940917,33.0176200866699
2018-11-30 18:40:00,397.684814453125,7.85315799713134,33.9780387878417
2018-11-30 18:50:00,401.662811279296,7.50760889053344,35.3360710144042
2018-11-30 19:00:00,354.016815185546,7.18470478057861,43.5908088684082
2018-11-30 19:10:00,418.115997314453,8.33454513549804,47.8688697814941
2018-11-30 19:20:00,362.123504638671,7.45588302612304,45.0991897583007
2018-11-30 19:30:00,239.576507568359,5.59942913055419,46.2987899780273
2018-11-30 19:40:00,312.737213134765,6.55935382843017,42.3912391662597
2018-11-30 19:50:00,263.52490234375,5.98401117324829,45.6384887695312
2018-11-30 20:00:00,347.524108886718,7.59996318817138,44.9442100524902
2018-11-30 20:10:00,385.307189941406,8.33188533782958,43.7613105773925
2018-11-30 20:20:00,340.43701171875,7.49277019500732,44.515769958496
2018-11-30 20:30:00,291.817993164062,6.70157718658447,43.0699310302734
2018-11-30 20:40:00,272.343597412109,6.18000078201293,35.3002090454101
2018-11-30 20:50:00,263.755096435546,6.26993179321289,37.9509315490722
2018-11-30 21:00:00,219.256195068359,5.74236917495727,41.5626487731933
2018-11-30 21:10:00,263.30239868164,6.59301996231079,42.2293891906738
2018-11-30 21:20:00,322.990509033203,7.43604516983032,40.6851005554199
2018-11-30 21:30:00,325.996612548828,7.43885421752929,39.3347587585449
2018-11-30 21:40:00,277.761291503906,6.82700681686401,36.3256301879882
2018-11-30 21:50:00,237.728698730468,6.24570703506469,41.8367805480957
2018-11-30 22:00:00,243.370803833007,6.32682800292968,40.9597702026367
2018-11-30 22:10:00,230.50210571289,5.95447492599487,38.1309394836425
2018-11-30 22:20:00,265.537414550781,6.81599903106689,36.992618560791
2018-11-30 22:30:00,213.364501953125,6.46260023117065,38.6335105895996
2018-11-30 22:40:00,218.895904541015,6.53724384307861,40.0311698913574
2018-11-30 22:50:00,219.108901977539,6.82620620727539,41.0446510314941
2018-11-30 23:00:00,146.775802612304,5.96023893356323,41.4650802612304
2018-11-30 23:10:00,97.4458694458007,5.51171207427978,42.3220710754394
2018-11-30 23:20:00,110.980400085449,5.99263715744018,44.3060111999511
2018-11-30 23:30:00,46.4226112365722,5.29561281204223,45.9964790344238
2018-11-30 23:40:00,87.7135009765625,5.95336580276489,48.4524192810058
2018-11-30 23:50:00,34.5562705993652,5.14838695526123,46.9415588378906
2018-12-01 00:00:00,57.4070205688476,6.16697311401367,47.6596794128417
2018-12-01 00:10:00,27.4405097961425,5.8843297958374,49.751838684082
2018-12-01 00:20:00,0.364866495132446,5.16810894012451,54.3502883911132
2018-12-01 00:30:00,0.0,4.60742092132568,53.2662010192871
2018-12-01 00:40:00,0.0,4.71355390548706,51.3654899597167
2018-12-01 00:50:00,0.0,3.31934809684753,47.0957794189453
2018-12-01 01:00:00,0.0,4.1574912071228,63.492088317871
2018-12-01 01:10:00,0.0,4.52392721176147,59.2129783630371
2018-12-01 01:20:00,0.0,5.47163677215576,56.0906715393066
2018-12-01 01:30:00,0.0,5.42910003662109,62.5500907897949
2018-12-01 01:40:00,0.0,5.32448196411132,64.07470703125
2018-12-01 01:50:00,0.0,5.3739161491394,67.4965133666992
2018-12-01 02:00:00,0.0,4.73868322372436,68.1387329101562
2018-12-01 02:10:00,0.0,4.46149015426635,65.1380386352539
2018-12-01 02:20:00,0.0,4.62790298461914,67.2378005981445
2018-12-01 02:30:00,0.0,4.23254108428955,65.4020767211914
2018-12-01 02:40:00,0.0,4.66454601287841,61.9303894042968
2018-12-01 02:50:00,0.0,4.16446208953857,69.8780136108398
2018-12-01 03:00:00,0.0,4.37256622314453,67.202766418457
2018-12-01 03:10:00,0.0,3.13805794715881,68.6622085571289
2018-12-01 03:20:00,0.0,3.19824790954589,56.0167388916015
2018-12-01 03:30:00,0.0,3.18443894386291,62.1927795410156
2018-12-01 03:40:00,0.0,3.22909998893737,65.5811614990234
2018-12-01 03:50:00,0.0,3.3846800327301,68.8387832641601
2018-12-01 04:00:00,0.0,4.18897485733032,72.762222290039
2018-12-01 04:10:00,0.0,4.07142305374145,66.6180191040039
2018-12-01 04:20:00,0.0,4.55922985076904,70.7059631347656
2018-12-01 04:30:00,0.0,4.32148694992065,70.5543594360351
2018-12-01 04:40:00,0.0,5.03044700622558,73.5358963012695
2018-12-01 04:50:00,0.0,4.90428400039672,73.4357299804687
2018-12-01 05:00:00,0.0,4.83494520187377,78.1984710693359
2018-12-01 05:10:00,0.0,3.91782593727111,87.7505798339843
2018-12-01 05:20:00,0.0,4.1796178817749,89.903450012207
2018-12-01 05:30:00,0.0,3.5531039237976,87.5113372802734
2018-12-01 05:40:00,0.0,3.76980996131896,76.1993865966796
2018-12-01 05:50:00,0.0,4.69021081924438,78.0117034912109
2018-12-01 06:00:00,0.0,3.66707110404968,74.6162490844726
2018-12-01 06:10:00,0.0,3.6520071029663,68.6089782714843
2018-12-01 06:20:00,0.0,4.70751476287841,73.7785415649414
2018-12-01 06:30:00,0.0,5.02896308898925,75.3704071044921
2018-12-01 06:40:00,0.0,5.20491886138916,73.8394699096679
2018-12-01 06:50:00,0.0,5.24848985671997,75.453742980957
2018-12-01 07:00:00,0.0,4.80980587005615,76.5867309570312
2018-12-01 07:10:00,0.0,4.39849519729614,78.4655838012695
2018-12-01 07:20:00,0.0,4.58516407012939,78.5646362304687
2018-12-01 07:30:00,0.0,4.71388101577758,74.0004272460937
2018-12-01 07:40:00,0.0,4.63400602340698,76.14306640625
2018-12-01 07:50:00,0.0,4.16768884658813,73.6291580200195
2018-12-01 08:00:00,0.0,3.65815806388854,66.5220870971679
2018-12-01 08:10:00,0.0,4.17074584960937,70.9393463134765
2018-12-01 08:20:00,0.0,4.78809404373168,74.2773971557617
2018-12-01 08:30:00,0.0,4.60243415832519,75.0512771606445
2018-12-01 08:40:00,0.0,4.76604080200195,80.6754531860351
2018-12-01 08:50:00,0.0,4.08825397491455,81.5450973510742
2018-12-01 09:00:00,0.0,4.01891183853149,82.8421630859375
2018-12-01 09:10:00,0.0,4.48327922821044,82.5381317138671
2018-12-01 09:20:00,0.0,4.31567287445068,81.2066574096679
2018-12-01 09:30:00,0.0,4.21794986724853,80.717529296875
2018-12-01 09:40:00,0.0,3.59772706031799,87.1790618896484
2018-12-01 09:50:00,0.0,3.65882992744445,82.5451736450195
2018-12-01 10:00:00,0.0,3.41532111167907,77.627456665039
2018-12-01 10:10:00,0.0,3.40732502937316,83.0176315307617
2018-12-01 10:20:00,0.0,3.37155604362487,93.4561691284179
2018-12-01 10:30:00,8.82586574554443,3.91156196594238,94.5979537963867
2018-12-01 10:40:00,5.36666297912597,2.94421911239624,97.1780776977539
2018-12-01 10:50:00,0.0,2.75239491462707,90.5143890380859
2018-12-01 11:00:00,0.0,3.25359988212585,108.217399597167
2018-12-01 11:10:00,0.0,2.54094505310058,122.87319946289
2018-12-01 11:20:00,0.0,3.24209690093994,121.023597717285
2018-12-01 11:30:00,0.0,2.5154480934143,109.536796569824
2018-12-01 11:40:00,0.0,1.81588196754455,114.43260192871
2018-12-01 11:50:00,0.0,2.47761702537536,118.892799377441
2018-12-01 12:00:00,0.0,2.56489396095275,106.193901062011
2018-12-01 12:10:00,0.0,3.15900993347167,115.600997924804
2018-12-01 12:20:00,0.0,3.38072109222412,111.186401367187
2018-12-01 12:30:00,0.0,2.86041688919067,116.392501831054
2018-12-01 12:40:00,0.0,3.02687907218933,120.355102539062
2018-12-01 12:50:00,0.0,1.98115396499633,116.45709991455
2018-12-01 13:00:00,0.0,2.20645403861999,105.162803649902
2018-12-01 13:10:00,0.0,2.36168503761291,82.1996383666992
2018-12-01 13:20:00,0.0,2.47482395172119,113.78929901123
2018-12-01 13:30:00,0.0,2.91004991531372,107.375602722167
2018-12-01 13:40:00,0.0,2.66776895523071,98.8509979248046
2018-12-01 13:50:00,0.0,2.66031789779663,110.423301696777
2018-12-01 14:00:00,0.0,2.69957590103149,116.264297485351
2018-12-01 14:10:00,0.0,2.97237992286682,115.053703308105
2018-12-01 14:20:00,0.0,2.30875205993652,123.42780303955
2018-12-01 14:30:00,0.0,2.67611408233642,128.005401611328
2018-12-01 14:40:00,0.0,2.33068895339965,124.338401794433
2018-12-01 14:50:00,0.0,1.6820570230484,134.649795532226
2018-12-01 15:00:00,0.0,1.61339902877807,131.27830505371
2018-12-01 15:10:00,0.0,1.59673202037811,136.593399047851
2018-12-01 15:20:00,0.0,2.09364700317382,124.218803405761
2018-12-01 15:30:00,0.0,2.48779511451721,120.996200561523
2018-12-01 15:40:00,0.0,1.99098396301269,115.027000427246
2018-12-01 15:50:00,0.0,2.12946605682373,119.060203552246
2018-12-01 16:00:00,0.0,1.95140695571899,118.492698669433
2018-12-01 16:10:00,0.0,2.20607590675354,114.10880279541
2018-12-01 16:20:00,0.0,2.21086597442626,104.36840057373
2018-12-01 16:30:00,0.0,2.21639704704284,103.386398315429
2018-12-01 16:40:00,0.0,2.72493004798889,104.080596923828
2018-12-01 16:50:00,0.0,2.5860641002655,110.384399414062
2018-12-01 17:00:00,0.0,2.31100511550903,111.214500427246
2018-12-01 17:10:00,0.0,2.24845004081726,115.747497558593
2018-12-01 17:20:00,0.0,2.3583710193634,111.351501464843
2018-12-01 17:30:00,0.0,1.84659695625305,102.576499938964
2018-12-01 17:40:00,0.0,1.62173604965209,91.0034637451171
2018-12-01 17:50:00,0.0,2.18652892112731,98.7353134155273
2018-12-01 18:00:00,0.0,2.55051898956298,94.9309463500976
2018-12-01 18:10:00,0.0,2.8982810974121,103.503799438476
2018-12-01 18:20:00,0.0,2.51416611671447,102.324798583984
2018-12-01 18:30:00,0.0,2.1015191078186,102.75479888916
2018-12-01 18:40:00,0.0,2.15645790100097,111.990402221679
2018-12-01 18:50:00,0.0,2.62026500701904,118.829200744628
2018-12-01 19:00:00,0.0,2.09793591499328,116.980903625488
2018-12-01 19:10:00,0.0,2.09754610061645,123.933700561523
2018-12-01 19:20:00,0.0,2.17564105987548,137.370193481445
2018-12-01 19:30:00,0.0,1.68781697750091,133.355895996093
2018-12-01 19:40:00,0.0,1.45803499221801,134.730392456054
2018-12-01 19:50:00,0.0,1.42839705944061,134.623092651367
2018-12-01 20:00:00,0.0,1.35923600196838,136.270904541015
2018-12-01 20:10:00,0.0,1.5212630033493,91.9547576904296
2018-12-01 20:20:00,0.0,1.5499529838562,85.007827758789
2018-12-01 20:30:00,0.0,1.33828604221343,130.092193603515
2018-12-01 20:40:00,0.0,1.18894898891448,155.868103027343
2018-12-01 20:50:00,0.0,0.863053619861602,168.082901000976
2018-12-01 21:00:00,0.0,0.580709874629974,294.518005371093
2018-12-01 21:10:00,0.0,0.543569922447204,301.710388183593
2018-12-01 21:20:00,0.0,0.585911273956298,148.427703857421
2018-12-01 21:30:00,0.0,0.734946429729461,104.848899841308
2018-12-01 21:40:00,0.0,0.894320905208587,79.3709335327148
2018-12-01 21:50:00,0.0,3.16806697845458,45.239028930664
2018-12-01 22:00:00,0.0,3.57494497299194,41.60791015625
2018-12-01 22:10:00,8.85420036315917,3.84837102890014,46.8390884399414
2018-12-01 22:20:00,11.9567203521728,3.28761291503906,55.9284591674804
2018-12-01 22:30:00,0.0,3.55187892913818,74.4417037963867
2018-12-01 22:40:00,67.1658782958984,4.12852191925048,70.684341430664
2018-12-01 22:50:00,51.9784202575683,3.63600492477416,83.9227828979492
2018-12-01 23:00:00,17.2795391082763,3.13144993782043,100.937698364257
2018-12-01 23:10:00,5.98905086517333,2.64381599426269,106.599601745605
2018-12-01 23:20:00,24.9013500213623,3.2199900150299,114.11840057373
2018-12-01 23:30:00,15.0261602401733,3.07892799377441,101.939498901367
2018-12-01 23:40:00,81.4728698730468,3.97676301002502,102.753700256347
2018-12-01 23:50:00,128.179397583007,4.08598089218139,86.7975769042968
2018-12-02 00:00:00,42.0090408325195,3.05274105072021,91.8363189697265
2018-12-02 00:10:00,81.6300964355468,3.43267798423767,84.5257186889648
2018-12-02 00:20:00,32.2518196105957,3.09667301177978,90.8765029907226
2018-12-02 00:30:00,49.4112510681152,3.01405596733093,90.939109802246
2018-12-02 00:40:00,247.670593261718,4.28594303131103,85.8095703125
2018-12-02 00:50:00,439.489990234375,5.05116701126098,78.0518112182617
2018-12-02 01:00:00,369.706909179687,4.74576520919799,78.381103515625
2018-12-02 01:10:00,300.216796875,4.67110300064086,78.4670028686523
2018-12-02 01:20:00,164.220092773437,3.91822504997253,84.886848449707
2018-12-02 01:30:00,99.7597732543945,3.7746090888977,97.4695129394531
2018-12-02 01:40:00,76.9249191284179,3.53279900550842,100.2041015625
2018-12-02 01:50:00,53.8504104614257,3.38255906105041,99.4152374267578
2018-12-02 02:00:00,33.8937301635742,2.97622299194335,99.5455322265625
2018-12-02 02:10:00,22.8372707366943,2.9951798915863,106.316398620605
2018-12-02 02:20:00,0.0,2.55172395706176,106.250602722167
2018-12-02 02:30:00,17.9370594024658,4.27136898040771,119.108703613281
2018-12-02 02:40:00,114.239501953125,3.85246801376342,118.223899841308
2018-12-02 02:50:00,76.4954376220703,4.4088487625122,119.526802062988
2018-12-02 03:00:00,953.908020019531,7.43220281600952,124.76789855957
2018-12-02 03:10:00,583.247619628906,6.12461996078491,121.869400024414
2018-12-02 03:20:00,1344.0810546875,7.8546438217163,119.492698669433
2018-12-02 03:30:00,1418.05200195312,7.83349418640136,119.412101745605
2018-12-02 03:40:00,983.9384765625,6.58566999435424,120.185897827148
2018-12-02 03:50:00,1668.60900878906,8.68265438079833,121.649200439453
2018-12-02 04:00:00,981.119812011718,7.25472402572631,120.388198852539
2018-12-02 04:10:00,376.187591552734,4.9108510017395,114.507003784179
2018-12-02 04:20:00,548.3173828125,5.34686517715454,114.842796325683
2018-12-02 04:30:00,1630.26599121093,8.52931404113769,124.005096435546
2018-12-02 04:40:00,887.060974121093,6.98436498641967,129.074005126953
2018-12-02 04:50:00,283.359100341796,4.8772268295288,144.197998046875
2018-12-02 05:00:00,849.551879882812,6.9050908088684,126.670402526855
2018-12-02 05:10:00,589.122680664062,6.18184900283813,119.003898620605
2018-12-02 05:20:00,450.671112060546,5.24930906295776,116.888999938964
2018-12-02 05:30:00,373.875091552734,5.36836719512939,118.224700927734
2018-12-02 05:40:00,380.077087402343,5.44904518127441,122.308502197265
2018-12-02 05:50:00,638.330627441406,6.76500701904296,135.76609802246
2018-12-02 06:00:00,716.202026367187,6.50947380065917,135.929397583007
2018-12-02 06:10:00,653.966613769531,6.53972196578979,130.481002807617
2018-12-02 06:20:00,434.631591796875,5.52972316741943,126.109100341796
2018-12-02 06:30:00,151.807296752929,3.64284110069274,120.521499633789
2018-12-02 06:40:00,292.170104980468,4.96324300765991,123.176597595214
2018-12-02 06:50:00,227.161697387695,4.85609817504882,121.699096679687
2018-12-02 07:00:00,380.657501220703,5.39638710021972,125.116798400878
2018-12-02 07:10:00,220.923904418945,4.76489305496215,123.861701965332
2018-12-02 07:20:00,83.5074768066406,3.86382508277893,131.569107055664
2018-12-02 07:30:00,0.0,2.56559610366821,164.643203735351
2018-12-02 07:40:00,0.0,1.68769896030426,158.742706298828
2018-12-02 07:50:00,0.0,1.55397295951843,164.875503540039
2018-12-02 08:00:00,0.0,0.793898820877075,331.586700439453
2018-12-02 08:10:00,0.0,1.58453905582427,85.9330215454101
2018-12-02 08:20:00,0.0,1.9997489452362,118.027099609375
2018-12-02 08:30:00,0.0,2.34513592720031,130.274002075195
2018-12-02 08:40:00,0.0,3.93677592277526,121.707397460937
2018-12-02 08:50:00,153.546905517578,4.82321310043334,118.134300231933
2018-12-02 09:00:00,174.463897705078,4.5713791847229,118.443603515625
2018-12-02 09:10:00,98.8374710083007,3.92845797538757,130.007202148437
2018-12-02 09:20:00,25.4693603515625,3.37235498428344,120.806900024414
2018-12-02 09:30:00,0.0,2.31610989570617,123.247901916503
2018-12-02 09:40:00,0.0,1.74968004226684,125.940399169921
2018-12-02 09:50:00,0.0,1.55191504955291,137.937393188476
2018-12-02 10:00:00,0.0,2.38948607444763,150.875503540039
2018-12-02 10:10:00,0.0,2.758150100708,138.824600219726
2018-12-02 10:20:00,0.0,2.77080702781677,122.89990234375
2018-12-02 10:30:00,0.0,3.24831295013427,90.2615280151367
2018-12-02 10:40:00,41.1524581909179,3.91869902610778,70.7150726318359
2018-12-02 10:50:00,42.7427902221679,3.31026291847229,83.5330963134765
2018-12-02 11:00:00,0.0,2.66054797172546,106.603401184082
2018-12-02 11:10:00,14.9404001235961,3.63669610023498,83.7730331420898
2018-12-02 11:20:00,102.103996276855,4.05405282974243,83.3906173706054
2018-12-02 11:30:00,17.8847103118896,3.16203188896179,109.859703063964
2018-12-02 11:40:00,0.0,2.11551403999328,126.091499328613
2018-12-02 11:50:00,0.0,2.30292201042175,107.253898620605
2018-12-02 12:00:00,0.0,2.68704104423522,117.9654006958
2018-12-02 12:10:00,0.0,1.99949204921722,131.389694213867
2018-12-02 12:20:00,0.0,1.51707696914672,117.317100524902
2018-12-02 12:30:00,0.0,1.54500603675842,93.8914489746093
2018-12-02 12:40:00,0.0,1.32748198509216,112.446701049804
2018-12-02 12:50:00,0.0,2.02227711677551,150.411499023437
2018-12-02 13:00:00,0.0,2.61378407478332,159.934097290039
2018-12-02 13:10:00,0.0,2.29194808006286,149.68359375
2018-12-02 13:20:00,0.0,1.76106095314025,127.607299804687
2018-12-02 13:30:00,0.0,1.20660400390625,119.659301757812
2018-12-02 13:40:00,0.0,1.1454210281372,152.59309387207
2018-12-02 13:50:00,0.0,1.01836800575256,103.00779724121
2018-12-02 14:00:00,0.0,2.17604494094848,95.3167572021484
2018-12-02 14:10:00,0.0,2.65476489067077,102.824302673339
2018-12-02 14:20:00,0.0,2.91487598419189,98.3124237060546
2018-12-02 14:30:00,0.0,3.44357800483703,114.95359802246
2018-12-02 14:40:00,0.0,3.1237769126892,113.41780090332
2018-12-02 14:50:00,24.8815898895263,3.71211910247802,97.4841690063476
2018-12-02 15:00:00,129.78450012207,3.83857893943786,90.1664581298828
2018-12-02 15:10:00,273.140991210937,4.62729406356811,94.0830612182617
2018-12-02 15:20:00,182.034194946289,3.86199593544006,97.2299499511718
2018-12-02 15:30:00,71.0683288574218,3.01062202453613,104.970298767089
2018-12-02 15:40:00,15.5673503875732,2.86806607246398,115.674400329589
2018-12-02 15:50:00,0.0,2.41945600509643,112.638603210449
2018-12-02 16:00:00,111.473999023437,4.38213109970092,121.67780303955
2018-12-02 16:10:00,193.233200073242,4.34398317337036,118.887100219726
2018-12-02 16:20:00,237.356704711914,4.34867191314697,127.542701721191
2018-12-02 16:30:00,80.5587921142578,3.29362797737121,120.548301696777
2018-12-02 16:40:00,3.10873699188232,2.33132791519165,114.478401184082
2018-12-02 16:50:00,0.0,2.68295001983642,116.258201599121
2018-12-02 17:00:00,0.0,2.57722902297973,112.502197265625
2018-12-02 17:10:00,64.9551010131835,3.99129009246826,124.436096191406
2018-12-02 17:20:00,80.6602020263671,3.76550602912902,133.299392700195
2018-12-02 17:30:00,237.26350402832,4.60382509231567,140.644699096679
2018-12-02 17:40:00,83.141128540039,3.38219308853149,138.945098876953
2018-12-02 17:50:00,40.4097518920898,2.95644092559814,151.826995849609
2018-12-02 18:00:00,63.9341316223144,3.02970600128173,147.278900146484
2018-12-02 18:10:00,1.30933904647827,1.71005094051361,138.808898925781
2018-12-02 18:20:00,0.0,0.859438419342041,113.394302368164
2018-12-02 18:30:00,0.0,0.910158693790435,73.0063095092773
2018-12-02 18:40:00,0.0,0.862067818641662,79.1026611328125
2018-12-02 18:50:00,0.0,0.784242928028106,83.710823059082
2018-12-02 19:00:00,0.0,0.74349421262741,117.532798767089
2018-12-02 19:10:00,0.0,1.24395096302032,111.458297729492
2018-12-02 19:20:00,0.0,1.26551496982574,106.026100158691
2018-12-02 19:30:00,0.0,1.47215604782104,85.7527389526367
2018-12-02 19:40:00,0.0,2.37262105941772,91.0215911865234
2018-12-02 19:50:00,0.0,2.20100092887878,93.6615371704101
2018-12-02 20:00:00,0.0,2.48764705657958,101.237899780273
2018-12-02 20:10:00,0.0,2.5423879623413,112.726600646972
2018-12-02 20:20:00,0.0,3.32393288612365,132.27229309082
2018-12-02 20:30:00,0.0,2.68550705909729,119.93569946289
2018-12-02 20:40:00,0.0,2.33994007110595,108.688598632812
2018-12-02 20:50:00,0.0,2.14514589309692,98.9517822265625
2018-12-02 21:00:00,0.0,1.37102699279785,111.888397216796
2018-12-02 21:10:00,0.0,1.95204198360443,104.724296569824
2018-12-02 21:20:00,0.0,0.980861604213714,94.0656967163085
2018-12-02 21:30:00,0.0,1.5462349653244,73.1575927734375
2018-12-02 21:40:00,0.0,1.64180397987365,84.5796737670898
2018-12-02 21:50:00,0.0,2.34342193603515,87.2488403320312
2018-12-02 22:00:00,0.0,2.45739889144897,106.352500915527
2018-12-02 22:10:00,0.0,1.27773904800415,98.3613586425781
2018-12-02 22:20:00,0.0,1.29848599433898,108.206398010253
2018-12-02 22:30:00,0.0,1.7910189628601,88.1250762939453
2018-12-02 22:40:00,0.0,1.75799095630645,96.3014526367187
2018-12-02 22:50:00,0.0,2.68398094177246,113.079498291015
2018-12-02 23:00:00,0.0,3.31706190109252,121.454002380371
2018-12-02 23:10:00,78.297737121582,4.24801111221313,121.555702209472
2018-12-02 23:20:00,45.5738792419433,3.62970209121704,137.041900634765
2018-12-02 23:30:00,57.9169006347656,3.91446495056152,121.544998168945
2018-12-02 23:40:00,25.7066497802734,3.44685292243957,118.587097167968
2018-12-02 23:50:00,87.5671234130859,3.86527109146118,113.118202209472
2018-12-03 00:00:00,11.7671699523925,3.06271600723266,108.837997436523
2018-12-03 00:10:00,0.0,2.27370309829711,117.91120147705
2018-12-03 00:20:00,16.2141799926757,3.64566397666931,127.228797912597
2018-12-03 00:30:00,0.0,3.08870792388916,123.604400634765
2018-12-03 00:40:00,0.0,3.47702503204345,145.270797729492
2018-12-03 00:50:00,48.8991584777832,3.70852994918823,126.709899902343
2018-12-03 01:00:00,165.800399780273,4.53362798690795,124.887702941894
2018-12-03 01:10:00,68.8970413208007,3.34626197814941,118.980598449707
2018-12-03 01:20:00,38.7415618896484,3.53362703323364,132.717407226562
2018-12-03 01:30:00,64.9023132324218,3.91864895820617,127.985603332519
2018-12-03 01:40:00,0.0563998706638813,1.96007001399993,113.663398742675
2018-12-03 01:50:00,0.0,1.70939803123474,214.814300537109
2018-12-03 02:00:00,0.0,2.16926097869873,154.54409790039
2018-12-03 02:10:00,0.0,2.18343496322631,116.166801452636
2018-12-03 02:20:00,0.0,1.41860795021057,96.2096633911132
2018-12-03 02:30:00,0.0,1.27231097221374,114.734802246093
2018-12-03 02:40:00,0.0,3.18281602859497,110.624397277832
2018-12-03 02:50:00,0.0,2.3593521118164,108.630897521972
2018-12-03 03:00:00,0.0,2.782075881958,105.049400329589
2018-12-03 03:10:00,0.0,2.11558198928833,82.8250427246093
2018-12-03 03:20:00,0.0,2.50872898101806,110.218399047851
2018-12-03 03:30:00,0.0,2.14595794677734,108.862800598144
2018-12-03 03:40:00,0.0,2.4927499294281,126.974502563476
2018-12-03 03:50:00,0.0,2.57530498504638,130.196395874023
2018-12-03 04:00:00,0.0,1.22513198852539,187.030899047851
2018-12-03 04:10:00,0.0,1.53100395202636,164.593002319335
2018-12-03 04:20:00,0.0,0.679432094097137,212.063995361328
2018-12-03 04:30:00,0.0,2.04001998901367,225.865203857421
2018-12-03 04:40:00,0.0,1.2911330461502,184.940002441406
2018-12-03 04:50:00,0.0,1.90463697910308,108.387001037597
2018-12-03 05:00:00,0.0,1.87160003185272,70.135643005371
2018-12-03 05:10:00,0.0,1.6524029970169,84.5143203735351
2018-12-03 05:20:00,0.0,1.89615201950073,110.020500183105
2018-12-03 05:30:00,0.0,2.10788202285766,76.557258605957
2018-12-03 05:40:00,0.0,1.99879395961761,111.070701599121
2018-12-03 05:50:00,0.0,2.03355407714843,65.2291564941406
2018-12-03 06:00:00,0.0,1.7594130039215,84.8098831176757
2018-12-03 06:10:00,0.0,1.822026014328,82.7224807739257
2018-12-03 06:20:00,0.0,3.08870196342468,130.15119934082
2018-12-03 06:30:00,0.0,2.97502088546752,113.176498413085
2018-12-03 06:40:00,0.0,2.72742891311645,131.587005615234
2018-12-03 06:50:00,0.0,3.05207395553588,129.885498046875
2018-12-03 07:00:00,0.0,3.20597195625305,119.404602050781
2018-12-03 07:10:00,28.414680480957,3.71975398063659,121.510696411132
2018-12-03 07:20:00,0.0950665026903152,2.34586906433105,89.005386352539
2018-12-03 07:30:00,0.0,2.95533490180969,109.084602355957
2018-12-03 07:40:00,0.0,2.75772404670715,122.570098876953
2018-12-03 07:50:00,0.0,2.51417398452758,123.974502563476
2018-12-03 08:00:00,0.0,1.93953895568847,120.723999023437
2018-12-03 08:10:00,0.0,1.69212996959686,123.136100769042
2018-12-03 08:20:00,0.0,2.7058629989624,138.691299438476
2018-12-03 08:30:00,0.0,2.83267498016357,137.490295410156
2018-12-03 08:40:00,3.36713099479675,3.53271508216857,148.306396484375
2018-12-03 08:50:00,0.0,2.35847401618957,143.774505615234
2018-12-03 09:00:00,0.0,2.49283099174499,150.208892822265
2018-12-03 09:10:00,0.0,1.24187004566192,159.818099975585
2018-12-03 09:20:00,0.0,1.29820394515991,150.898300170898
2018-12-03 09:30:00,0.0,1.64654695987701,149.720306396484
2018-12-03 09:40:00,0.0,1.6350849866867,149.871994018554
2018-12-03 09:50:00,0.0,0.971754610538482,131.78889465332
2018-12-03 10:00:00,0.0,1.51929700374603,141.069396972656
2018-12-03 10:10:00,0.0,1.48820304870605,160.467498779296
2018-12-03 10:20:00,0.0,0.525983572006225,172.016204833984
2018-12-03 10:30:00,0.0,1.57339096069335,217.916107177734
2018-12-03 10:40:00,0.0,1.83557701110839,219.505493164062
2018-12-03 10:50:00,0.0,2.11039900779724,225.581100463867
2018-12-03 11:00:00,0.0,1.36346495151519,274.06948852539
2018-12-03 11:10:00,0.0,0.999443471431732,236.970092773437
2018-12-03 11:20:00,0.0,1.71845805644989,179.901504516601
2018-12-03 11:30:00,0.0,1.83570802211761,168.038497924804
2018-12-03 11:40:00,0.0,0.836633026599884,133.664001464843
2018-12-03 11:50:00,0.0,0.871868073940277,126.018402099609
2018-12-03 12:00:00,0.0,0.905878126621246,121.950500488281
2018-12-03 12:10:00,0.0,0.820583522319793,117.395797729492
2018-12-03 12:20:00,0.0,1.41418898105621,85.5583190917968
2018-12-03 12:30:00,0.0,1.6602269411087,77.9691772460937
2018-12-03 12:40:00,0.0,2.32341194152832,77.1767120361328
2018-12-03 12:50:00,0.0,2.83679699897766,76.1160736083984
2018-12-03 13:00:00,0.0,3.08043193817138,76.6533737182617
2018-12-03 13:10:00,0.0,3.3687880039215,74.7709732055664
2018-12-03 13:20:00,0.0,3.35139894485473,76.8350296020507
2018-12-03 13:30:00,0.0,3.21931600570678,80.9128799438476
2018-12-03 13:40:00,0.0,3.69634795188903,76.4786834716796
2018-12-03 13:50:00,44.984130859375,3.83313703536987,74.520896911621
2018-12-03 14:00:00,1.32006800174713,2.47723007202148,91.1193084716796
2018-12-03 14:10:00,0.0,2.58548498153686,91.879409790039
2018-12-03 14:20:00,43.8708801269531,3.81476688385009,85.1235961914062
2018-12-03 14:30:00,319.367401123046,5.49709177017211,78.4039001464843
2018-12-03 14:40:00,480.248809814453,6.02056789398193,76.8983535766601
2018-12-03 14:50:00,82.182502746582,3.29529309272766,92.6209411621093
2018-12-03 15:00:00,77.2267532348632,3.61462807655334,118.016700744628
2018-12-03 15:10:00,200.262496948242,4.67678213119506,122.43090057373
2018-12-03 15:20:00,185.68359375,4.18362522125244,120.314796447753
2018-12-03 15:30:00,96.0293731689453,3.73443102836608,116.932296752929
2018-12-03 15:40:00,144.675994873046,4.30556297302246,118.540397644042
2018-12-03 15:50:00,258.614807128906,5.00497817993164,119.786300659179
2018-12-03 16:00:00,660.836486816406,6.47431278228759,123.680702209472
2018-12-03 16:10:00,844.758911132812,6.95255613327026,128.864303588867
2018-12-03 16:20:00,759.786315917968,6.97120285034179,124.607299804687
2018-12-03 16:30:00,1103.85900878906,7.68917608261108,124.656196594238
2018-12-03 16:40:00,1171.78894042968,7.67409181594848,125.419898986816
2018-12-03 16:50:00,1270.60900878906,7.97016382217407,124.689796447753
2018-12-03 17:00:00,1127.86596679687,7.51593399047851,126.221397399902
2018-12-03 17:10:00,1173.59594726562,7.5527172088623,123.950103759765
2018-12-03 17:20:00,611.838073730468,6.22657585144042,121.624801635742
2018-12-03 17:30:00,606.435485839843,6.30033111572265,123.457702636718
2018-12-03 17:40:00,487.78091430664,5.67728090286254,119.604698181152
2018-12-03 17:50:00,656.151306152343,6.43951988220214,120.748497009277
2018-12-03 18:00:00,642.561096191406,6.46952390670776,123.909301757812
2018-12-03 18:10:00,511.975708007812,6.02263593673706,125.757499694824
2018-12-03 18:20:00,416.890686035156,5.61675405502319,126.307098388671
2018-12-03 18:30:00,324.522796630859,5.20980215072631,127.271499633789
2018-12-03 18:40:00,201.941497802734,4.6214599609375,124.968803405761
2018-12-03 18:50:00,206.16780090332,4.67569017410278,118.372299194335
2018-12-03 19:00:00,412.985198974609,5.6404709815979,117.948600769042
2018-12-03 19:10:00,514.688293457031,5.80450582504272,117.503799438476
2018-12-03 19:20:00,146.303802490234,3.79594111442565,104.590202331542
2018-12-03 19:30:00,626.963317871093,5.82958316802978,114.150199890136
2018-12-03 19:40:00,1256.37194824218,7.57767295837402,120.573196411132
2018-12-03 19:50:00,1590.61901855468,8.39088821411132,120.631103515625
2018-12-03 20:00:00,1191.54797363281,7.84784507751464,120.026901245117
2018-12-03 20:10:00,649.161926269531,6.49414682388305,121.893402099609
2018-12-03 20:20:00,769.72998046875,6.38287115097045,118.239501953125
2018-12-03 20:30:00,789.442993164062,6.44951295852661,116.844497680664
2018-12-03 20:40:00,1214.31201171875,7.80637121200561,120.234397888183
2018-12-03 20:50:00,1289.36901855468,8.1361494064331,119.358299255371
2018-12-03 21:00:00,768.712524414062,6.53760719299316,117.975196838378
2018-12-03 21:10:00,415.665588378906,5.37244796752929,118.193801879882
2018-12-03 21:20:00,357.655395507812,4.83636713027954,116.944503784179
2018-12-03 21:30:00,267.465698242187,4.63963890075683,118.180397033691
2018-12-03 21:40:00,244.197799682617,4.47053480148315,117.202796936035
2018-12-03 21:50:00,432.525909423828,5.48065376281738,115.898498535156
2018-12-03 22:00:00,328.003112792968,5.00463199615478,117.780899047851
2018-12-03 22:10:00,472.397796630859,5.53410720825195,116.781898498535
2018-12-03 22:20:00,49.8565406799316,2.82968497276306,108.261001586914
2018-12-03 22:30:00,80.2840194702148,3.35877799987792,115.651901245117
2018-12-03 22:40:00,26.724100112915,3.06102204322814,93.8874435424804
2018-12-03 22:50:00,127.80940246582,3.46559000015258,108.171897888183
2018-12-03 23:00:00,61.3624992370605,3.15230703353881,105.680702209472
2018-12-03 23:10:00,75.7539825439453,3.19943809509277,105.378303527832
2018-12-03 23:20:00,301.07681274414,4.3164529800415,101.967697143554
2018-12-03 23:30:00,838.124816894531,6.48073816299438,103.021697998046
2018-12-03 23:40:00,1433.56298828125,7.8036470413208,104.378196716308
2018-12-03 23:50:00,1182.40698242187,7.03699016571044,104.295501708984
2018-12-04 00:00:00,762.331176757812,5.7537498474121,92.1757736206054
2018-12-04 00:10:00,658.43017578125,5.40657377243041,89.9824600219726
2018-12-04 00:20:00,650.232727050781,5.30478000640869,87.9263229370117
2018-12-04 00:30:00,792.363586425781,5.88846778869628,95.2281265258789
2018-12-04 00:40:00,1226.62805175781,6.99617195129394,100.965103149414
2018-12-04 00:50:00,1256.15197753906,7.25794410705566,102.574096679687
2018-12-04 01:00:00,993.793884277343,6.61637020111083,102.471603393554
2018-12-04 01:10:00,1523.66296386718,7.59134817123413,109.921203613281
2018-12-04 01:20:00,2605.79711914062,10.1149101257324,115.141799926757
2018-12-04 01:30:00,2923.90502929687,10.9439496994018,116.325996398925
2018-12-04 01:40:00,3119.537109375,11.7437896728515,117.20709991455
2018-12-04 01:50:00,2820.59399414062,10.9525995254516,116.286003112792
2018-12-04 02:00:00,1548.55603027343,7.60771322250366,114.480796813964
2018-12-04 02:10:00,630.132690429687,5.8205509185791,106.397598266601
2018-12-04 02:20:00,1418.21801757812,7.97504901885986,109.123100280761
2018-12-04 02:30:00,1694.71801757812,8.29278945922851,108.983596801757
2018-12-04 02:40:00,1377.41003417968,7.64865684509277,106.274200439453
2018-12-04 02:50:00,1060.76293945312,7.01496887207031,104.046401977539
2018-12-04 03:00:00,1247.02600097656,7.54710292816162,104.944900512695
2018-12-04 03:10:00,1178.68798828125,7.5365138053894,104.896697998046
2018-12-04 03:20:00,903.650329589843,6.65081882476806,104.517501831054
2018-12-04 03:30:00,904.354675292968,6.78474998474121,105.139999389648
2018-12-04 03:40:00,935.548706054687,7.01847410202026,104.856201171875
2018-12-04 03:50:00,830.060180664062,6.58515501022338,106.765701293945
2018-12-04 04:00:00,1540.50695800781,8.01426410675048,108.693901062011
2018-12-04 04:10:00,1984.07299804687,8.99568080902099,114.534301757812
2018-12-04 04:20:00,671.75390625,6.08340978622436,105.836700439453
2018-12-04 04:30:00,608.190124511718,5.67494487762451,101.242202758789
2018-12-04 04:40:00,649.763122558593,5.69955205917358,100.388496398925
2018-12-04 04:50:00,487.238891601562,5.14881706237792,102.937797546386
2018-12-04 05:00:00,737.071228027343,5.97773790359497,102.092399597167
2018-12-04 05:10:00,817.271179199218,6.12645578384399,100.492698669433
2018-12-04 05:20:00,903.204711914062,6.5369439125061,98.6945114135742
2018-12-04 05:30:00,1159.958984375,6.995943069458,102.837799072265
2018-12-04 05:40:00,1137.05798339843,7.07964181900024,105.456100463867
2018-12-04 05:50:00,1086.61401367187,6.51140213012695,96.588752746582
2018-12-04 06:00:00,1063.45202636718,6.4303560256958,97.8507614135742
2018-12-04 06:10:00,816.87841796875,5.86429977416992,93.830581665039
2018-12-04 06:20:00,868.683410644531,5.80775022506713,93.6457366943359
2018-12-04 06:30:00,844.26171875,5.66467809677124,83.8635330200195
2018-12-04 06:40:00,1118.27099609375,7.23507213592529,77.9828033447265
2018-12-04 06:50:00,900.530883789062,6.20419406890869,79.0588684082031
2018-12-04 07:00:00,656.055297851562,5.04503011703491,89.382698059082
2018-12-04 07:10:00,675.341674804687,4.93429613113403,90.0663681030273
2018-12-04 07:20:00,751.707702636718,5.91928482055664,80.6982879638671
2018-12-04 07:30:00,835.6904296875,5.87791109085083,80.5806121826171
2018-12-04 07:40:00,823.751281738281,6.79386377334594,77.563232421875
2018-12-04 07:50:00,1012.84399414062,7.61815118789672,76.9755783081054
2018-12-04 08:00:00,1135.52001953125,7.82775497436523,76.5736465454101
2018-12-04 08:10:00,1142.876953125,7.71507883071899,75.4331436157226
2018-12-04 08:20:00,1092.55297851562,7.2766408920288,72.3480911254882
2018-12-04 08:30:00,1192.93994140625,7.58923578262329,71.68359375
2018-12-04 08:40:00,1366.58898925781,7.97992181777954,70.2435836791992
2018-12-04 08:50:00,1414.36596679687,8.03705978393554,70.5905838012695
2018-12-04 09:00:00,1380.28002929687,8.0028600692749,69.0882034301757
2018-12-04 09:10:00,1289.24401855468,7.83314323425292,70.5708389282226
2018-12-04 09:20:00,1311.12805175781,7.87101316452026,72.6199417114257
2018-12-04 09:30:00,1267.45495605468,7.71223306655883,72.3469085693359
2018-12-04 09:40:00,1266.2490234375,7.71781015396118,73.4742736816406
2018-12-04 09:50:00,1318.36206054687,7.92831802368164,76.8755264282226
2018-12-04 10:00:00,1036.75,7.1864800453186,74.8437881469726
2018-12-04 10:10:00,1134.51599121093,7.44434404373168,69.9525299072265
2018-12-04 10:20:00,1061.02905273437,7.18396520614624,70.5460891723632
2018-12-04 10:30:00,1156.02099609375,7.46814680099487,68.7104034423828
2018-12-04 10:40:00,1143.50598144531,7.35502910614013,69.46630859375
2018-12-04 10:50:00,1155.26794433593,7.42963600158691,69.3584289550781
2018-12-04 11:00:00,1086.44604492187,7.31051397323608,69.2745132446289
2018-12-04 11:10:00,843.521484375,6.72168779373168,68.514549255371
2018-12-04 11:20:00,824.166381835937,6.7259349822998,71.8632431030273
2018-12-04 11:30:00,583.068420410156,5.90798616409301,72.6511688232421
2018-12-04 11:40:00,684.415588378906,5.8082308769226,75.9863586425781
2018-12-04 11:50:00,1467.69299316406,7.49754190444946,79.0260391235351
2018-12-04 12:00:00,1458.41198730468,7.17355918884277,80.0659866333007
2018-12-04 12:10:00,1167.64904785156,6.67315006256103,82.6078567504882
2018-12-04 12:20:00,920.379211425781,5.89543199539184,83.5523834228515
2018-12-04 12:30:00,1460.91003417968,7.5841999053955,79.3836288452148
2018-12-04 12:40:00,1594.30004882812,8.01748180389404,79.0305862426757
2018-12-04 12:50:00,2401.01904296875,9.76408100128173,73.7898330688476
2018-12-04 13:00:00,2381.97412109375,9.99434280395507,74.4224472045898
2018-12-04 13:10:00,1644.62805175781,8.45920944213867,72.1197662353515
2018-12-04 13:20:00,1420.0400390625,8.04522132873535,69.3648223876953
2018-12-04 13:30:00,1333.89099121093,7.85898113250732,67.1534805297851
2018-12-04 13:40:00,1531.89099121093,8.43502235412597,68.1522064208984
2018-12-04 13:50:00,1313.04942103794,7.230019160679403,58.416176932198624
2018-12-04 14:00:00,1094.20785086495,6.025015967232836,48.68014744349885
2018-12-04 14:10:00,875.36628069196,4.820012773786268,38.94411795479908
2018-12-04 14:20:00,656.52471051897,3.6150095803397013,29.208088466099312
2018-12-04 14:30:00,437.68314034598006,2.4100063868931336,19.472058977399534
2018-12-04 14:40:00,218.84157017299003,1.2050031934465668,9.736029488699764
2018-12-04 14:50:00,0.0,0.0,0.0
2018-12-04 15:00:00,0.0,7.6437702178955,0.0
2018-12-04 15:10:00,0.0,7.02739453315734,0.0
2018-12-04 15:20:00,0.0,6.41101884841918,0.0
2018-12-04 15:30:00,255.50129699707,7.03271484375,68.3178100585937
2018-12-04 15:40:00,1561.63696289062,8.33772373199462,67.558250427246
2018-12-04 15:50:00,1440.66796875,8.02547645568847,68.2675323486328
2018-12-04 16:00:00,1479.12902832031,8.11908054351806,68.6201782226562
2018-12-04 16:10:00,1550.36804199218,8.23539638519287,67.7644271850585
2018-12-04 16:20:00,1150.3330078125,7.38411521911621,68.9611129760742
2018-12-04 16:30:00,1252.90405273437,7.63859605789184,66.9969787597656
2018-12-04 16:40:00,1193.31103515625,7.54777288436889,65.8249130249023
2018-12-04 16:50:00,733.77099609375,6.55701780319213,72.4807586669921
2018-12-04 17:00:00,586.6201171875,6.07033205032348,73.7266769409179
2018-12-04 17:10:00,645.611206054687,6.24104404449462,73.1165313720703
2018-12-04 17:20:00,602.671325683593,6.2273359298706,69.3805694580078
2018-12-04 17:30:00,713.307983398437,6.47952604293823,67.88037109375
2018-12-04 17:40:00,828.610717773437,6.79646301269531,70.9630432128906
2018-12-04 17:50:00,993.1591796875,7.1723141670227,73.9143371582031
2018-12-04 18:00:00,898.146423339843,6.92824077606201,72.189598083496
2018-12-04 18:10:00,843.398193359375,6.77810621261596,70.5092391967773
2018-12-04 18:20:00,789.369812011718,6.59014415740966,72.6210632324218
2018-12-04 18:30:00,888.295776367187,6.97313499450683,74.9517593383789
2018-12-04 18:40:00,657.272094726562,6.20525693893432,77.1837921142578
2018-12-04 18:50:00,608.06689453125,6.21382188796997,75.6329116821289
2018-12-04 19:00:00,572.663208007812,6.09196901321411,71.9153137207031
2018-12-04 19:10:00,580.445129394531,6.12899494171142,71.064956665039
2018-12-04 19:20:00,477.6630859375,5.75764083862304,71.1060104370117
2018-12-04 19:30:00,351.683013916015,5.3213038444519,70.4933700561523
2018-12-04 19:40:00,528.384216308593,5.97757005691528,68.3399276733398
2018-12-04 19:50:00,427.441314697265,5.60907220840454,72.2966995239257
2018-12-04 20:00:00,372.466186523437,5.4441819190979,73.9670333862304
2018-12-04 20:10:00,321.508911132812,4.84873390197753,76.8030776977539
2018-12-04 20:20:00,267.383911132812,4.22154092788696,83.9104766845703
2018-12-04 20:30:00,77.700942993164,4.73956823348999,94.7501602172851
2018-12-04 20:40:00,0.0,5.27217006683349,92.3651962280273
2018-12-04 20:50:00,0.0,5.34932613372802,99.2273788452148
2018-12-04 21:00:00,0.0,4.26105594635009,99.8316116333007
2018-12-04 21:10:00,0.0,5.27874708175659,92.152603149414
2018-12-04 21:20:00,0.0,5.97940587997436,85.2378234863281
2018-12-04 21:30:00,0.0,0.0,0.0
2018-12-04 21:40:00,0.0,6.44303703308105,0.0
2018-12-04 21:50:00,0.0,6.76779317855834,87.0760803222656
2018-12-04 22:00:00,0.0,6.78910589218139,82.8886032104492
2018-12-04 22:10:00,0.0,6.89470195770263,78.6924133300781
2018-12-04 22:20:00,0.0,6.74434518814086,77.344383239746
2018-12-04 22:30:00,0.0,6.48831701278686,79.1204299926757
2018-12-04 22:40:00,0.0,6.81462383270263,81.7251892089843
2018-12-04 22:50:00,0.0,6.68553686141967,82.1553726196289
2018-12-04 23:00:00,0.0,6.65705919265747,80.9727172851562
2018-12-04 23:10:00,0.0,6.25195980072021,76.1655883789062
2018-12-04 23:20:00,0.0,5.9138331413269,63.6044692993164
2018-12-04 23:30:00,0.0,6.18437194824218,59.4600791931152
2018-12-04 23:40:00,0.0,5.91933679580688,66.169563293457
2018-12-04 23:50:00,0.0,5.49299383163452,68.1015319824218
2018-12-05 00:00:00,0.0,5.7191457748413,71.4108123779296
2018-12-05 00:10:00,0.0,5.42131376266479,65.1793136596679
2018-12-05 00:20:00,0.0,5.1336669921875,59.8749084472656
2018-12-05 00:30:00,0.0,5.86621713638305,55.1365203857421
2018-12-05 00:40:00,0.0,5.88122177124023,55.3653182983398
2018-12-05 00:50:00,0.0,5.93282794952392,56.1687393188476
2018-12-05 01:00:00,0.0,5.76416110992431,59.9059982299804
2018-12-05 01:10:00,0.0,5.59240913391113,62.9276390075683
2018-12-05 01:20:00,0.0,6.01969909667968,68.2204895019531
2018-12-05 01:30:00,0.0,6.16659593582153,73.0582427978515
2018-12-05 01:40:00,0.0,7.04497480392456,75.2012176513671
2018-12-05 01:50:00,0.0,6.08604621887207,65.885757446289
2018-12-05 02:00:00,0.0,5.74450016021728,68.391746520996
2018-12-05 02:10:00,0.0,6.87842607498168,75.1869583129882
2018-12-05 02:20:00,0.0,7.51744508743286,78.8490371704101
2018-12-05 02:30:00,0.0,7.96921491622924,80.9767303466796
2018-12-05 02:40:00,0.0,7.97918891906738,80.8494720458984
2018-12-05 02:50:00,0.0,7.41700983047485,77.9795227050781
2018-12-05 03:00:00,0.0,7.53064918518066,78.5712814331054
2018-12-05 03:10:00,0.0,6.94463682174682,77.3536071777343
2018-12-05 03:20:00,0.0,7.21228981018066,74.9602737426757
2018-12-05 03:30:00,0.0,7.5193428993225,70.0186920166015
2018-12-05 03:40:00,0.0,6.62305688858032,66.1829528808593
2018-12-05 03:50:00,0.0,6.80689096450805,60.4678993225097
2018-12-05 04:00:00,0.0,6.54050207138061,64.1375732421875
2018-12-05 04:10:00,0.0,6.8409080505371,53.7735786437988
2018-12-05 04:20:00,0.0,6.68702411651611,49.365119934082
2018-12-05 04:30:00,0.0,6.68911218643188,38.0366287231445
2018-12-05 04:40:00,0.0,6.84621715545654,39.1920585632324
2018-12-05 04:50:00,0.0,6.54605102539062,34.0305213928222
2018-12-05 05:00:00,0.0,7.15618801116943,35.9790306091308
2018-12-05 05:10:00,0.0,7.44387102127075,36.7771110534667
2018-12-05 05:20:00,0.0,7.59786081314086,29.2132396697998
2018-12-05 05:30:00,0.0,9.06174564361572,29.2099990844726
2018-12-05 05:40:00,0.0,10.0913200378417,34.7657585144042
2018-12-05 05:50:00,0.0,10.5438899993896,27.8629703521728
2018-12-05 06:00:00,0.0,12.6117000579833,24.8199195861816
2018-12-05 06:10:00,0.0,12.1085901260375,26.2929000854492
2018-12-05 06:20:00,0.0,14.0406198501586,23.0713901519775
2018-12-05 06:30:00,0.0,11.7707796096801,0.0
2018-12-05 06:40:00,0.0,14.290280342102,22.005479812622
2018-12-05 06:50:00,0.0,13.6656599044799,25.0935306549072
2018-12-05 07:00:00,0.0,11.9124603271484,25.2557506561279
2018-12-05 07:10:00,0.0,13.5369901657104,27.1043891906738
2018-12-05 07:20:00,0.0,11.3669300079345,24.7320899963378
2018-12-05 07:30:00,0.0,11.8828401565551,21.8520793914794
2018-12-05 07:40:00,0.0,13.1641502380371,23.5578098297119
2018-12-05 07:50:00,0.0,15.0051803588867,25.8818702697753
2018-12-05 08:00:00,0.0,11.9986000061035,19.1742897033691
2018-12-05 08:10:00,0.0,14.5104303359985,23.9961700439453
2018-12-05 08:20:00,0.0,14.1119804382324,24.5297908782958
2018-12-05 08:30:00,0.0,15.1051502227783,28.0853004455566
2018-12-05 08:40:00,0.0,14.9042797088623,29.3139095306396
2018-12-05 08:50:00,0.0,14.6703395843505,25.6946296691894
2018-12-05 09:00:00,0.0,14.3760299682617,24.2548103332519
2018-12-05 09:10:00,0.0,15.9136695861816,28.1510791778564
2018-12-05 09:20:00,0.0,14.8430700302124,31.9350299835205
2018-12-05 09:30:00,0.0,13.8017396926879,32.1493492126464
2018-12-05 09:40:00,0.0,11.4088201522827,30.8037700653076
2018-12-05 09:50:00,0.0,12.7379398345947,16.583869934082
2018-12-05 10:00:00,0.0,15.1641597747802,15.7853002548217
2018-12-05 10:10:00,0.0,13.4181900024414,20.0203895568847
2018-12-05 10:20:00,0.0,14.3238897323608,28.976110458374
2018-12-05 10:30:00,0.0,16.4285507202148,28.389419555664
2018-12-05 10:40:00,0.0,14.7436199188232,26.8564491271972
2018-12-05 10:50:00,0.0,14.2506504058837,29.4333705902099
2018-12-05 11:00:00,0.0,12.4459495544433,32.1025695800781
2018-12-05 11:10:00,0.0,11.8074502944946,35.6588401794433
2018-12-05 11:20:00,0.0,12.9654998779296,30.7750606536865
2018-12-05 11:30:00,0.0,14.4597702026367,24.136339187622
2018-12-05 11:40:00,0.0,12.1058197021484,23.5535106658935
2018-12-05 11:50:00,0.0,11.7362203598022,26.1860198974609
2018-12-05 12:00:00,0.0,12.262749671936,23.447509765625
2018-12-05 12:10:00,0.0,13.7619400024414,28.5983009338378
2018-12-05 12:20:00,0.0,14.7193603515625,24.2508106231689
2018-12-05 12:30:00,0.0,12.7623596191406,22.3180809020996
2018-12-05 12:40:00,0.0,12.5752201080322,20.9263591766357
2018-12-05 12:50:00,0.0,13.6432695388793,18.0996894836425
2018-12-05 13:00:00,0.0,13.8620300292968,24.9684391021728
2018-12-05 13:10:00,0.0,10.1433095932006,40.0411109924316
2018-12-05 13:20:00,1445.97595214843,11.3391199111938,40.409381866455
2018-12-05 13:30:00,3594.5830078125,12.9210796356201,39.8874206542968
2018-12-05 13:40:00,3598.03393554687,13.5249700546264,38.3916206359863
2018-12-05 13:50:00,3570.72802734375,13.2931995391845,37.5231208801269
2018-12-05 14:00:00,3600.54711914062,13.9187297821044,36.8013496398925
2018-12-05 14:10:00,3596.51293945312,13.4545402526855,39.4104690551757
2018-12-05 14:20:00,3553.40600585937,12.2878704071044,38.3333511352539
2018-12-05 14:30:00,3458.5849609375,11.6220798492431,34.4637184143066
2018-12-05 14:40:00,2751.22900390625,10.0369796752929,38.091079711914
2018-12-05 14:50:00,2501.84790039062,9.26292324066162,27.5179405212402
2018-12-05 15:00:00,3290.20190429687,11.0085201263427,24.9988594055175
2018-12-05 15:10:00,3547.35107421875,12.3774299621582,20.7077808380126
2018-12-05 15:20:00,3392.93798828125,11.1866102218627,25.3857994079589
2018-12-05 15:30:00,3556.34008789062,12.2543601989746,23.3218898773193
2018-12-05 15:40:00,3558.873046875,12.6933298110961,23.1771202087402
2018-12-05 15:50:00,3509.02197265625,12.0690298080444,26.6434593200683
2018-12-05 16:00:00,3531.19799804687,11.9722299575805,25.3164196014404
2018-12-05 16:10:00,3545.1669921875,11.8642702102661,21.6278495788574
2018-12-05 16:20:00,3601.18408203125,13.2562599182128,19.5852394104003
2018-12-05 16:30:00,3588.416015625,13.3148202896118,21.8506107330322
2018-12-05 16:40:00,3590.4130859375,12.3727197647094,20.384199142456
2018-12-05 16:50:00,3593.623046875,12.8647003173828,20.5476894378662
2018-12-05 17:00:00,3467.45288085937,11.8324003219604,24.9213600158691
2018-12-05 17:10:00,3509.48608398437,11.5834703445434,21.0966606140136
2018-12-05 17:20:00,3339.23388671875,11.5208501815795,24.2889595031738
2018-12-05 17:30:00,3294.31005859375,10.741060256958,21.7115402221679
2018-12-05 17:40:00,3509.58911132812,11.7722196578979,21.4540100097656
2018-12-05 17:50:00,3599.97998046875,12.6955204010009,19.6086692810058
2018-12-05 18:00:00,3526.28198242187,12.5064601898193,21.0716400146484
2018-12-05 18:10:00,3448.20288085937,11.5159301757812,22.6365890502929
2018-12-05 18:20:00,3538.21606445312,12.3943300247192,20.4542407989501
2018-12-05 18:30:00,3267.23901367187,11.0260200500488,26.4995594024658
2018-12-05 18:40:00,3527.56298828125,11.9338703155517,22.1783199310302
2018-12-05 18:50:00,3386.98388671875,12.1504402160644,25.424949645996
2018-12-05 19:00:00,3347.4609375,11.0886402130126,23.5943393707275
2018-12-05 19:10:00,3544.15893554687,12.0451803207397,21.7670707702636
2018-12-05 19:20:00,3427.455078125,12.0160198211669,23.8255100250244
2018-12-05 19:30:00,3499.15893554687,11.3692398071289,19.5249691009521
2018-12-05 19:40:00,3583.77905273437,12.102120399475,19.3882408142089
2018-12-05 19:50:00,3551.09301757812,12.1198501586914,20.1260299682617
2018-12-05 20:00:00,3518.55493164062,11.1904897689819,18.7666397094726
2018-12-05 20:10:00,3593.70288085937,12.9197597503662,17.5473194122314
2018-12-05 20:20:00,3573.6630859375,12.5797901153564,18.4167003631591
2018-12-05 20:30:00,3597.83911132812,13.4066495895385,18.0093898773193
2018-12-05 20:40:00,3569.40307617187,12.7351398468017,19.8300399780273
2018-12-05 20:50:00,3537.05810546875,12.3036003112792,19.193000793457
2018-12-05 21:00:00,3547.52197265625,11.8716897964477,19.2765808105468
2018-12-05 21:10:00,3581.05688476562,12.457480430603,16.079439163208
2018-12-05 21:20:00,3491.44897460937,12.0784902572631,16.628620147705
2018-12-05 21:30:00,3601.82592773437,13.7456197738647,13.8948602676391
2018-12-05 21:40:00,3601.51098632812,14.143759727478,13.6959800720214
2018-12-05 21:50:00,3595.70288085937,13.3072595596313,11.9945497512817
2018-12-05 22:00:00,3594.53588867187,12.7136001586914,9.85428047180175
2018-12-05 22:10:00,3584.30102539062,13.1762399673461,9.8097333908081
2018-12-05 22:20:00,3579.375,12.7638797760009,10.6110496520996
2018-12-05 22:30:00,3601.57006835937,13.6849603652954,10.0460195541381
2018-12-05 22:40:00,3601.13891601562,14.9985303878784,10.5333404541015
2018-12-05 22:50:00,3601.34912109375,15.0503997802734,10.9000701904296
2018-12-05 23:00:00,3601.76000976562,15.6023998260498,11.2962598800659
2018-12-05 23:10:00,3601.11889648437,15.1643199920654,10.6101503372192
2018-12-05 23:20:00,3601.23803710937,15.3049898147583,12.1975498199462
2018-12-05 23:30:00,3601.36206054687,16.3732604980468,10.6253404617309
2018-12-05 23:40:00,3601.43603515625,15.8312797546386,12.5419702529907
2018-12-05 23:50:00,3601.39990234375,15.026309967041,12.2826900482177
2018-12-06 00:00:00,3601.05395507812,15.6607103347778,11.0594902038574
2018-12-06 00:10:00,3601.55297851562,15.2233400344848,13.7350597381591
2018-12-06 00:20:00,3601.52099609375,14.735179901123,13.9720802307128
2018-12-06 00:30:00,3601.60693359375,14.5620403289794,14.8156900405883
2018-12-06 00:40:00,3600.76611328125,15.4926500320434,17.7997207641601
2018-12-06 00:50:00,3601.24609375,15.4861803054809,16.9255008697509
2018-12-06 01:00:00,3592.96899414062,15.098310470581,16.8663101196289
2018-12-06 01:10:00,3596.18090820312,14.112449645996,17.1793308258056
2018-12-06 01:20:00,3601.15893554687,13.9120903015136,16.1455307006835
2018-12-06 01:30:00,3601.32788085937,15.897159576416,16.9193992614746
2018-12-06 01:40:00,3599.8291015625,14.3322696685791,17.0578804016113
2018-12-06 01:50:00,3601.36206054687,16.1183795928955,15.9721403121948
2018-12-06 02:00:00,3601.11108398437,14.7779903411865,15.7615604400634
2018-12-06 02:10:00,3601.41796875,14.9197702407836,16.3952693939208
2018-12-06 02:20:00,3601.32104492187,14.7031898498535,15.1268301010131
2018-12-06 02:30:00,3601.18310546875,15.9000301361083,17.0736904144287
2018-12-06 02:40:00,3601.06811523437,16.3751907348632,20.3927307128906
2018-12-06 02:50:00,3600.94799804687,14.3095197677612,21.1348209381103
2018-12-06 03:00:00,3601.462890625,15.7518501281738,16.4370994567871
2018-12-06 03:10:00,3600.96411132812,16.0290393829345,16.7803993225097
2018-12-06 03:20:00,3599.73095703125,15.357720375061,20.2081298828125
2018-12-06 03:30:00,3601.13305664062,16.1565399169921,19.2144603729248
2018-12-06 03:40:00,3601.01904296875,16.3522605895996,20.2321891784667
2018-12-06 03:50:00,3601.02709960937,15.8590297698974,17.6529102325439
2018-12-06 04:00:00,3600.65795898437,16.0562496185302,19.8779602050781
2018-12-06 04:10:00,3601.01489257812,16.3808498382568,19.7870693206787
2018-12-06 04:20:00,3601.06909179687,16.5250205993652,23.074140548706
2018-12-06 04:30:00,3600.84301757812,14.9693698883056,21.3407802581787
2018-12-06 04:40:00,3601.166015625,17.0137100219726,20.7147693634033
2018-12-06 04:50:00,3600.962890625,16.9073791503906,21.3487300872802
2018-12-06 05:00:00,3600.7109375,18.0408992767333,24.1806507110595
2018-12-06 05:10:00,3600.92407226562,15.80601978302,23.0775299072265
2018-12-06 05:20:00,3600.8798828125,17.0310897827148,18.4311408996582
2018-12-06 05:30:00,3601.0029296875,18.5524101257324,19.4461498260498
2018-12-06 05:40:00,3596.2958984375,16.7982902526855,21.1508903503417
2018-12-06 05:50:00,3600.61694335937,15.5381202697753,20.5212707519531
2018-12-06 06:00:00,3600.74096679687,17.2172603607177,20.9781494140625
2018-12-06 06:10:00,3600.82397460937,17.6729106903076,18.633150100708
2018-12-06 06:20:00,3600.89599609375,18.0381908416748,19.8002300262451
2018-12-06 06:30:00,3600.89599609375,16.7057304382324,22.1392192840576
2018-12-06 06:40:00,3594.11108398437,15.9192399978637,18.8518104553222
2018-12-06 06:50:00,3601.041015625,16.1014099121093,18.8540496826171
2018-12-06 07:00:00,3600.79809570312,17.2830009460449,17.7392501831054
2018-12-06 07:10:00,3592.61206054687,15.6574602127075,17.906509399414
2018-12-06 07:20:00,2988.287109375,15.5063295364379,20.3578605651855
2018-12-06 07:30:00,2648.60595703125,15.8175897598266,20.3267402648925
2018-12-06 07:40:00,2455.64306640625,15.0439596176147,25.9838695526123
2018-12-06 07:50:00,2421.99194335937,14.9227504730224,23.7557201385498
2018-12-06 08:00:00,2409.7119140625,15.2302999496459,24.8841495513916
2018-12-06 08:10:00,2438.69189453125,15.6872301101684,23.325979232788
2018-12-06 08:20:00,2441.84912109375,15.708399772644,23.4339294433593
2018-12-06 08:30:00,2421.73510742187,15.175290107727,21.8245792388916
2018-12-06 08:40:00,2337.4130859375,16.3754596710205,23.4768695831298
2018-12-06 08:50:00,2195.67504882812,15.3746700286865,24.2394409179687
2018-12-06 09:00:00,2287.14111328125,15.630069732666,22.9824790954589
2018-12-06 09:10:00,2409.48803710937,16.5853004455566,22.1988105773925
2018-12-06 09:20:00,2651.36889648437,16.644380569458,21.8161792755126
2018-12-06 09:30:00,2705.99194335937,16.3979206085205,18.3480205535888
2018-12-06 09:40:00,2740.78491210937,17.0802898406982,18.0494003295898
2018-12-06 09:50:00,2697.71899414062,17.1108207702636,19.3955707550048
2018-12-06 10:00:00,2687.51489257812,16.1730308532714,19.4434204101562
2018-12-06 10:10:00,2888.42895507812,16.7191009521484,18.6681003570556
2018-12-06 10:20:00,3425.2041015625,15.9356498718261,18.9891395568847
2018-12-06 10:30:00,3158.04907226562,14.914939880371,19.1690006256103
2018-12-06 10:40:00,2785.39697265625,14.8386697769165,19.4974193572998
2018-12-06 10:50:00,3066.65698242187,14.7957696914672,19.7345600128173
2018-12-06 11:00:00,3400.47900390625,14.4436902999877,18.944480895996
2018-12-06 11:10:00,3462.64306640625,14.6944303512573,19.824420928955
2018-12-06 11:20:00,3369.09790039062,13.872139930725,19.0106906890869
2018-12-06 11:30:00,3376.57592773437,14.048879623413,22.4264392852783
2018-12-06 11:40:00,3524.7509765625,14.4777402877807,19.0492095947265
2018-12-06 11:50:00,3586.06005859375,14.2612895965576,18.2462005615234
2018-12-06 12:00:00,3045.70703125,13.6313199996948,19.8885307312011
2018-12-06 12:10:00,3299.69311523437,13.4701595306396,17.7217102050781
2018-12-06 12:20:00,3306.2470703125,13.5462303161621,20.4285202026367
2018-12-06 12:30:00,3262.01708984375,13.0788297653198,18.8027896881103
2018-12-06 12:40:00,3350.57299804687,14.7994804382324,18.4563903808593
2018-12-06 12:50:00,3501.40502929687,14.9936895370483,18.3017501831054
2018-12-06 13:00:00,3282.60205078125,13.6514701843261,19.140869140625
2018-12-06 13:10:00,3430.0830078125,13.1520204544067,22.359619140625
2018-12-06 13:20:00,3457.30395507812,14.2415103912353,19.612190246582
2018-12-06 13:30:00,3398.05493164062,13.7871704101562,19.517520904541
2018-12-06 13:40:00,3439.708984375,13.1471900939941,20.4441890716552
2018-12-06 13:50:00,3471.8349609375,14.224289894104,20.6188201904296
2018-12-06 14:00:00,2984.7451171875,14.8329896926879,19.2483406066894
2018-12-06 14:10:00,3231.85302734375,14.5919799804687,19.8080997467041
2018-12-06 14:20:00,3460.06396484375,13.3928804397583,21.1319408416748
2018-12-06 14:30:00,3374.7958984375,13.7194099426269,20.5808792114257
2018-12-06 14:40:00,3204.27099609375,15.0285196304321,21.8234405517578
2018-12-06 14:50:00,3103.45190429687,14.867389678955,20.0899505615234
2018-12-06 15:00:00,3450.583984375,15.4300603866577,20.8915195465087
2018-12-06 15:10:00,2478.78002929687,14.5056800842285,20.3629093170166
2018-12-06 15:20:00,2547.6640625,15.2257604598999,20.0242900848388
2018-12-06 15:30:00,2666.03198242187,16.4534606933593,18.8907508850097
2018-12-06 15:40:00,2708.958984375,14.600359916687,20.4858608245849
2018-12-06 15:50:00,3025.876953125,13.9848899841308,22.8386993408203
2018-12-06 16:00:00,3101.07202148437,14.1782503128051,24.758150100708
2018-12-06 16:10:00,3210.51708984375,15.069709777832,21.8205604553222
2018-12-06 16:20:00,2961.50903320312,14.9497804641723,19.5638999938964
2018-12-06 16:30:00,3068.98706054687,16.3215599060058,18.4609394073486
2018-12-06 16:40:00,3006.22192382812,14.4989595413208,19.8885593414306
2018-12-06 16:50:00,3157.40502929687,14.4478101730346,20.4122009277343
2018-12-06 17:00:00,3053.48706054687,13.5160398483276,20.078290939331
2018-12-06 17:10:00,3074.03198242187,13.9812698364257,18.4852905273437
2018-12-06 17:20:00,2956.18798828125,13.3293895721435,19.0319499969482
2018-12-06 17:30:00,3273.330078125,13.4673700332641,20.3665409088134
2018-12-06 17:40:00,3489.18603515625,14.1628704071044,20.8930301666259
2018-12-06 17:50:00,3524.3798828125,13.7311897277832,18.4224300384521
2018-12-06 18:00:00,3494.31591796875,12.3689699172973,23.1655597686767
2018-12-06 18:10:00,3501.61791992187,12.7881298065185,19.6750907897949
2018-12-06 18:20:00,3418.88891601562,11.9381303787231,19.6875801086425
2018-12-06 18:30:00,3470.82202148437,12.4109497070312,21.3234596252441
2018-12-06 18:40:00,3227.48388671875,11.3831100463867,21.2390594482421
2018-12-06 18:50:00,3517.17309570312,12.5736303329467,18.8792495727539
2018-12-06 19:00:00,3549.67895507812,12.8302602767944,19.5046806335449
2018-12-06 19:10:00,3264.0849609375,11.4616403579711,19.9266891479492
2018-12-06 19:20:00,3357.72802734375,12.0409002304077,23.4600105285644
2018-12-06 19:30:00,3143.39306640625,11.2440500259399,21.1725006103515
2018-12-06 19:40:00,3232.94091796875,11.6407499313354,21.8662796020507
2018-12-06 19:50:00,3118.126953125,11.2503795623779,20.4911308288574
2018-12-06 20:00:00,2906.9609375,10.8421096801757,20.6116104125976
2018-12-06 20:10:00,2734.75,10.4484901428222,21.2639808654785
2018-12-06 20:20:00,2524.74194335937,9.85154247283935,20.3436298370361
2018-12-06 20:30:00,2506.83911132812,9.84351158142089,20.3956909179687
2018-12-06 20:40:00,2131.77294921875,9.16878414154052,19.3602790832519
2018-12-06 20:50:00,1843.64599609375,8.76453590393066,21.2932300567626
2018-12-06 21:00:00,1906.50500488281,8.67768478393554,20.1811599731445
2018-12-06 21:10:00,1888.36804199218,8.69797420501708,19.7416305541992
2018-12-06 21:20:00,2324.09594726562,9.41044807434082,19.7064208984375
2018-12-06 21:30:00,2313.38500976562,9.57134437561035,20.6350593566894
2018-12-06 21:40:00,2674.35302734375,10.2444095611572,20.3274402618408
2018-12-06 21:50:00,2546.48510742187,9.85385417938232,20.1772308349609
2018-12-06 22:00:00,2779.71606445312,10.498740196228,22.617130279541
2018-12-06 22:10:00,2628.90698242187,10.2731103897094,21.2888298034667
2018-12-06 22:20:00,2409.51806640625,9.59417724609375,23.2982101440429
2018-12-06 22:30:00,2523.19604492187,9.82120513916015,26.1018905639648
2018-12-06 22:40:00,2054.81005859375,8.70622730255126,23.8294601440429
2018-12-06 22:50:00,2223.3310546875,9.2985200881958,25.9540100097656
2018-12-06 23:00:00,2301.3291015625,9.53287601470947,24.7232398986816
2018-12-06 23:10:00,2179.28002929687,9.2141637802124,24.522439956665
2018-12-06 23:20:00,2080.30590820312,8.98619556427001,25.7229309082031
2018-12-06 23:30:00,2140.32202148437,9.09064579010009,26.1161804199218
2018-12-06 23:40:00,2927.32592773437,10.999150276184,26.0846900939941
2018-12-06 23:50:00,2688.2939453125,10.4017696380615,25.7738800048828
2018-12-07 00:00:00,2688.17602539062,9.98508167266845,23.2091598510742
2018-12-07 00:10:00,2928.8359375,10.3994598388671,21.6512603759765
2018-12-07 00:20:00,2889.55493164062,10.3680295944213,22.8038902282714
2018-12-07 00:30:00,3053.73608398437,10.9849300384521,24.9323101043701
2018-12-07 00:40:00,3249.67993164062,11.2414302825927,22.8196392059326
2018-12-07 00:50:00,3320.99389648437,11.8748502731323,26.2544898986816
2018-12-07 01:00:00,2855.83911132812,10.5003004074096,26.1384391784667
2018-12-07 01:10:00,3188.16796875,11.1560697555541,23.9099998474121
2018-12-07 01:20:00,3184.71704101562,11.042010307312,22.5383205413818
2018-12-07 01:30:00,3197.81494140625,11.2975196838378,23.6887397766113
2018-12-07 01:40:00,2835.59106445312,10.2389802932739,24.37619972229
2018-12-07 01:50:00,2527.2060546875,9.63121509552001,25.6710605621337
2018-12-07 02:00:00,2647.51806640625,10.2496299743652,27.1027908325195
2018-12-07 02:10:00,2509.22998046875,9.47902393341064,23.8781795501708
2018-12-07 02:20:00,2125.86791992187,8.92347526550292,26.1346607208251
2018-12-07 02:30:00,2922.39990234375,10.4749498367309,24.1786804199218
2018-12-07 02:40:00,2666.30908203125,9.97172832489013,23.7092990875244
2018-12-07 02:50:00,2022.47094726562,8.69400596618652,25.0845298767089
2018-12-07 03:00:00,2240.02294921875,9.22502613067626,26.2995796203613
2018-12-07 03:10:00,1907.51599121093,8.59763145446777,26.1193008422851
2018-12-07 03:20:00,2125.61401367187,8.81541538238525,23.1963691711425
2018-12-07 03:30:00,2228.21704101562,8.68597602844238,21.6329708099365
2018-12-07 03:40:00,2571.30810546875,9.43413925170898,22.1916408538818
2018-12-07 03:50:00,2360.07006835937,9.16685104370117,23.6956691741943
2018-12-07 04:00:00,2065.34301757812,8.64658069610595,22.1115207672119
2018-12-07 04:10:00,2114.70190429687,8.5032615661621,22.4940395355224
2018-12-07 04:20:00,2431.84106445312,8.88644313812255,19.4677104949951
2018-12-07 04:30:00,2146.23999023437,8.8759479522705,19.753770828247
2018-12-07 04:40:00,2126.01196289062,8.90871143341064,21.8559608459472
2018-12-07 04:50:00,2668.4169921875,10.0252704620361,21.6339607238769
2018-12-07 05:00:00,2208.15087890625,9.16530799865722,22.9649791717529
2018-12-07 05:10:00,2552.84301757812,9.73114585876464,21.0762500762939
2018-12-07 05:20:00,2537.0791015625,9.75818252563476,21.3868999481201
2018-12-07 05:30:00,2184.3740234375,9.07154273986816,24.7475204467773
2018-12-07 05:40:00,2583.88305664062,9.74028968811035,25.1308097839355
2018-12-07 05:50:00,2190.77197265625,8.89997959136962,24.2578201293945
2018-12-07 06:00:00,2663.5380859375,10.124059677124,25.1497001647949
2018-12-07 06:10:00,2102.376953125,8.95182704925537,25.9207706451416
2018-12-07 06:20:00,2312.76000976562,8.95776653289794,22.9331798553466
2018-12-07 06:30:00,2103.33203125,8.66720581054687,24.2125492095947
2018-12-07 06:40:00,1692.86499023437,8.00773239135742,25.8367404937744
2018-12-07 06:50:00,1721.48999023437,8.14231300354003,27.1325302124023
2018-12-07 07:00:00,1284.21899414062,7.17148208618164,30.3258800506591
2018-12-07 07:10:00,1195.01196289062,6.71875715255737,24.3033008575439
2018-12-07 07:20:00,933.928405761718,6.41403102874755,29.157579421997
2018-12-07 07:30:00,1186.77697753906,6.68726778030395,27.5802707672119
2018-12-07 07:40:00,1234.60205078125,6.98472023010253,26.2581405639648
2018-12-07 07:50:00,790.146118164062,6.07531595230102,32.6941299438476
2018-12-07 08:00:00,844.688598632812,6.02500677108764,32.4037284851074
2018-12-07 08:10:00,1246.76794433593,6.8928837776184,30.1084804534912
2018-12-07 08:20:00,1097.64794921875,6.82475090026855,31.4681701660156
2018-12-07 08:30:00,1198.32495117187,7.11887598037719,30.1760692596435
2018-12-07 08:40:00,1130.95495605468,6.53728103637695,27.7059307098388
2018-12-07 08:50:00,1335.89294433593,6.98012399673461,24.9935607910156
2018-12-07 09:00:00,1381.75402832031,7.30736207962036,23.2664108276367
2018-12-07 09:10:00,1297.14794921875,7.08361911773681,20.7559509277343
2018-12-07 09:20:00,1396.22802734375,7.29126977920532,25.9322605133056
2018-12-07 09:30:00,810.228820800781,5.93642091751098,24.8399906158447
2018-12-07 09:40:00,992.9921875,6.56845092773437,32.2259902954101
2018-12-07 09:50:00,880.640014648437,6.08721303939819,28.8583698272705
2018-12-07 10:00:00,751.316101074218,5.78080320358276,27.4996700286865
2018-12-07 10:10:00,868.967590332031,6.20594978332519,29.6421203613281
2018-12-07 10:20:00,642.807312011718,5.67051601409912,25.765769958496
2018-12-07 10:30:00,660.135681152343,5.88761615753173,27.1750507354736
2018-12-07 10:40:00,704.12939453125,5.8758487701416,26.242389678955
2018-12-07 10:50:00,741.4990234375,5.9640769958496,25.5857906341552
2018-12-07 11:00:00,930.893127441406,6.44788408279418,25.3882904052734
2018-12-07 11:10:00,776.293823242187,5.89385795593261,31.4253196716308
2018-12-07 11:20:00,693.714111328125,5.73884296417236,28.1307506561279
2018-12-07 11:30:00,687.67919921875,5.76440477371215,29.8425502777099
2018-12-07 11:40:00,686.949523925781,5.85129022598266,28.1377601623535
2018-12-07 11:50:00,574.312683105468,5.42900800704956,26.9486198425292
2018-12-07 12:00:00,768.409973144531,6.02289819717407,26.7180595397949
2018-12-07 12:10:00,737.863220214843,5.84702777862548,27.7496700286865
2018-12-07 12:20:00,785.678588867187,6.05776596069335,26.4651794433593
2018-12-07 12:30:00,851.39599609375,6.03088617324829,22.5272998809814
2018-12-07 12:40:00,1212.89404296875,7.08875799179077,23.9785900115966
2018-12-07 12:50:00,962.946899414062,6.56435298919677,23.9943809509277
2018-12-07 13:00:00,838.637329101562,6.31626081466674,27.3974094390869
2018-12-07 13:10:00,508.139587402343,5.25427198410034,28.4099693298339
2018-12-07 13:20:00,565.901428222656,5.50564908981323,36.4854316711425
2018-12-07 13:30:00,385.242706298828,4.7921929359436,36.6393508911132
2018-12-07 13:40:00,383.972106933593,4.91078376770019,32.7767791748046
2018-12-07 13:50:00,175.615798950195,4.02733516693115,35.9646987915039
2018-12-07 14:00:00,260.418792724609,4.46993494033813,33.2684898376464
2018-12-07 14:10:00,316.713104248046,4.62609577178955,37.1707916259765
2018-12-07 14:20:00,271.089599609375,4.4537181854248,44.7060089111328
2018-12-07 14:30:00,320.750701904296,4.6349549293518,45.4482307434082
2018-12-07 14:40:00,499.68130493164,5.32883119583129,45.8262100219726
2018-12-07 14:50:00,429.549591064453,5.09209203720092,45.0726013183593
2018-12-07 15:00:00,505.559112548828,5.53570079803466,58.2770309448242
2018-12-07 15:10:00,580.213073730468,5.73197221755981,65.6054229736328
2018-12-07 15:20:00,537.072814941406,5.59978818893432,68.3689880371093
2018-12-07 15:30:00,645.890075683593,5.86251020431518,70.7875823974609
2018-12-07 15:40:00,565.511779785156,5.66827392578125,73.3368988037109
2018-12-07 15:50:00,352.25601196289,4.90221500396728,74.9990310668945
2018-12-07 16:00:00,348.669311523437,5.09873819351196,76.3178634643554
2018-12-07 16:10:00,309.999114990234,4.61153697967529,78.220703125
2018-12-07 16:20:00,327.057800292968,4.92258787155151,74.1559829711914
2018-12-07 16:30:00,323.62271118164,4.75815820693969,68.135627746582
2018-12-07 16:40:00,370.196899414062,4.98444509506225,69.4832077026367
2018-12-07 16:50:00,222.397003173828,4.39752483367919,73.0456237792968
2018-12-07 17:00:00,54.2385902404785,3.12357902526855,84.8625869750976
2018-12-07 17:10:00,3.45040392875671,2.76805996894836,107.600799560546
2018-12-07 17:20:00,0.0,3.05870199203491,105.005699157714
2018-12-07 17:30:00,60.8787803649902,3.76301193237304,134.744201660156
2018-12-07 17:40:00,0.478466510772705,1.20893394947052,157.429992675781
2018-12-07 17:50:00,0.0,0.911242723464965,110.668998718261
2018-12-07 18:00:00,0.0,1.23937594890594,136.71060180664
2018-12-07 18:10:00,0.0,1.50660800933837,186.253799438476
2018-12-07 18:20:00,0.0,2.35428309440612,188.347305297851
2018-12-07 18:30:00,0.0,1.54287898540496,177.836700439453
2018-12-07 18:40:00,0.0,1.28005599975585,205.420303344726
2018-12-07 18:50:00,0.0,1.70361900329589,248.371994018554
2018-12-07 19:00:00,0.0,2.46686100959777,210.494003295898
2018-12-07 19:10:00,0.0,2.59530711174011,209.902404785156
2018-12-07 19:20:00,0.0,2.49135208129882,207.144897460937
2018-12-07 19:30:00,0.0,2.33080911636352,205.253005981445
2018-12-07 19:40:00,0.0,1.66130399703979,212.974700927734
2018-12-07 19:50:00,0.0,2.3531310558319,213.713302612304
2018-12-07 20:00:00,0.0,1.97100400924682,192.921401977539
2018-12-07 20:10:00,0.0,1.51552700996398,176.498596191406
2018-12-07 20:20:00,0.0,1.09481501579284,171.236404418945
2018-12-07 20:30:00,0.0,0.682874023914337,60.6729316711425
2018-12-07 20:40:00,0.0,1.89637100696563,219.490798950195
2018-12-07 20:50:00,0.0,1.3748869895935,243.876907348632
2018-12-07 21:00:00,0.0,1.52215695381164,213.198806762695
2018-12-07 21:10:00,0.0,1.03884899616241,300.597198486328
2018-12-07 21:20:00,0.0,1.85927402973175,310.700714111328
2018-12-07 21:30:00,0.0,2.47169089317321,283.930694580078
2018-12-07 21:40:00,0.0,1.2338809967041,270.319213867187
2018-12-07 21:50:00,0.0,1.83582198619842,249.889297485351
2018-12-07 22:00:00,0.0,1.73547804355621,232.492706298828
2018-12-07 22:10:00,0.0,1.62773501873016,189.321197509765
2018-12-07 22:20:00,0.0,2.79759097099304,151.995407104492
2018-12-07 22:30:00,0.0,1.9325840473175,149.534698486328
2018-12-07 22:40:00,0.0,2.88041710853576,152.157104492187
2018-12-07 22:50:00,0.0,2.93978691101074,156.223602294921
2018-12-07 23:00:00,0.0,3.52204394340515,172.401000976562
2018-12-07 23:10:00,77.5509872436523,3.68672108650207,151.504302978515
2018-12-07 23:20:00,0.0,2.73328304290771,157.806396484375
2018-12-07 23:30:00,5.18200492858886,3.34977388381958,167.979095458984
2018-12-07 23:40:00,21.3698406219482,2.85643410682678,151.623001098632
2018-12-07 23:50:00,0.0,2.66632103919982,160.750396728515
2018-12-08 00:00:00,0.0,2.60755109786987,167.285995483398
2018-12-08 00:10:00,0.0,3.52330899238586,165.185592651367
2018-12-08 00:20:00,97.6753768920898,3.57676911354064,150.25959777832
2018-12-08 00:30:00,17.0339393615722,2.66567707061767,155.99429321289
2018-12-08 00:40:00,0.0,3.18008995056152,156.771896362304
2018-12-08 00:50:00,0.0,2.82890009880065,150.75
2018-12-08 01:00:00,0.0,2.44175505638122,158.746307373046
2018-12-08 01:10:00,0.0,2.39111709594726,155.765701293945
2018-12-08 01:20:00,0.0,2.10409903526306,156.888900756835
2018-12-08 01:30:00,0.0,3.30311703681945,148.896194458007
2018-12-08 01:40:00,51.5530815124511,3.35776805877685,141.999206542968
2018-12-08 01:50:00,12.3827104568481,2.65146303176879,140.617797851562
2018-12-08 02:00:00,0.0,2.27415108680725,147.604095458984
2018-12-08 02:10:00,0.0,2.78706407546997,149.345596313476
2018-12-08 02:20:00,0.0,2.13534808158874,141.807998657226
2018-12-08 02:30:00,0.0,2.04938888549804,151.853607177734
2018-12-08 02:40:00,0.0,2.06278610229492,144.82730102539
2018-12-08 02:50:00,0.0,2.56888008117675,154.777694702148
2018-12-08 03:00:00,0.0,2.11630010604858,177.9541015625
2018-12-08 03:10:00,0.0,2.11893892288208,188.404693603515
2018-12-08 03:20:00,0.0,1.45865499973297,216.526000976562
2018-12-08 03:30:00,0.0,1.31878697872161,268.611999511718
2018-12-08 03:40:00,0.0,1.34137594699859,265.673797607421
2018-12-08 03:50:00,0.0,1.02991294860839,240.121597290039
2018-12-08 04:00:00,0.0,0.988826274871826,212.055099487304
2018-12-08 04:10:00,0.0,1.43687796592712,198.163696289062
2018-12-08 04:20:00,0.0,2.32320499420166,188.164596557617
2018-12-08 04:30:00,0.0,2.29084610939025,198.465499877929
2018-12-08 04:40:00,0.0,3.25263595581054,181.47410583496
2018-12-08 04:50:00,6.76259899139404,3.46228504180908,178.068099975585
2018-12-08 05:00:00,27.0887393951416,3.24711489677429,171.86799621582
2018-12-08 05:10:00,0.309199690818787,3.11846494674682,182.462799072265
2018-12-08 05:20:00,0.0,3.07230901718139,182.862594604492
2018-12-08 05:30:00,88.3084564208984,3.08068895339965,176.199401855468
2018-12-08 05:40:00,73.0341262817382,3.2700080871582,177.795196533203
2018-12-08 05:50:00,10.8918800354003,2.40855598449707,189.577896118164
2018-12-08 06:00:00,0.0,2.91031002998352,179.836105346679
2018-12-08 06:10:00,0.0,2.61986398696899,198.701507568359
2018-12-08 06:20:00,0.0,2.76775097846984,203.890594482421
2018-12-08 06:30:00,0.0,2.66139793395996,206.314804077148
2018-12-08 06:40:00,0.0,2.71956610679626,207.443298339843
2018-12-08 06:50:00,0.0,2.5778489112854,202.111099243164
2018-12-08 07:00:00,0.0,2.82583498954772,188.058395385742
2018-12-08 07:10:00,9.90340232849121,3.3276879787445,184.945999145507
2018-12-08 07:20:00,188.514007568359,4.09588384628295,178.640502929687
2018-12-08 07:30:00,224.804992675781,4.4676170349121,182.11050415039
2018-12-08 07:40:00,234.761001586914,4.54876089096069,185.605697631835
2018-12-08 07:50:00,339.413513183593,5.10690021514892,184.697006225585
2018-12-08 08:00:00,295.005798339843,4.87603616714477,192.415298461914
2018-12-08 08:10:00,266.290893554687,4.74877786636352,196.490493774414
2018-12-08 08:20:00,210.454406738281,4.58705520629882,197.455596923828
2018-12-08 08:30:00,243.717803955078,4.77454090118408,200.631301879882
2018-12-08 08:40:00,285.375,4.97356605529785,200.85969543457
2018-12-08 08:50:00,249.220596313476,4.73693323135375,200.315399169921
2018-12-08 09:00:00,208.225601196289,4.57257413864135,190.020401000976
2018-12-08 09:10:00,224.191192626953,4.70897912979125,188.029006958007
2018-12-08 09:20:00,195.667892456054,4.61882209777832,188.08430480957
2018-12-08 09:30:00,156.1123046875,4.33557415008544,191.089004516601
2018-12-08 09:40:00,202.305999755859,4.60405015945434,196.869201660156
2018-12-08 09:50:00,251.061798095703,4.73974084854125,191.732192993164
2018-12-08 10:00:00,513.294616699218,5.7741379737854,186.622100830078
2018-12-08 10:10:00,602.823120117187,6.12802076339721,185.296905517578
2018-12-08 10:20:00,572.508483886718,6.1484580039978,183.309600830078
2018-12-08 10:30:00,833.135986328125,6.88235521316528,183.912002563476
2018-12-08 10:40:00,1000.09497070312,7.18093299865722,186.05239868164
2018-12-08 10:50:00,974.67138671875,7.15345811843872,184.301696777343
2018-12-08 11:00:00,800.828918457031,6.5867371559143,181.08349609375
2018-12-08 11:10:00,983.8369140625,7.29807901382446,182.309799194335
2018-12-08 11:20:00,1300.31896972656,8.00683784484863,187.033798217773
2018-12-08 11:30:00,1160.06701660156,7.41521310806274,186.819198608398
2018-12-08 11:40:00,873.680114746093,6.6300950050354,184.70359802246
2018-12-08 11:50:00,1254.03503417968,7.4388689994812,191.900299072265
2018-12-08 12:00:00,1010.6480102539,6.90569019317626,186.925399780273
2018-12-08 12:10:00,786.293273925781,6.40663194656372,189.743301391601
2018-12-08 12:20:00,1044.0400390625,6.83737421035766,193.686294555664
2018-12-08 12:30:00,1294.59094238281,7.43333101272583,194.380996704101
2018-12-08 12:40:00,1879.50305175781,8.76558876037597,195.922698974609
2018-12-08 12:50:00,1926.67004394531,8.88373470306396,195.156600952148
2018-12-08 13:00:00,1977.53100585937,8.88435554504394,196.952697753906
2018-12-08 13:10:00,1678.65002441406,8.28446388244628,200.015396118164
2018-12-08 13:20:00,2087.17993164062,9.32774353027343,205.489593505859
2018-12-08 13:30:00,2585.48388671875,10.6940097808837,208.976303100585
2018-12-08 13:40:00,2763.86499023437,10.7711696624755,207.428802490234
2018-12-08 13:50:00,2616.248046875,10.64391040802,207.921401977539
2018-12-08 14:00:00,3194.63598632812,11.7395496368408,209.049102783203
2018-12-08 14:10:00,3490.65209960937,12.5177402496337,209.52490234375
2018-12-08 14:20:00,3593.71997070312,12.7688598632812,209.882904052734
2018-12-08 14:30:00,3602.65405273437,13.0236797332763,207.351898193359
2018-12-08 14:40:00,3602.30102539062,12.5530996322631,202.985794067382
2018-12-08 14:50:00,3598.0380859375,12.2618598937988,202.828292846679
2018-12-08 15:00:00,3602.78295898437,12.4337396621704,202.51480102539
2018-12-08 15:10:00,3601.39111328125,12.5722904205322,204.421203613281
2018-12-08 15:20:00,3600.97290039062,12.5109100341796,203.576293945312
2018-12-08 15:30:00,3601.1708984375,12.6597700119018,203.666900634765
2018-12-08 15:40:00,3601.51806640625,12.7613897323608,204.465606689453
2018-12-08 15:50:00,3600.76708984375,13.0232696533203,201.593505859375
2018-12-08 16:00:00,3601.0380859375,13.007619857788,200.201202392578
2018-12-08 16:10:00,3600.63793945312,12.9943599700927,200.627197265625
2018-12-08 16:20:00,3600.68310546875,13.2892198562622,200.377700805664
2018-12-08 16:30:00,3601.86303710937,13.4099397659301,201.288299560546
2018-12-08 16:40:00,3602.46606445312,14.0225000381469,198.480804443359
2018-12-08 16:50:00,3602.4599609375,13.9935398101806,197.712799072265
2018-12-08 17:00:00,3602.52490234375,13.8531999588012,195.125595092773
2018-12-08 17:10:00,3602.75390625,14.3400497436523,193.333892822265
2018-12-08 17:20:00,3602.51708984375,14.2277603149414,196.893295288085
2018-12-08 17:30:00,3602.49389648437,14.3904199600219,200.798400878906
2018-12-08 17:40:00,3602.55493164062,14.2818298339843,202.606903076171
2018-12-08 17:50:00,3602.27709960937,13.8482599258422,201.966003417968
2018-12-08 18:00:00,3602.46508789062,13.9967603683471,205.668792724609
2018-12-08 18:10:00,3602.35400390625,13.7367401123046,206.708404541015
2018-12-08 18:20:00,3602.07397460937,13.7580204010009,203.63670349121
2018-12-08 18:30:00,3602.42797851562,13.8401403427124,203.988403320312
2018-12-08 18:40:00,3602.26806640625,14.1488800048828,205.767303466796
2018-12-08 18:50:00,3602.3369140625,13.443260192871,204.653503417968
2018-12-08 19:00:00,3602.56103515625,13.7855100631713,203.790496826171
2018-12-08 19:10:00,3602.57690429687,13.7902898788452,204.33560180664
2018-12-08 19:20:00,3602.11596679687,13.4214696884155,205.079605102539
2018-12-08 19:30:00,3601.94311523437,13.2577495574951,200.846694946289
2018-12-08 19:40:00,3602.31591796875,13.3053903579711,202.388900756835
2018-12-08 19:50:00,3602.03295898437,13.4888801574707,198.525299072265
2018-12-08 20:00:00,3602.15991210937,13.9043598175048,201.847595214843
2018-12-08 20:10:00,3602.09399414062,13.8242597579956,203.909103393554
2018-12-08 20:20:00,3601.98095703125,14.8815202713012,208.914001464843
2018-12-08 20:30:00,3602.09912109375,14.1309204101562,209.683898925781
2018-12-08 20:40:00,3601.86206054687,13.4139099121093,209.842895507812
2018-12-08 20:50:00,3433.78491210937,12.3962202072143,214.437301635742
2018-12-08 21:00:00,2512.65795898437,10.194390296936,218.018402099609
2018-12-08 21:10:00,3282.08203125,11.6972103118896,209.089096069335
2018-12-08 21:20:00,3584.05200195312,12.6470298767089,209.109298706054
2018-12-08 21:30:00,3601.791015625,13.0484104156494,206.663299560546
2018-12-08 21:40:00,3602.162109375,13.509539604187,208.209899902343
2018-12-08 21:50:00,3602.32788085937,15.0265302658081,205.681198120117
2018-12-08 22:00:00,3602.251953125,15.7238397598266,201.130599975585
2018-12-08 22:10:00,3602.30908203125,16.0107994079589,198.763000488281
2018-12-08 22:20:00,3602.2900390625,16.15279006958,196.057998657226
2018-12-08 22:30:00,3602.3740234375,15.9001598358154,192.68440246582
2018-12-08 22:40:00,3602.04907226562,16.1669597625732,193.498703002929
2018-12-08 22:50:00,3602.09790039062,15.841079711914,190.548706054687
2018-12-08 23:00:00,3602.2509765625,15.7107696533203,190.453903198242
2018-12-08 23:10:00,3602.17700195312,15.7771396636962,193.652801513671
2018-12-08 23:20:00,3601.98901367187,15.5851202011108,191.891799926757
2018-12-08 23:30:00,3602.13110351562,15.0046300888061,189.132598876953
2018-12-08 23:40:00,3601.97290039062,13.9796304702758,190.223495483398
2018-12-08 23:50:00,3468.23706054687,12.1498003005981,192.89990234375
2018-12-09 00:00:00,3515.7880859375,11.9737300872802,194.087799072265
2018-12-09 00:10:00,3444.59497070312,11.8596601486206,194.516693115234
2018-12-09 00:20:00,3596.56005859375,12.8301696777343,201.825393676757
2018-12-09 00:30:00,3582.36596679687,12.2683897018432,203.588302612304
2018-12-09 00:40:00,3478.78491210937,12.1026401519775,204.805999755859
2018-12-09 00:50:00,3512.73193359375,12.441650390625,203.668106079101
2018-12-09 01:00:00,3602.0458984375,14.8747196197509,208.108093261718
2018-12-09 01:10:00,3602.03198242187,14.4953603744506,204.726898193359
2018-12-09 01:20:00,3601.92211914062,15.4621496200561,204.961502075195
2018-12-09 01:30:00,3601.84497070312,15.5975999832153,205.992202758789
2018-12-09 01:40:00,3602.17895507812,15.4023704528808,207.096801757812
2018-12-09 01:50:00,3602.1689453125,15.6659603118896,209.169296264648
2018-12-09 02:00:00,3602.1220703125,15.4588298797607,210.238800048828
2018-12-09 02:10:00,3602.4169921875,15.3289403915405,210.734100341796
2018-12-09 02:20:00,3602.14697265625,14.8241500854492,212.947601318359
2018-12-09 02:30:00,3601.9580078125,14.4271001815795,212.360900878906
2018-12-09 02:40:00,3602.19995117187,15.009220123291,212.811904907226
2018-12-09 02:50:00,3602.251953125,15.4578199386596,210.251800537109
2018-12-09 03:00:00,3602.1240234375,15.0779600143432,210.75340270996
2018-12-09 03:10:00,3602.27099609375,15.1456899642944,208.738800048828
2018-12-09 03:20:00,3602.2451171875,15.8420295715332,210.839797973632
2018-12-09 03:30:00,3602.3330078125,16.0172901153564,213.69090270996
2018-12-09 03:40:00,3602.22705078125,15.6412096023559,216.133407592773
2018-12-09 03:50:00,3602.19506835937,14.932970046997,214.682495117187
2018-12-09 04:00:00,3602.26489257812,14.6772499084472,214.204605102539
2018-12-09 04:10:00,3602.18310546875,14.5355100631713,211.328201293945
2018-12-09 04:20:00,3602.14599609375,14.2737398147583,209.104293823242
2018-12-09 04:30:00,3602.21899414062,13.7371301651,208.195205688476
2018-12-09 04:40:00,3600.89990234375,12.7483797073364,205.307006835937
2018-12-09 04:50:00,3601.02490234375,12.8893203735351,203.241806030273
2018-12-09 05:00:00,3601.84692382812,13.1583700180053,204.54409790039
2018-12-09 05:10:00,3602.21606445312,13.7654600143432,207.703903198242
2018-12-09 05:20:00,3602.07006835937,13.3940200805664,206.317199707031
2018-12-09 05:30:00,3602.05590820312,13.2740402221679,205.454406738281
2018-12-09 05:40:00,3601.69799804687,13.1428899765014,202.705993652343
2018-12-09 05:50:00,3602.0,13.8492097854614,199.620697021484
2018-12-09 06:00:00,3601.92504882812,13.8770303726196,199.976593017578
2018-12-09 06:10:00,3601.53393554687,13.6637496948242,195.54849243164
2018-12-09 06:20:00,3601.7119140625,14.9494695663452,198.182098388671
2018-12-09 06:30:00,3601.541015625,14.6150903701782,195.720596313476
2018-12-09 06:40:00,3601.59301757812,14.2929897308349,192.391799926757
2018-12-09 06:50:00,3601.712890625,14.7455501556396,190.894607543945
2018-12-09 07:00:00,3601.42211914062,14.5209598541259,191.568801879882
2018-12-09 07:10:00,3601.19189453125,14.8682098388671,191.055206298828
2018-12-09 07:20:00,3601.31201171875,15.8994598388671,191.789901733398
2018-12-09 07:30:00,3602.05102539062,16.0188293457031,195.81460571289
2018-12-09 07:40:00,3601.95703125,16.3896503448486,193.113800048828
2018-12-09 07:50:00,3601.5,16.9792003631591,191.132995605468
2018-12-09 08:00:00,3601.50390625,16.8288803100585,190.941299438476
2018-12-09 08:10:00,3601.6298828125,16.7354297637939,191.812393188476
2018-12-09 08:20:00,3601.74194335937,17.0639305114746,192.212600708007
2018-12-09 08:30:00,3601.76904296875,17.1382999420166,191.890502929687
2018-12-09 08:40:00,3601.57788085937,16.7874794006347,190.565505981445
2018-12-09 08:50:00,3601.59399414062,15.7275104522705,189.481292724609
2018-12-09 09:00:00,3601.83911132812,15.741979598999,188.335006713867
2018-12-09 09:10:00,3601.830078125,15.4681501388549,188.40249633789
2018-12-09 09:20:00,3601.94604492187,14.6510896682739,189.465698242187
2018-12-09 09:30:00,3600.93188476562,14.090760231018,186.591003417968
2018-12-09 09:40:00,3601.7939453125,14.6246795654296,187.404098510742
2018-12-09 09:50:00,3577.61010742187,13.8816204071044,186.414596557617
2018-12-09 10:00:00,3516.43505859375,12.1592798233032,186.762496948242
2018-12-09 10:10:00,3579.1201171875,13.3861904144287,185.96499633789
2018-12-09 10:20:00,3601.45190429687,13.8826599121093,187.676895141601
2018-12-09 10:30:00,3501.669921875,12.6599998474121,190.483505249023
2018-12-09 10:40:00,3538.26904296875,12.178409576416,187.300994873046
2018-12-09 10:50:00,3551.8369140625,12.6280298233032,185.290802001953
2018-12-09 11:00:00,3595.830078125,12.8122100830078,186.779800415039
2018-12-09 11:10:00,3591.56005859375,12.7439699172973,188.552307128906
2018-12-09 11:20:00,3516.89697265625,12.2127103805541,189.085494995117
2018-12-09 11:30:00,2803.07690429687,10.3928699493408,181.110107421875
2018-12-09 11:40:00,3207.30493164062,11.354769706726,187.858200073242
2018-12-09 11:50:00,3580.06298828125,12.6374702453613,188.33479309082
2018-12-09 12:00:00,3565.2958984375,12.6894397735595,190.123092651367
2018-12-09 12:10:00,3600.8330078125,13.625220298767,187.509292602539
2018-12-09 12:20:00,3602.13403320312,14.4958801269531,184.1083984375
2018-12-09 12:30:00,3598.31005859375,13.1552600860595,183.595703125
2018-12-09 12:40:00,3591.53588867187,13.2471504211425,187.252502441406
2018-12-09 12:50:00,3601.8740234375,13.7087202072143,187.597900390625
2018-12-09 13:00:00,3601.5810546875,14.4490604400634,181.836593627929
2018-12-09 13:10:00,3601.66796875,15.3416500091552,181.246597290039
2018-12-09 13:20:00,3601.3701171875,15.4999504089355,178.084197998046
2018-12-09 13:30:00,3601.5859375,16.6257495880126,176.308395385742
2018-12-09 13:40:00,3601.7451171875,17.1309604644775,180.229598999023
2018-12-09 13:50:00,3601.625,18.6336307525634,180.065795898437
2018-12-09 14:00:00,3601.68701171875,19.7532291412353,180.561798095703
2018-12-09 14:10:00,3601.74291992187,19.2086505889892,182.884704589843
2018-12-09 14:20:00,3602.05297851562,17.9353694915771,178.261306762695
2018-12-09 14:30:00,3602.21411132812,16.8331108093261,181.055603027343
2018-12-09 14:40:00,3602.27099609375,17.2698593139648,185.774200439453
2018-12-09 14:50:00,3602.22290039062,16.4194507598876,185.15640258789
2018-12-09 15:00:00,3602.3349609375,15.4897403717041,178.929702758789
2018-12-09 15:10:00,3602.38989257812,15.9155702590942,180.101196289062
2018-12-09 15:20:00,3602.52587890625,14.9209899902343,181.288299560546
2018-12-09 15:30:00,3602.5,14.4779500961303,182.718795776367
2018-12-09 15:40:00,3602.29711914062,13.8780899047851,184.55679321289
2018-12-09 15:50:00,3600.95703125,13.219630241394,182.60920715332
2018-12-09 16:00:00,3602.287109375,13.1127796173095,181.811096191406
2018-12-09 16:10:00,3602.15405273437,13.6189603805541,182.216094970703
2018-12-09 16:20:00,3602.248046875,13.9450397491455,178.855102539062
2018-12-09 16:30:00,3575.1201171875,12.6233100891113,181.168792724609
2018-12-09 16:40:00,3494.669921875,12.274169921875,183.717803955078
2018-12-09 16:50:00,3505.6298828125,12.2608804702758,185.028106689453
2018-12-09 17:00:00,3569.251953125,13.6796798706054,187.393600463867
2018-12-09 17:10:00,3524.02197265625,12.9235801696777,186.490402221679
2018-12-09 17:20:00,3502.15307617187,12.6223697662353,182.870407104492
2018-12-09 17:30:00,3600.8349609375,13.6409301757812,181.330001831054
2018-12-09 17:40:00,3590.14599609375,13.3687200546264,182.450607299804
2018-12-09 17:50:00,3453.47290039062,11.8312101364135,182.533096313476
2018-12-09 18:00:00,3541.47509765625,12.2471799850463,184.052993774414
2018-12-09 18:10:00,3577.76293945312,12.8278102874755,185.374603271484
2018-12-09 18:20:00,3583.09399414062,12.3999099731445,185.171997070312
2018-12-09 18:30:00,3323.48193359375,11.649390220642,191.171401977539
2018-12-09 18:40:00,3525.44702148437,12.2333402633666,194.111297607421
2018-12-09 18:50:00,3464.4189453125,12.4648895263671,196.343597412109
2018-12-09 19:00:00,3355.94409179687,11.8811302185058,196.271102905273
2018-12-09 19:10:00,3283.22094726562,11.2441997528076,195.696701049804
2018-12-09 19:20:00,3560.57397460937,12.4557800292968,198.226501464843
2018-12-09 19:30:00,3486.81005859375,12.195309638977,196.053405761718
2018-12-09 19:40:00,3599.09692382812,13.1553201675415,199.698196411132
2018-12-09 19:50:00,3557.54907226562,13.5145397186279,206.137802124023
2018-12-09 20:00:00,3589.61401367187,13.7146396636962,211.210098266601
2018-12-09 20:10:00,3598.24291992187,13.9722204208374,218.573303222656
2018-12-09 20:20:00,3585.48706054687,13.2686004638671,218.324005126953
2018-12-09 20:30:00,3598.01293945312,13.3232097625732,217.533004760742
2018-12-09 20:40:00,3279.35791015625,11.776720046997,214.134399414062
2018-12-09 20:50:00,3276.44506835937,11.5898895263671,209.949798583984
2018-12-09 21:00:00,3479.84594726562,12.4670295715332,212.322998046875
2018-12-09 21:10:00,3585.07495117187,13.0989799499511,218.22329711914
2018-12-09 21:20:00,3456.0458984375,12.5983200073242,220.752899169921
2018-12-09 21:30:00,3564.92700195312,12.854169845581,222.109298706054
2018-12-09 21:40:00,3436.84204101562,12.0275402069091,219.527893066406
2018-12-09 21:50:00,3548.35107421875,12.5710496902465,223.812606811523
2018-12-09 22:00:00,3570.01196289062,13.0344104766845,219.609497070312
2018-12-09 22:10:00,3584.67309570312,13.6007003784179,223.430206298828
2018-12-09 22:20:00,3522.99609375,13.3057098388671,221.364807128906
2018-12-09 22:30:00,3579.24609375,12.9604196548461,220.745498657226
2018-12-09 22:40:00,3593.56005859375,13.2805404663085,225.186401367187
2018-12-09 22:50:00,3599.77490234375,13.8310804367065,224.160507202148
2018-12-09 23:00:00,3477.4580078125,12.8380403518676,223.519699096679
2018-12-09 23:10:00,3089.86010742187,11.1092901229858,229.60969543457
2018-12-09 23:20:00,2681.4189453125,10.0386199951171,230.07420349121
2018-12-09 23:30:00,3083.65405273437,11.0744304656982,229.876602172851
2018-12-09 23:40:00,3451.61108398437,11.6713600158691,224.64419555664
2018-12-09 23:50:00,3373.8359375,11.2851295471191,224.948501586914
2018-12-10 00:00:00,3242.90795898437,11.2611398696899,221.930892944335
2018-12-10 00:10:00,2850.50610351562,10.4987697601318,217.39939880371
2018-12-10 00:20:00,3406.23095703125,11.830129623413,213.435897827148
2018-12-10 00:30:00,3255.419921875,11.6466798782348,218.93049621582
2018-12-10 00:40:00,3355.03491210937,11.7714300155639,219.443298339843
2018-12-10 00:50:00,2756.90405273437,10.3634099960327,219.255401611328
2018-12-10 01:00:00,2577.80102539062,9.99925994873046,221.598602294921
2018-12-10 01:10:00,2949.8359375,10.7018499374389,222.042098999023
2018-12-10 01:20:00,2879.0869140625,10.681900024414,222.676498413085
2018-12-10 01:30:00,2492.73803710937,9.690673828125,222.267501831054
2018-12-10 01:40:00,2771.7041015625,10.5558500289916,218.100296020507
2018-12-10 01:50:00,2923.81103515625,11.039059638977,217.738296508789
2018-12-10 02:00:00,2612.09008789062,10.2508497238159,222.69580078125
2018-12-10 02:10:00,2693.56298828125,10.4059295654296,224.079895019531
2018-12-10 02:20:00,2778.22192382812,10.4294996261596,218.626403808593
2018-12-10 02:30:00,2982.31103515625,10.9129400253295,212.524795532226
2018-12-10 02:40:00,3031.166015625,10.9921102523803,205.797698974609
2018-12-10 02:50:00,3365.15991210937,11.8643798828125,207.589797973632
2018-12-10 03:00:00,3193.01489257812,11.4862098693847,213.914993286132
2018-12-10 03:10:00,3318.13305664062,11.8226499557495,219.742202758789
2018-12-10 03:20:00,2976.68701171875,10.6304302215576,221.006607055664
2018-12-10 03:30:00,2400.248046875,9.3437795639038,223.569396972656
2018-12-10 03:40:00,2975.87890625,10.4939498901367,215.651901245117
2018-12-10 03:50:00,2764.05688476562,10.7340497970581,215.869903564453
2018-12-10 04:00:00,3195.13305664062,11.6448602676391,207.450302124023
2018-12-10 04:10:00,2907.71997070312,11.4750900268554,201.473999023437
2018-12-10 04:20:00,2656.0869140625,10.3766202926635,194.436203002929
2018-12-10 04:30:00,2805.94189453125,10.3556995391845,195.042007446289
2018-12-10 04:40:00,2834.99096679687,10.390230178833,199.87060546875
2018-12-10 04:50:00,3134.65991210937,11.5355396270751,197.272094726562
2018-12-10 05:00:00,3546.705078125,12.3699398040771,196.659698486328
2018-12-10 05:10:00,3430.46411132812,11.7738599777221,193.374404907226
2018-12-10 05:20:00,3296.75708007812,11.6928701400756,189.639404296875
2018-12-10 05:30:00,3258.001953125,11.2211303710937,196.00259399414
2018-12-10 05:40:00,3097.38793945312,11.0960397720336,197.666595458984
2018-12-10 05:50:00,2635.22192382812,10.4526300430297,196.826293945312
2018-12-10 06:00:00,2659.43188476562,10.2987604141235,202.227401733398
2018-12-10 06:10:00,3017.15087890625,10.9372100830078,199.690307617187
2018-12-10 06:20:00,2880.52905273437,10.5864496231079,197.839096069335
2018-12-10 06:30:00,3585.97290039062,12.5908203125,199.286499023437
2018-12-10 06:40:00,3409.7490234375,11.4012899398803,195.804306030273
2018-12-10 06:50:00,3470.75708007812,12.1251497268676,200.067596435546
2018-12-10 07:00:00,3588.73095703125,12.6078701019287,204.956497192382
2018-12-10 07:10:00,3312.21899414062,11.79248046875,205.285095214843
2018-12-10 07:20:00,3297.85107421875,11.314579963684,199.254302978515
2018-12-10 07:30:00,2261.22900390625,9.19926643371582,208.511901855468
2018-12-10 07:40:00,1461.60998535156,7.64334201812744,204.102905273437
2018-12-10 07:50:00,2120.50903320312,9.07813835144042,186.950698852539
2018-12-10 08:00:00,2885.68090820312,10.7551803588867,180.046997070312
2018-12-10 08:10:00,3422.55297851562,11.810110092163,182.069702148437
2018-12-10 08:20:00,3568.0419921875,12.4140901565551,180.691192626953
2018-12-10 08:30:00,3577.92309570312,12.7188701629638,182.353195190429
2018-12-10 08:40:00,3599.98291015625,12.819390296936,186.74949645996
2018-12-10 08:50:00,3572.40698242187,12.4040603637695,188.663803100585
2018-12-10 09:00:00,3503.42309570312,11.7214498519897,189.021697998046
2018-12-10 09:10:00,3296.6640625,11.2997999191284,186.939193725585
2018-12-10 09:20:00,3073.47290039062,10.92516040802,185.444793701171
2018-12-10 09:30:00,3095.73608398437,11.0110101699829,186.767807006835
2018-12-10 09:40:00,2647.32495117187,10.3638696670532,185.977401733398
2018-12-10 09:50:00,2525.85205078125,9.80817699432373,185.944900512695
2018-12-10 10:00:00,2212.69702148437,9.43060302734375,181.02310180664
2018-12-10 10:10:00,1626.82800292968,7.93660116195678,178.372299194335
2018-12-10 10:20:00,1867.11804199218,8.48547554016113,183.984298706054
2018-12-10 10:30:00,1935.27795410156,8.84482765197753,180.365905761718
2018-12-10 10:40:00,1766.26696777343,8.49055004119873,183.170700073242
2018-12-10 10:50:00,1244.00598144531,7.39463376998901,179.612106323242
2018-12-10 11:00:00,1383.0,7.80982589721679,176.709594726562
2018-12-10 11:10:00,1374.86096191406,7.61166191101074,178.966796875
2018-12-10 11:20:00,1028.89099121093,6.90448188781738,182.225601196289
2018-12-10 11:30:00,2135.06201171875,9.71085929870605,165.45539855957
2018-12-10 11:40:00,2512.17700195312,10.0945301055908,161.259902954101
2018-12-10 11:50:00,2837.28491210937,10.5503702163696,157.49690246582
2018-12-10 12:00:00,2573.61694335937,10.1302795410156,161.505996704101
2018-12-10 12:10:00,2569.09497070312,9.97422885894775,160.624801635742
2018-12-10 12:20:00,2598.86108398437,9.80012226104736,163.283996582031
2018-12-10 12:30:00,1838.65100097656,8.63319587707519,160.48159790039
2018-12-10 12:40:00,1183.89404296875,7.49933910369873,161.153900146484
2018-12-10 12:50:00,1006.28802490234,7.21221017837524,162.410903930664
2018-12-10 13:00:00,699.927490234375,6.40538120269775,159.534698486328
2018-12-10 13:10:00,251.223907470703,4.75588417053222,163.198501586914
2018-12-10 13:20:00,9.36837673187255,3.02449798583984,157.64500427246
2018-12-10 13:30:00,40.8340415954589,3.42734909057617,142.262100219726
2018-12-10 13:40:00,411.101104736328,5.3384370803833,144.571395874023
2018-12-10 13:50:00,345.725402832031,5.27086591720581,156.176406860351
2018-12-10 14:00:00,334.682495117187,5.19543409347534,165.402206420898
2018-12-10 14:10:00,174.161102294921,4.48814105987548,147.937805175781
2018-12-10 14:20:00,43.1482009887695,3.46875,101.889198303222
2018-12-10 14:30:00,150.943206787109,4.24310493469238,71.6408615112304
2018-12-10 14:40:00,86.3647766113281,3.93666100502014,59.6960906982421
2018-12-10 14:50:00,188.021499633789,4.45273685455322,57.2736091613769
2018-12-10 15:00:00,570.148315429687,6.05525398254394,60.5583686828613
2018-12-10 15:10:00,480.995300292968,5.5590181350708,66.5902023315429
2018-12-10 15:20:00,82.5406036376953,3.74536395072937,64.8890075683593
2018-12-10 15:30:00,560.705383300781,5.54265403747558,71.2991714477539
2018-12-10 15:40:00,858.591369628906,6.32543611526489,65.80322265625
2018-12-10 15:50:00,789.678100585937,6.33082199096679,69.9424133300781
2018-12-10 16:00:00,456.217193603515,5.50496101379394,76.5784378051757
2018-12-10 16:10:00,576.656982421875,5.95249605178833,73.2783279418945
2018-12-10 16:20:00,304.26431274414,4.60040998458862,80.2418136596679
2018-12-10 16:30:00,107.995796203613,3.79298090934753,86.7830429077148
2018-12-10 16:40:00,331.259887695312,5.14006805419921,71.8585128784179
2018-12-10 16:50:00,193.05320739746,4.44572591781616,65.8314819335937
2018-12-10 17:00:00,198.567398071289,4.52765417098999,66.5164031982421
2018-12-10 17:10:00,111.625297546386,3.98499488830566,62.0377693176269
2018-12-10 17:20:00,193.213500976562,4.60345983505249,65.7357635498046
2018-12-10 17:30:00,205.658203125,4.75964307785034,58.7712898254394
2018-12-10 17:40:00,165.47639465332,4.49627780914306,45.9384803771972
2018-12-10 17:50:00,237.902297973632,4.71417713165283,45.5134811401367
2018-12-10 18:00:00,325.609191894531,5.11915397644042,43.5753593444824
2018-12-10 18:10:00,390.638305664062,5.17323112487792,30.5484905242919
2018-12-10 18:20:00,639.117126464843,6.13330221176147,32.1492309570312
2018-12-10 18:30:00,1385.47094726562,7.60156297683715,38.1744117736816
2018-12-10 18:40:00,1685.50805664062,7.98969507217407,37.906150817871
2018-12-10 18:50:00,922.214782714843,6.4011788368225,35.1768798828125
2018-12-10 19:00:00,759.265930175781,6.15639877319335,39.7964897155761
2018-12-10 19:10:00,995.222595214843,6.62601709365844,19.6111698150634
2018-12-10 19:20:00,1337.43395996093,7.32527780532836,14.8832397460937
2018-12-10 19:30:00,1078.51000976562,6.81680297851562,14.7524995803833
2018-12-10 19:40:00,368.365814208984,5.12843084335327,356.830413818359
2018-12-10 19:50:00,246.824798583984,4.60637521743774,4.44266986846923
2018-12-10 20:00:00,306.771209716796,4.77344179153442,352.936096191406
2018-12-10 20:10:00,488.096710205078,5.44484090805053,334.63101196289
2018-12-10 20:20:00,977.183776855468,6.64537715911865,335.436309814453
2018-12-10 20:30:00,1277.13903808593,7.26562786102294,319.935089111328
2018-12-10 20:40:00,794.158630371093,6.38609218597412,322.734588623046
2018-12-10 20:50:00,1577.43505859375,7.89456605911254,335.638488769531
2018-12-10 21:00:00,2134.837890625,8.85715103149414,341.634399414062
2018-12-10 21:10:00,2173.90600585937,8.98966312408447,338.921295166015
2018-12-10 21:20:00,3251.03393554687,12.0178003311157,342.937286376953
2018-12-10 21:30:00,2735.21704101562,9.87801837921142,344.276000976562
2018-12-10 21:40:00,2474.73291015625,9.48651504516601,339.656585693359
2018-12-10 21:50:00,2561.875,9.6455488204956,334.625610351562
2018-12-10 22:00:00,2951.22802734375,10.6973896026611,334.855010986328
2018-12-10 22:10:00,3514.2548828125,12.7175598144531,331.115295410156
2018-12-10 22:20:00,3570.45190429687,12.7271995544433,333.397308349609
2018-12-10 22:30:00,3501.65795898437,12.5344896316528,330.941101074218
2018-12-10 22:40:00,3572.48803710937,12.8025197982788,330.739105224609
2018-12-10 22:50:00,3591.8310546875,14.0781297683715,329.588806152343
2018-12-10 23:00:00,3559.17700195312,12.7205801010131,330.664306640625
2018-12-10 23:10:00,3116.54711914062,10.9579896926879,326.378509521484
2018-12-10 23:20:00,3133.5419921875,11.329529762268,319.700012207031
2018-12-10 23:30:00,3539.3359375,12.743459701538,325.074584960937
2018-12-10 23:40:00,2821.6259765625,10.6381397247314,330.986602783203
2018-12-10 23:50:00,2825.97998046875,10.1983699798583,333.376586914062
2018-12-11 00:00:00,2776.30004882812,10.5186901092529,333.776092529296
2018-12-11 00:10:00,2594.75610351562,10.156789779663,338.014892578125
2018-12-11 00:20:00,2449.92895507812,9.99940013885498,337.483184814453
2018-12-11 00:30:00,1928.46801757812,8.25765800476074,333.114288330078
2018-12-11 00:40:00,1810.63000488281,8.25942993164062,329.040588378906
2018-12-11 00:50:00,2164.78588867187,9.17088890075683,325.623901367187
2018-12-11 01:00:00,1703.94201660156,8.39649868011474,325.404693603515
2018-12-11 01:10:00,2213.17602539062,9.43479919433593,317.795288085937
2018-12-11 01:20:00,2288.26098632812,9.16367244720458,315.029907226562
2018-12-11 01:30:00,2481.30395507812,10.109860420227,324.163391113281
2018-12-11 01:40:00,2447.49096679687,9.42877578735351,315.645904541015
2018-12-11 01:50:00,2623.82592773437,10.8017997741699,311.203308105468
2018-12-11 02:00:00,2467.74291992187,9.73578739166259,309.000213623046
2018-12-11 02:10:00,2148.59594726562,9.34504318237304,311.914093017578
2018-12-11 02:20:00,2125.3330078125,8.89391994476318,309.0244140625
2018-12-11 02:30:00,2545.416015625,10.5172300338745,304.572692871093
2018-12-11 02:40:00,2217.03393554687,9.84718894958496,314.056701660156
2018-12-11 02:50:00,2140.30395507812,9.35041236877441,322.615997314453
2018-12-11 03:00:00,1893.82202148437,8.78065013885498,323.64599609375
2018-12-11 03:10:00,1688.9990234375,7.88098001480102,314.571594238281
2018-12-11 03:20:00,1844.99304199218,8.67760276794433,296.666412353515
2018-12-11 03:30:00,1968.16101074218,9.12667369842529,299.510986328125
2018-12-11 03:40:00,2177.18408203125,10.0503396987915,303.148986816406
2018-12-11 03:50:00,2308.38989257812,10.3708400726318,298.982208251953
2018-12-11 04:00:00,1590.2060546875,7.85833883285522,294.653411865234
2018-12-11 04:10:00,1768.27404785156,8.60603904724121,295.237487792968
2018-12-11 04:20:00,2196.83203125,9.97019290924072,294.632995605468
2018-12-11 04:30:00,1892.98095703125,9.10519886016845,292.773193359375
2018-12-11 04:40:00,1957.06896972656,8.82748222351074,281.874114990234
2018-12-11 04:50:00,2196.7119140625,10.1975297927856,290.036987304687
2018-12-11 05:00:00,2352.90502929687,10.0477199554443,289.757598876953
2018-12-11 05:10:00,2450.86889648437,10.1110496520996,288.906311035156
2018-12-11 05:20:00,2508.98706054687,10.4935598373413,296.184112548828
2018-12-11 05:30:00,2303.78588867187,9.43862247467041,290.290100097656
2018-12-11 05:40:00,2464.36791992187,10.1810102462768,294.862701416015
2018-12-11 05:50:00,2502.88110351562,10.1970500946044,295.758514404296
2018-12-11 06:00:00,2456.75610351562,10.352970123291,295.234893798828
2018-12-11 06:10:00,2165.70703125,9.45044803619384,295.37451171875
2018-12-11 06:20:00,1575.93395996093,7.92328786849975,294.604614257812
2018-12-11 06:30:00,1528.41796875,7.60587406158447,291.270202636718
2018-12-11 06:40:00,1439.82995605468,7.66312980651855,292.349304199218
2018-12-11 06:50:00,1099.21203613281,6.9220871925354,287.041412353515
2018-12-11 07:00:00,1208.13500976562,7.33902597427368,287.551391601562
2018-12-11 07:10:00,1136.68395996093,6.9019341468811,284.731811523437
2018-12-11 07:20:00,883.9052734375,6.60319280624389,288.39859008789
2018-12-11 07:30:00,756.193969726562,6.15456199645996,280.944305419921
2018-12-11 07:40:00,877.159484863281,6.32291412353515,283.746704101562
2018-12-11 07:50:00,954.325988769531,6.44822883605957,284.248504638671
2018-12-11 08:00:00,879.716918945312,6.09910821914672,286.221008300781
2018-12-11 08:10:00,684.333923339843,5.79159784317016,277.640899658203
2018-12-11 08:20:00,526.705871582031,5.46053886413574,272.491088867187
2018-12-11 08:30:00,694.017517089843,5.94971799850463,271.894104003906
2018-12-11 08:40:00,734.314270019531,6.21721696853637,276.893310546875
2018-12-11 08:50:00,564.403015136718,5.39656019210815,273.62319946289
2018-12-11 09:00:00,696.926025390625,6.00578880310058,272.299285888671
2018-12-11 09:10:00,843.357482910156,6.2209677696228,270.859802246093
2018-12-11 09:20:00,996.313171386718,6.43806505203247,267.309600830078
2018-12-11 09:30:00,1170.91394042968,6.57758522033691,263.39419555664
2018-12-11 09:40:00,898.805480957031,6.20274019241333,264.800109863281
2018-12-11 09:50:00,1082.18896484375,6.5541558265686,264.905487060546
2018-12-11 10:00:00,1020.86602783203,6.6002721786499,257.25210571289
2018-12-11 10:10:00,922.382995605468,6.42910814285278,257.679412841796
2018-12-11 10:20:00,804.156982421875,5.99660682678222,256.199890136718
2018-12-11 10:30:00,700.566223144531,5.8793249130249,257.483612060546
2018-12-11 10:40:00,711.567810058593,6.0395278930664,255.375900268554
2018-12-11 10:50:00,701.331604003906,6.0277361869812,257.805114746093
2018-12-11 11:00:00,833.059387207031,6.24226713180541,251.474700927734
2018-12-11 11:10:00,568.744506835937,5.72493886947631,258.405792236328
2018-12-11 11:20:00,539.364196777343,5.40897798538208,248.518203735351
2018-12-11 11:30:00,292.872406005859,4.73660898208618,254.295303344726
2018-12-11 11:40:00,200.02229309082,4.20448303222656,255.388198852539
2018-12-11 11:50:00,127.448196411132,3.97198104858398,241.853607177734
2018-12-11 12:00:00,29.2016105651855,2.74547505378723,242.595993041992
2018-12-11 12:10:00,0.0,3.16538000106811,264.024597167968
2018-12-11 12:20:00,28.305679321289,3.13720488548278,261.1005859375
2018-12-11 12:30:00,0.458665788173676,2.07334399223327,253.375
2018-12-11 12:40:00,0.0,3.05233907699584,210.201599121093
2018-12-11 12:50:00,4.36420392990112,3.15439200401306,216.929794311523
2018-12-11 13:00:00,21.9722900390625,3.25117301940917,233.527404785156
2018-12-11 13:10:00,8.7412633895874,2.89456892013549,225.471893310546
2018-12-11 13:20:00,40.9679794311523,3.31635093688964,231.884506225585
2018-12-11 13:30:00,2.72753310203552,2.42041492462158,228.85920715332
2018-12-11 13:40:00,0.0,2.65009498596191,227.881103515625
2018-12-11 13:50:00,0.0,2.85251092910766,237.045700073242
2018-12-11 14:00:00,0.0,2.72561192512512,226.986602783203
2018-12-11 14:10:00,0.0,2.66199207305908,222.207000732421
2018-12-11 14:20:00,0.0,2.40087699890136,225.926803588867
2018-12-11 14:30:00,0.0,2.71833801269531,211.043701171875
2018-12-11 14:40:00,0.0,2.2464530467987,210.210403442382
2018-12-11 14:50:00,0.0,1.58191502094268,199.462295532226
2018-12-11 15:00:00,0.0,1.01625704765319,290.740112304687
2018-12-11 15:10:00,0.0,0.924776375293731,28.6974391937255
2018-12-11 15:20:00,0.0,1.22948098182678,42.2846412658691
2018-12-11 15:30:00,0.0,1.15325200557708,17.6463203430175
2018-12-11 15:40:00,0.0,0.631837904453277,56.0723800659179
2018-12-11 15:50:00,0.0,1.703537940979,82.3844375610351
2018-12-11 16:00:00,0.0,1.51676595211029,58.0342903137207
2018-12-11 16:10:00,0.0,2.47232508659362,52.0683898925781
2018-12-11 16:20:00,0.0,2.53328204154968,51.3304595947265
2018-12-11 16:30:00,0.0,3.22943210601806,77.074119567871
2018-12-11 16:40:00,0.0,2.38568592071533,61.4389190673828
2018-12-11 16:50:00,0.0,2.49255204200744,63.0937690734863
2018-12-11 17:00:00,0.0,1.77128100395202,68.7548675537109
2018-12-11 17:10:00,0.0,1.37238895893096,82.0172271728515
2018-12-11 17:20:00,0.0,1.12818801403045,124.292999267578
2018-12-11 17:30:00,0.0,1.6920039653778,136.496505737304
2018-12-11 17:40:00,0.0,2.12513709068298,138.507507324218
2018-12-11 17:50:00,0.0,1.94304299354553,144.894607543945
2018-12-11 18:00:00,0.0,1.54753398895263,122.979103088378
2018-12-11 18:10:00,0.0,1.57816100120544,95.7352066040039
2018-12-11 18:20:00,0.0,1.61525702476501,75.6725692749023
2018-12-11 18:30:00,0.0,2.32907009124755,37.9294891357421
2018-12-11 18:40:00,0.0,2.53703689575195,35.1338996887207
2018-12-11 18:50:00,0.0,2.96988701820373,42.9211692810058
2018-12-11 19:00:00,0.0,2.85563898086547,67.8681030273437
2018-12-11 19:10:00,0.0,2.96195888519287,71.197883605957
2018-12-11 19:20:00,31.7789897918701,3.67892098426818,68.969856262207
2018-12-11 19:30:00,129.084396362304,3.95644092559814,58.3901290893554
2018-12-11 19:40:00,16.6749992370605,3.52696394920349,73.890998840332
2018-12-11 19:50:00,36.4835700988769,3.56824898719787,76.8244171142578
2018-12-11 20:00:00,13.7058801651,3.23677396774291,62.2514610290527
2018-12-11 20:10:00,0.0,2.63396501541137,57.4264793395996
2018-12-11 20:20:00,10.0984497070312,3.43055891990661,71.145263671875
2018-12-11 20:30:00,66.2582778930664,3.89509201049804,73.8176727294921
2018-12-11 20:40:00,72.8486328125,3.67772889137268,71.0850067138671
2018-12-11 20:50:00,15.1467304229736,2.48409295082092,89.3266372680664
2018-12-11 21:00:00,0.0,1.60727202892303,103.652198791503
2018-12-11 21:10:00,0.0,1.67338597774505,84.3446426391601
2018-12-11 21:20:00,0.0,3.09436392784118,91.1958236694335
2018-12-11 21:30:00,113.117401123046,3.71544504165649,76.5344009399414
2018-12-11 21:40:00,80.8633499145507,3.37512588500976,75.7783279418945
2018-12-11 21:50:00,90.392723083496,3.67558598518371,72.5663528442382
2018-12-11 22:00:00,62.5638885498046,3.90872597694396,79.5124206542968
2018-12-11 22:10:00,34.9309616088867,3.22974205017089,79.2399597167968
2018-12-11 22:20:00,217.335403442382,4.57955598831176,69.3050689697265
2018-12-11 22:30:00,361.12109375,5.20991516113281,63.4994201660156
2018-12-11 22:40:00,454.248107910156,5.50271081924438,60.82320022583
2018-12-11 22:50:00,608.392211914062,5.87417078018188,58.4519882202148
2018-12-11 23:00:00,638.839111328125,6.02143001556396,55.9243507385253
2018-12-11 23:10:00,619.665771484375,5.99114179611206,56.9084510803222
2018-12-11 23:20:00,615.135986328125,5.97193384170532,56.5512390136718
2018-12-11 23:30:00,720.439880371093,6.25733280181884,58.2895011901855
2018-12-11 23:40:00,695.243713378906,6.13186597824096,58.8398704528808
2018-12-11 23:50:00,692.997009277343,6.17079305648803,59.6415290832519
2018-12-12 00:00:00,770.875,6.43230295181274,63.2868003845214
2018-12-12 00:10:00,960.394714355468,6.75970315933227,65.3000183105468
2018-12-12 00:20:00,952.825622558593,6.71396112442016,67.1644973754882
2018-12-12 00:30:00,919.281921386718,6.64032411575317,60.9852104187011
2018-12-12 00:40:00,938.133728027343,6.30788803100585,58.0232009887695
2018-12-12 00:50:00,653.108703613281,5.81052207946777,59.9824981689453
2018-12-12 01:00:00,666.697875976562,6.06059789657592,61.7594184875488
2018-12-12 01:10:00,478.730590820312,5.4572410583496,65.330467224121
2018-12-12 01:20:00,605.889587402343,5.91664981842041,65.157859802246
2018-12-12 01:30:00,832.29248046875,6.26772117614746,65.2843704223632
2018-12-12 01:40:00,778.138977050781,6.22921895980834,65.6839904785156
2018-12-12 01:50:00,854.809814453125,6.55727005004882,69.0080795288085
2018-12-12 02:00:00,812.357788085937,6.45700693130493,70.3708114624023
2018-12-12 02:10:00,782.348083496093,6.1657338142395,72.5778732299804
2018-12-12 02:20:00,745.599426269531,6.07435321807861,72.3845672607421
2018-12-12 02:30:00,713.1533203125,6.02377700805664,71.6873931884765
2018-12-12 02:40:00,638.877380371093,5.60259914398193,68.4629364013671
2018-12-12 02:50:00,511.954010009765,5.17767477035522,58.6256713867187
2018-12-12 03:00:00,643.480285644531,5.85142517089843,32.7184104919433
2018-12-12 03:10:00,539.435424804687,5.82631587982177,32.9008483886718
2018-12-12 03:20:00,214.282806396484,4.2044358253479,36.8931999206542
2018-12-12 03:30:00,237.251998901367,4.51417016983032,40.3628005981445
2018-12-12 03:40:00,238.821502685546,4.70130777359008,45.4337081909179
2018-12-12 03:50:00,312.600494384765,4.86948585510253,44.6925086975097
2018-12-12 04:00:00,261.521697998046,4.85119009017944,54.5206298828125
2018-12-12 04:10:00,258.630004882812,4.97104883193969,56.0848007202148
2018-12-12 04:20:00,322.530303955078,5.54276084899902,58.4651107788085
2018-12-12 04:30:00,274.009887695312,4.84268283843994,48.7781410217285
2018-12-12 04:40:00,287.909301757812,5.39391088485717,47.3948707580566
2018-12-12 04:50:00,286.661499023437,5.51025390625,47.9321517944335
2018-12-12 05:00:00,94.2640075683593,3.81111693382263,44.8857192993164
2018-12-12 05:10:00,76.4936065673828,3.70479607582092,35.3719596862792
2018-12-12 05:20:00,185.642700195312,4.77230787277221,39.2497901916503
2018-12-12 05:30:00,373.780303955078,6.48427104949951,46.930191040039
2018-12-12 05:40:00,381.391296386718,6.86436891555786,49.5900497436523
2018-12-12 05:50:00,390.3623046875,7.1716661453247,52.971450805664
2018-12-12 06:00:00,391.97329711914,7.09059619903564,47.902229309082
2018-12-12 06:10:00,224.157897949218,5.14822387695312,37.5296897888183
2018-12-12 06:20:00,346.814392089843,5.96069812774658,28.3403606414794
2018-12-12 06:30:00,359.073608398437,6.29833984375,24.7276992797851
2018-12-12 06:40:00,382.698486328125,7.16446876525878,28.1012001037597
2018-12-12 06:50:00,304.253814697265,5.60685682296752,28.2401008605957
2018-12-12 07:00:00,137.147399902343,4.14260292053222,16.636640548706
2018-12-12 07:10:00,177.721893310546,4.55027818679809,0.813517987728118
2018-12-12 07:20:00,354.931488037109,6.78715276718139,359.467102050781
2018-12-12 07:30:00,383.710693359375,6.89169406890869,356.985198974609
2018-12-12 07:40:00,397.126190185546,7.19417905807495,357.198486328125
2018-12-12 07:50:00,386.404510498046,7.19170379638671,357.25210571289
2018-12-12 08:00:00,378.876190185546,6.84999990463256,352.042388916015
2018-12-12 08:10:00,371.931488037109,7.35149192810058,348.312591552734
2018-12-12 08:20:00,380.942810058593,7.43958711624145,347.054107666015
2018-12-12 08:30:00,409.659301757812,7.35683012008666,346.417388916015
2018-12-12 08:40:00,387.271606445312,7.78646421432495,346.620788574218
2018-12-12 08:50:00,359.861785888671,7.44747877120971,346.43701171875
2018-12-12 09:00:00,342.482391357421,7.33079385757446,345.440795898437
2018-12-12 09:10:00,349.409698486328,7.35302114486694,340.138092041015
2018-12-12 09:20:00,324.881713867187,7.61719703674316,338.2626953125
2018-12-12 09:30:00,286.881103515625,6.39543199539184,337.691009521484
2018-12-12 09:40:00,267.586486816406,6.6981348991394,329.719909667968
2018-12-12 09:50:00,236.350692749023,6.5157299041748,328.130004882812
2018-12-12 10:00:00,167.70849609375,5.62249183654785,323.345489501953
2018-12-12 10:10:00,144.76919555664,5.45013380050659,324.193115234375
2018-12-12 10:20:00,152.044296264648,5.26063394546508,321.868194580078
2018-12-12 10:30:00,151.858200073242,5.46735000610351,310.442413330078
2018-12-12 10:40:00,134.31689453125,5.83595705032348,314.24429321289
2018-12-12 10:50:00,81.896987915039,5.65833711624145,319.484191894531
2018-12-12 11:00:00,73.350486755371,5.45385789871215,316.841796875
2018-12-12 11:10:00,47.395709991455,4.98394298553466,314.965301513671
2018-12-12 11:20:00,40.7320518493652,4.76536417007446,305.309112548828
2018-12-12 11:30:00,106.755096435546,5.79533290863037,304.072814941406
2018-12-12 11:40:00,96.6732864379882,5.48447608947753,296.156188964843
2018-12-12 11:50:00,19.0560493469238,4.57648611068725,277.955291748046
2018-12-12 12:00:00,85.9291534423828,5.37799310684204,266.037200927734
2018-12-12 12:10:00,98.5075302124023,5.50122880935668,268.363006591796
2018-12-12 12:20:00,101.869400024414,5.54954385757446,271.894714355468
2018-12-12 12:30:00,0.0,4.34644985198974,271.17041015625
2018-12-12 12:40:00,57.1620216369628,5.24281311035156,280.528594970703
2018-12-12 12:50:00,123.546699523925,5.6981987953186,285.3251953125
2018-12-12 13:00:00,65.1493301391601,5.06075286865234,288.704986572265
2018-12-12 13:10:00,24.7746105194091,4.57656908035278,289.724792480468
2018-12-12 13:20:00,0.0,4.06624889373779,299.191009521484
2018-12-12 13:30:00,0.0,3.3294129371643,301.779510498046
2018-12-12 13:40:00,0.0,4.43249320983886,294.983795166015
2018-12-12 13:50:00,0.0,4.50688409805297,283.075012207031
2018-12-12 14:00:00,0.0,4.52114486694335,277.027191162109
2018-12-12 14:10:00,41.9480400085449,5.05382204055786,275.32080078125
2018-12-12 14:20:00,59.7236595153808,4.65327882766723,272.455993652343
2018-12-12 14:30:00,21.6017093658447,4.19514608383178,271.548187255859
2018-12-12 14:40:00,0.0401997789740562,4.21843385696411,259.20669555664
2018-12-12 14:50:00,0.0,3.68456411361694,267.868988037109
2018-12-12 15:00:00,118.663497924804,5.75921201705932,269.285491943359
2018-12-12 15:10:00,230.89599609375,6.71705818176269,270.770385742187
2018-12-12 15:20:00,213.712097167968,6.34794378280639,272.194305419921
2018-12-12 15:30:00,214.401306152343,6.10130214691162,265.257598876953
2018-12-12 15:40:00,279.966613769531,7.27948999404907,260.033203125
2018-12-12 15:50:00,294.68960571289,7.43696403503417,255.863296508789
2018-12-12 16:00:00,288.436004638671,7.30793619155883,258.168090820312
2018-12-12 16:10:00,276.044494628906,7.056734085083,264.459899902343
2018-12-12 16:20:00,301.521301269531,7.60533618927001,275.17529296875
2018-12-12 16:30:00,324.292602539062,7.5317039489746,267.263305664062
2018-12-12 16:40:00,285.00259399414,6.77320718765258,265.397399902343
2018-12-12 16:50:00,289.978698730468,6.85093402862548,267.044403076171
2018-12-12 17:00:00,274.242706298828,6.57857084274291,270.958312988281
2018-12-12 17:10:00,298.776092529296,6.88755989074707,270.452911376953
2018-12-12 17:20:00,242.546600341796,5.8696060180664,268.73941040039
2018-12-12 17:30:00,212.888702392578,5.67039108276367,271.308502197265
2018-12-12 17:40:00,220.611495971679,5.59326696395874,270.933898925781
2018-12-12 17:50:00,220.693801879882,5.54644012451171,268.921203613281
2018-12-12 18:00:00,92.5371704101562,4.68493890762329,266.123809814453
2018-12-12 18:10:00,141.49169921875,4.74407005310058,247.344894409179
2018-12-12 18:20:00,59.8711509704589,4.10577917098999,233.000503540039
2018-12-12 18:30:00,18.4194602966308,3.83074307441711,222.427703857421
2018-12-12 18:40:00,0.0,3.8001389503479,221.614700317382
2018-12-12 18:50:00,0.0,4.01367712020874,223.813705444335
2018-12-12 19:00:00,20.5135498046875,3.6501019001007,242.044799804687
2018-12-12 19:10:00,0.0,3.28458404541015,243.801803588867
2018-12-12 19:20:00,0.0,3.62372398376464,236.171600341796
2018-12-12 19:30:00,0.0,3.98622393608093,224.988006591796
2018-12-12 19:40:00,49.6220588684082,4.20800685882568,238.259002685546
2018-12-12 19:50:00,112.235801696777,4.29304122924804,231.189804077148
2018-12-12 20:00:00,258.29849243164,5.30448198318481,210.466201782226
2018-12-12 20:10:00,238.751693725585,5.3708062171936,209.125503540039
2018-12-12 20:20:00,326.293701171875,6.311448097229,204.336807250976
2018-12-12 20:30:00,305.070190429687,5.81674718856811,200.388702392578
2018-12-12 20:40:00,369.467407226562,6.84818077087402,196.621505737304
2018-12-12 20:50:00,375.768402099609,7.04648780822753,198.414505004882
2018-12-12 21:00:00,380.454315185546,7.50993108749389,199.626098632812
2018-12-12 21:10:00,389.285888671875,7.79136705398559,198.347305297851
2018-12-12 21:20:00,391.738098144531,8.08802700042724,200.668792724609
2018-12-12 21:30:00,373.715515136718,7.39219093322753,200.895202636718
2018-12-12 21:40:00,340.213409423828,6.30613422393798,201.417404174804
2018-12-12 21:50:00,379.110595703125,7.27163410186767,201.59700012207
2018-12-12 22:00:00,374.714385986328,6.97675800323486,199.287902832031
2018-12-12 22:10:00,379.126708984375,7.10272789001464,204.694396972656
2018-12-12 22:20:00,387.544799804687,7.51538705825805,205.891494750976
2018-12-12 22:30:00,380.645202636718,6.95718193054199,201.063598632812
2018-12-12 22:40:00,382.442687988281,7.37892198562622,199.992095947265
2018-12-12 22:50:00,383.376495361328,7.21600914001464,199.760299682617
2018-12-12 23:00:00,381.583190917968,7.11711978912353,199.565795898437
2018-12-12 23:10:00,389.145599365234,7.10769796371459,203.553802490234
2018-12-12 23:20:00,399.5078125,8.12715721130371,206.120300292968
2018-12-12 23:30:00,429.418792724609,8.7690725326538,204.84390258789
2018-12-12 23:40:00,426.359588623046,8.63387107849121,204.691802978515
2018-12-12 23:50:00,425.149597167968,7.97932004928588,201.565994262695
2018-12-13 00:00:00,373.932586669921,6.75729990005493,204.493301391601
2018-12-13 00:10:00,359.35400390625,6.16740417480468,205.494598388671
2018-12-13 00:20:00,379.155700683593,6.56204605102539,200.407806396484
2018-12-13 00:30:00,383.429412841796,6.7695779800415,203.401596069335
2018-12-13 00:40:00,382.723693847656,6.53933906555175,202.604705810546
2018-12-13 00:50:00,391.424896240234,6.48085784912109,200.3251953125
2018-12-13 01:00:00,380.443603515625,6.29615497589111,201.835296630859
2018-12-13 01:10:00,373.565185546875,6.08624410629272,212.602096557617
2018-12-13 01:20:00,383.005401611328,6.11937618255615,217.766296386718
2018-12-13 01:30:00,389.057708740234,6.27507781982421,210.350006103515
2018-12-13 01:40:00,411.207702636718,6.60939693450927,207.758804321289
2018-12-13 01:50:00,505.635009765625,7.1566309928894,210.705596923828
2018-12-13 02:00:00,676.744689941406,7.26308584213256,210.460906982421
2018-12-13 02:10:00,609.115417480468,6.7897081375122,211.998901367187
2018-12-13 02:20:00,563.022888183593,6.61703014373779,212.775894165039
2018-12-13 02:30:00,722.675415039062,6.91803312301635,211.826202392578
2018-12-13 02:40:00,728.968627929687,6.68845415115356,212.808700561523
2018-12-13 02:50:00,800.974304199218,6.63205289840698,214.426696777343
2018-12-13 03:00:00,852.638427734375,6.71267986297607,212.182098388671
2018-12-13 03:10:00,684.347900390625,6.22784519195556,211.000305175781
2018-12-13 03:20:00,690.264770507812,6.19980478286743,209.312698364257
2018-12-13 03:30:00,697.373779296875,6.18443202972412,209.275802612304
2018-12-13 03:40:00,819.485900878906,6.30766105651855,207.50650024414
2018-12-13 03:50:00,1076.97900390625,6.76571083068847,206.758499145507
2018-12-13 04:00:00,1244.46899414062,7.01816987991333,203.895202636718
2018-12-13 04:10:00,1553.94201660156,7.39211893081665,198.460296630859
2018-12-13 04:20:00,1893.22900390625,8.40053272247314,196.073898315429
2018-12-13 04:30:00,2020.80102539062,9.04687118530273,196.494003295898
2018-12-13 04:40:00,2196.61206054687,9.50935268402099,194.918106079101
2018-12-13 04:50:00,2078.3359375,9.05293941497802,194.679000854492
2018-12-13 05:00:00,2094.50903320312,8.945894241333,193.265899658203
2018-12-13 05:10:00,2033.76403808593,8.88372230529785,192.649703979492
2018-12-13 05:20:00,1975.81994628906,8.7788667678833,192.180099487304
2018-12-13 05:30:00,1883.458984375,8.63626766204833,192.751602172851
2018-12-13 05:40:00,1804.31005859375,8.48276424407958,191.746200561523
2018-12-13 05:50:00,1902.49304199218,8.63391971588134,192.04280090332
2018-12-13 06:00:00,1937.16003417968,8.67490291595458,193.304992675781
2018-12-13 06:10:00,2267.93505859375,9.488938331604,191.123001098632
2018-12-13 06:20:00,2672.88891601562,10.4504604339599,191.223495483398
2018-12-13 06:30:00,2514.6220703125,9.92373752593994,191.671798706054
2018-12-13 06:40:00,2498.76098632812,9.97143459320068,192.740600585937
2018-12-13 06:50:00,2368.55493164062,9.55417919158935,191.97900390625
2018-12-13 07:00:00,2210.80493164062,9.2902135848999,190.04409790039
2018-12-13 07:10:00,2475.40087890625,9.71669864654541,187.535903930664
2018-12-13 07:20:00,2287.40502929687,9.42727184295654,186.361404418945
2018-12-13 07:30:00,2282.96899414062,9.55337238311767,185.513900756835
2018-12-13 07:40:00,1954.02905273437,9.03789901733398,186.244400024414
2018-12-13 07:50:00,1867.0400390625,8.80588245391845,186.409393310546
2018-12-13 08:00:00,2198.52709960937,9.37142276763916,187.356704711914
2018-12-13 08:10:00,2017.69201660156,9.15422439575195,186.520797729492
2018-12-13 08:20:00,2252.2451171875,9.82620525360107,184.335906982421
2018-12-13 08:30:00,2664.74291992187,10.6061401367187,183.76040649414
2018-12-13 08:40:00,2599.57006835937,10.456259727478,183.405899047851
2018-12-13 08:50:00,2419.27392578125,9.93616676330566,182.059097290039
2018-12-13 09:00:00,2595.33911132812,10.3682098388671,182.119506835937
2018-12-13 09:10:00,2205.07397460937,9.36054134368896,181.404602050781
2018-12-13 09:20:00,2373.94189453125,9.71417713165283,179.613494873046
2018-12-13 09:30:00,2369.96508789062,9.60905170440673,181.11180114746
2018-12-13 09:40:00,2272.59008789062,9.40477657318115,181.041793823242
2018-12-13 09:50:00,2150.55688476562,9.08413410186767,180.604507446289
2018-12-13 10:00:00,1949.31298828125,8.61250686645507,183.856704711914
2018-12-13 10:10:00,2204.52905273437,9.2016954421997,183.932495117187
2018-12-13 10:20:00,2004.30895996093,8.79303359985351,183.949996948242
2018-12-13 10:30:00,1949.06896972656,8.80202770233154,183.77749633789
2018-12-13 10:40:00,2253.33203125,9.25599002838134,182.598800659179
2018-12-13 10:50:00,2766.11206054687,10.2380104064941,185.420593261718
2018-12-13 11:00:00,2503.09301757812,9.72605323791503,182.536193847656
2018-12-13 11:10:00,2856.35498046875,10.5066995620727,185.802505493164
2018-12-13 11:20:00,3024.18798828125,10.9574298858642,186.404693603515
2018-12-13 11:30:00,3343.22094726562,11.5794696807861,188.341598510742
2018-12-13 11:40:00,3152.2099609375,11.1617498397827,186.471298217773
2018-12-13 11:50:00,3131.44311523437,11.3401699066162,189.839401245117
2018-12-13 12:00:00,3207.40795898437,11.3770704269409,188.470596313476
2018-12-13 12:10:00,3243.98510742187,11.671010017395,187.341705322265
2018-12-13 12:20:00,3230.41796875,11.6065502166748,190.083694458007
2018-12-13 12:30:00,3336.84790039062,11.7637796401977,191.740203857421
2018-12-13 12:40:00,3281.01489257812,11.7354497909545,190.428298950195
2018-12-13 12:50:00,3525.1650390625,12.5423097610473,191.685104370117
2018-12-13 13:00:00,3591.212890625,13.3506803512573,194.471603393554
2018-12-13 13:10:00,3602.4951171875,13.6331701278686,194.12939453125
2018-12-13 13:20:00,3602.19189453125,13.3832998275756,190.891494750976
2018-12-13 13:30:00,3601.06689453125,12.828269958496,190.648605346679
2018-12-13 13:40:00,3600.705078125,12.8587999343872,190.824996948242
2018-12-13 13:50:00,3600.40600585937,13.0165500640869,189.285003662109
2018-12-13 14:00:00,3599.7451171875,12.9971303939819,186.153701782226
2018-12-13 14:10:00,2814.73706054687,10.8403196334838,185.426300048828
2018-12-13 14:20:00,2783.28198242187,10.7618999481201,187.026397705078
2018-12-13 14:30:00,3450.95092773437,12.0306596755981,188.127899169921
2018-12-13 14:40:00,3602.50610351562,13.2409801483154,189.996597290039
2018-12-13 14:50:00,3602.63403320312,13.7121000289916,193.902999877929
2018-12-13 15:00:00,3602.59301757812,13.6571397781372,194.896499633789
2018-12-13 15:10:00,3602.67211914062,13.7693004608154,195.39500427246
2018-12-13 15:20:00,3602.64892578125,13.6721897125244,194.067901611328
2018-12-13 15:30:00,3602.708984375,13.9209003448486,192.115097045898
2018-12-13 15:40:00,3602.59594726562,14.846619606018,189.247299194335
2018-12-13 15:50:00,3602.55004882812,15.3057603836059,188.119903564453
2018-12-13 16:00:00,3602.23095703125,15.3998298645019,184.790298461914
2018-12-13 16:10:00,3602.4619140625,15.4907999038696,180.029998779296
2018-12-13 16:20:00,3602.26806640625,15.4640703201293,177.815307617187
2018-12-13 16:30:00,3602.48388671875,14.7278203964233,184.298904418945
2018-12-13 16:40:00,3602.61401367187,14.432370185852,186.114807128906
2018-12-13 16:50:00,3602.53002929687,13.8407297134399,187.745407104492
2018-12-13 17:00:00,3529.7529296875,12.3860101699829,187.365798950195
2018-12-13 17:10:00,3543.00390625,12.5807104110717,191.330505371093
2018-12-13 17:20:00,3071.38891601562,11.2802295684814,194.819503784179
2018-12-13 17:30:00,1980.76696777343,9.22389698028564,201.522399902343
2018-12-13 17:40:00,842.468872070312,6.83868312835693,207.688903808593
2018-12-13 17:50:00,736.537292480468,6.59775495529174,206.588806152343
2018-12-13 18:00:00,797.576721191406,6.97838401794433,200.990798950195
2018-12-13 18:10:00,870.973022460937,7.24616479873657,185.276092529296
2018-12-13 18:20:00,629.575012207031,6.58595514297485,164.076293945312
2018-12-13 18:30:00,433.41079711914,5.75612020492553,153.06640625
2018-12-13 18:40:00,21.722900390625,2.8760290145874,97.7472534179687
2018-12-13 18:50:00,0.0,3.36457991600036,96.0801773071289
2018-12-13 19:00:00,0.0,2.71323108673095,111.77269744873
2018-12-13 19:10:00,0.0,2.76616096496582,116.932098388671
2018-12-13 19:20:00,141.75,4.73908901214599,116.730796813964
2018-12-13 19:30:00,375.643188476562,5.173752784729,127.7958984375
2018-12-13 19:40:00,891.907897949218,6.50852108001708,140.095504760742
2018-12-13 19:50:00,1808.75695800781,8.66689395904541,146.762298583984
2018-12-13 20:00:00,1811.14904785156,8.86155223846435,153.544494628906
2018-12-13 20:10:00,1521.20495605468,8.28908920288085,155.533798217773
2018-12-13 20:20:00,1295.09301757812,7.58171415328979,160.494400024414
2018-12-13 20:30:00,1333.10498046875,7.89582300186157,161.92739868164
2018-12-13 20:40:00,1338.97900390625,7.93489694595336,159.854095458984
2018-12-13 20:50:00,1209.72204589843,7.64596700668334,158.901306152343
2018-12-13 21:00:00,997.102172851562,6.9093689918518,162.671005249023
2018-12-13 21:10:00,952.586608886718,6.73685121536254,169.504196166992
2018-12-13 21:20:00,1099.29895019531,6.91209411621093,180.900695800781
2018-12-13 21:30:00,1368.70104980468,7.4639081954956,185.195007324218
2018-12-13 21:40:00,1739.24096679687,8.30015277862548,187.415298461914
2018-12-13 21:50:00,1927.42297363281,8.60968017578125,189.193405151367
2018-12-13 22:00:00,1880.05700683593,8.61305618286132,192.03450012207
2018-12-13 22:10:00,1813.56298828125,8.78136444091796,189.650299072265
2018-12-13 22:20:00,1817.03503417968,8.68509292602539,189.146499633789
2018-12-13 22:30:00,2155.47607421875,9.59221744537353,193.364807128906
2018-12-13 22:40:00,2203.85302734375,9.43292617797851,192.143997192382
2018-12-13 22:50:00,2368.59106445312,9.67729473114013,190.411193847656
2018-12-13 23:00:00,2057.77587890625,9.12456226348876,187.944702148437
2018-12-13 23:10:00,2048.51391601562,9.1586103439331,188.18359375
2018-12-13 23:20:00,1926.89501953125,8.92096138000488,189.807907104492
2018-12-13 23:30:00,1516.0,8.15790653228759,192.401000976562
2018-12-13 23:40:00,1231.85900878906,7.62490892410278,194.077606201171
2018-12-13 23:50:00,1090.10900878906,7.39333915710449,193.13279724121
2018-12-14 00:00:00,972.482116699218,7.06496906280517,194.210006713867
2018-12-14 00:10:00,828.89697265625,6.7376742362976,196.12840270996
2018-12-14 00:20:00,696.093383789062,6.39179801940917,192.533798217773
2018-12-14 00:30:00,809.628173828125,6.81803607940673,186.594802856445
2018-12-14 00:40:00,878.440124511718,6.92165422439575,186.794494628906
2018-12-14 00:50:00,869.526000976562,6.83579301834106,202.014404296875
2018-12-14 01:00:00,836.950988769531,6.88935184478759,208.220703125
2018-12-14 01:10:00,343.810791015625,5.13740396499633,208.064804077148
2018-12-14 01:20:00,372.092193603515,5.45278978347778,203.888702392578
2018-12-14 01:30:00,778.053283691406,7.0830488204956,198.393402099609
2018-12-14 01:40:00,837.854614257812,7.18671321868896,192.779602050781
2018-12-14 01:50:00,910.109375,7.05907917022705,194.355606079101
2018-12-14 02:00:00,1332.93200683593,7.91630792617797,196.695205688476
2018-12-14 02:10:00,1156.50305175781,7.48703813552856,195.4873046875
2018-12-14 02:20:00,1503.08996582031,8.28399276733398,198.608901977539
2018-12-14 02:30:00,1378.083984375,8.20666599273681,194.51480102539
2018-12-14 02:40:00,1395.52697753906,8.38400840759277,193.946899414062
2018-12-14 02:50:00,1530.88500976562,8.62061500549316,195.788299560546
2018-12-14 03:00:00,1250.74499511718,8.236985206604,186.701904296875
2018-12-14 03:10:00,883.835571289062,7.13158082962036,177.908706665039
2018-12-14 03:20:00,785.044616699218,6.84438514709472,179.218704223632
2018-12-14 03:30:00,535.885925292968,6.10337495803833,178.468200683593
2018-12-14 03:40:00,731.882629394531,6.58016920089721,173.102294921875
2018-12-14 03:50:00,604.835205078125,6.21707105636596,172.931198120117
2018-12-14 04:00:00,505.253814697265,5.86406421661376,177.165100097656
2018-12-14 04:10:00,517.372924804687,5.87907218933105,180.245300292968
2018-12-14 04:20:00,472.480010986328,5.76895999908447,183.307998657226
2018-12-14 04:30:00,567.767883300781,6.035728931427,193.630905151367
2018-12-14 04:40:00,636.724975585937,6.27041101455688,193.216995239257
2018-12-14 04:50:00,594.49267578125,6.10756301879882,191.443893432617
2018-12-14 05:00:00,621.216186523437,6.21193504333496,187.578399658203
2018-12-14 05:10:00,286.309600830078,4.86538314819335,185.01170349121
2018-12-14 05:20:00,191.009994506835,4.45973682403564,194.522506713867
2018-12-14 05:30:00,199.689407348632,4.45495700836181,198.483596801757
2018-12-14 05:40:00,337.781311035156,5.21579599380493,197.415496826171
2018-12-14 05:50:00,427.899810791015,5.68286609649658,197.070007324218
2018-12-14 06:00:00,464.66860961914,5.77620697021484,205.062698364257
2018-12-14 06:10:00,330.446685791015,5.24654102325439,205.660903930664
2018-12-14 06:20:00,408.351898193359,5.7118067741394,206.834503173828
2018-12-14 06:30:00,547.291809082031,6.22885417938232,200.092102050781
2018-12-14 06:40:00,578.817810058593,6.20402193069458,196.386001586914
2018-12-14 06:50:00,578.126220703125,6.31591701507568,192.03059387207
2018-12-14 07:00:00,1019.53698730468,7.35544776916503,186.35139465332
2018-12-14 07:10:00,1227.95397949218,7.82101011276245,192.084197998046
2018-12-14 07:20:00,1142.2490234375,7.63260698318481,193.956298828125
2018-12-14 07:30:00,864.673217773437,7.06651592254638,192.65640258789
2018-12-14 07:40:00,912.075988769531,7.10937690734863,188.202896118164
2018-12-14 07:50:00,1179.20104980468,7.67627811431884,189.629699707031
2018-12-14 08:00:00,932.649780273437,7.01528787612915,195.367004394531
2018-12-14 08:10:00,1037.89001464843,7.31511783599853,194.813598632812
2018-12-14 08:20:00,521.388916015625,5.84931993484497,192.897094726562
2018-12-14 08:30:00,363.503204345703,5.31295919418334,192.670196533203
2018-12-14 08:40:00,636.8583984375,6.24680089950561,192.817306518554
2018-12-14 08:50:00,628.9462890625,6.3692979812622,191.537994384765
2018-12-14 09:00:00,644.102111816406,6.3970022201538,192.072998046875
2018-12-14 09:10:00,797.071716308593,6.73543882369995,195.551498413085
2018-12-14 09:20:00,688.739501953125,6.47984600067138,195.727401733398
2018-12-14 09:30:00,661.102478027343,6.46743583679199,200.777999877929
2018-12-14 09:40:00,561.846374511718,6.23856687545776,203.733093261718
2018-12-14 09:50:00,585.636779785156,6.39277410507202,202.285995483398
2018-12-14 10:00:00,915.376525878906,7.06575584411621,200.578704833984
2018-12-14 10:10:00,1009.18298339843,6.86792421340942,199.496597290039
2018-12-14 10:20:00,895.957214355468,6.75648880004882,200.961593627929
2018-12-14 10:30:00,889.037902832031,6.87003898620605,203.220901489257
2018-12-14 10:40:00,914.821228027343,6.91514301300048,204.690307617187
2018-12-14 10:50:00,1094.64904785156,7.34218692779541,203.272796630859
2018-12-14 11:00:00,1262.18103027343,7.64689302444458,205.345397949218
2018-12-14 11:10:00,1410.91296386718,7.89422512054443,205.338195800781
2018-12-14 11:20:00,1714.49597167968,8.47180843353271,201.320907592773
2018-12-14 11:30:00,1894.60205078125,8.82034587860107,200.104904174804
2018-12-14 11:40:00,1525.58996582031,8.09708213806152,202.311004638671
2018-12-14 11:50:00,1181.24694824218,7.47057819366455,204.519897460937
2018-12-14 12:00:00,960.94873046875,7.16049194335937,205.753295898437
2018-12-14 12:10:00,1120.80895996093,7.33930683135986,203.69839477539
2018-12-14 12:20:00,1203.64794921875,7.36125516891479,203.539794921875
2018-12-14 12:30:00,1205.27795410156,7.43860101699829,206.77310180664
2018-12-14 12:40:00,1405.45703125,7.87902688980102,208.796005249023
2018-12-14 12:50:00,1429.90698242187,7.96772813796997,208.850601196289
2018-12-14 13:00:00,1674.78894042968,8.31610488891601,205.469604492187
2018-12-14 13:10:00,1928.01696777343,8.85173034667968,204.513595581054
2018-12-14 13:20:00,1806.84301757812,8.68541812896728,204.322204589843
2018-12-14 13:30:00,1514.36499023437,8.19173145294189,200.861404418945
2018-12-14 13:40:00,1246.42395019531,7.49623680114746,199.862701416015
2018-12-14 13:50:00,1477.87902832031,7.82873106002807,203.654403686523
2018-12-14 14:00:00,1635.41003417968,8.11163806915283,201.279998779296
2018-12-14 14:10:00,1486.00598144531,8.17823600769042,200.653900146484
2018-12-14 14:20:00,1275.69201660156,7.84911823272705,203.286300659179
2018-12-14 14:30:00,1332.4560546875,8.00811386108398,204.811203002929
2018-12-14 14:40:00,1554.76403808593,8.47493553161621,196.508499145507
2018-12-14 14:50:00,1606.05700683593,8.64242553710937,197.623001098632
2018-12-14 15:00:00,1430.07604980468,8.20865821838378,193.710800170898
2018-12-14 15:10:00,1394.47595214843,8.02616596221923,194.846496582031
2018-12-14 15:20:00,1452.28405761718,8.226167678833,196.083206176757
2018-12-14 15:30:00,1452.72399902343,8.179443359375,198.10350036621
2018-12-14 15:40:00,1772.2900390625,8.77562046051025,197.098007202148
2018-12-14 15:50:00,2041.51098632812,9.29485893249511,201.559600830078
2018-12-14 16:00:00,2188.52587890625,9.67171478271484,202.360305786132
2018-12-14 16:10:00,2003.94995117187,9.45283031463623,197.613906860351
2018-12-14 16:20:00,2050.97412109375,9.44062614440917,199.101501464843
2018-12-14 16:30:00,2191.25390625,9.54598140716552,202.483703613281
2018-12-14 16:40:00,2266.67797851562,9.69579315185546,202.234497070312
2018-12-14 16:50:00,2110.71411132812,9.45402145385742,203.393493652343
2018-12-14 17:00:00,2242.57397460937,9.72450637817382,204.430404663085
2018-12-14 17:10:00,2320.86791992187,9.86948871612548,203.600997924804
2018-12-14 17:20:00,2450.18090820312,10.1634998321533,206.739196777343
2018-12-14 17:30:00,2535.44799804687,10.3776302337646,206.776901245117
2018-12-14 17:40:00,2297.50610351562,9.88294315338134,207.105697631835
2018-12-14 17:50:00,1839.89294433593,8.97103309631347,209.985900878906
2018-12-14 18:00:00,1795.44799804687,8.98573398590087,208.684494018554
2018-12-14 18:10:00,1538.92004394531,8.46189308166503,208.16990661621
2018-12-14 18:20:00,1625.13793945312,8.63558769226074,207.508102416992
2018-12-14 18:30:00,2046.998046875,9.4829397201538,206.967407226562
2018-12-14 18:40:00,1804.94604492187,9.15190410614013,203.485000610351
2018-12-14 18:50:00,2248.53491210937,9.68688869476318,201.906997680664
2018-12-14 19:00:00,2093.625,9.43875980377197,200.721603393554
2018-12-14 19:10:00,2565.87109375,10.3560304641723,200.897094726562
2018-12-14 19:20:00,2603.90209960937,10.4700899124145,201.573303222656
2018-12-14 19:30:00,2292.09912109375,9.82653903961181,199.452896118164
2018-12-14 19:40:00,2189.59106445312,9.58564376831054,200.926498413085
2018-12-14 19:50:00,2289.86499023437,9.90256404876708,198.35400390625
2018-12-14 20:00:00,2218.67309570312,9.77029705047607,197.224792480468
2018-12-14 20:10:00,2477.4599609375,10.4105396270751,196.541595458984
2018-12-14 20:20:00,2291.89111328125,10.0229997634887,197.304702758789
2018-12-14 20:30:00,2254.0791015625,9.97731113433837,195.957595825195
2018-12-14 20:40:00,2669.56005859375,10.4593801498413,195.163604736328
2018-12-14 20:50:00,3235.21899414062,11.5771102905273,195.940704345703
2018-12-14 21:00:00,3202.82006835937,11.5179100036621,195.603698730468
2018-12-14 21:10:00,2836.26708984375,10.8458700180053,200.208099365234
2018-12-14 21:20:00,3170.64208984375,11.3684997558593,202.397705078125
2018-12-14 21:30:00,3147.15502929687,11.7802600860595,200.550994873046
2018-12-14 21:40:00,3216.13403320312,11.8620100021362,200.060394287109
2018-12-14 21:50:00,3383.39697265625,12.0736398696899,201.17219543457
2018-12-14 22:00:00,3344.916015625,11.8424100875854,200.741302490234
2018-12-14 22:10:00,3427.51000976562,12.0429401397705,194.66340637207
2018-12-14 22:20:00,3570.55493164062,12.360050201416,195.510498046875
2018-12-14 22:30:00,3338.873046875,11.8399400711059,195.005905151367
2018-12-14 22:40:00,2647.67993164062,10.3759803771972,191.294296264648
2018-12-14 22:50:00,3170.38208007812,11.3934497833251,192.126998901367
2018-12-14 23:00:00,2777.80004882812,10.3022603988647,194.543594360351
2018-12-14 23:10:00,3332.830078125,12.0686902999877,191.73680114746
2018-12-14 23:20:00,3602.24609375,13.4335298538208,197.424896240234
2018-12-14 23:30:00,3602.2939453125,13.4564504623413,195.113296508789
2018-12-14 23:40:00,3602.30102539062,13.5049495697021,198.821395874023
2018-12-14 23:50:00,3602.30590820312,14.9088802337646,198.773406982421
2018-12-15 00:00:00,3602.03588867187,15.1948099136352,195.867004394531
2018-12-15 00:10:00,3602.22094726562,14.7229099273681,195.190994262695
2018-12-15 00:20:00,3601.98999023437,13.9520597457885,194.09910583496
2018-12-15 00:30:00,3602.2939453125,13.9864501953125,191.079193115234
2018-12-15 00:40:00,3602.28100585937,13.5320796966552,192.436798095703
2018-12-15 00:50:00,3602.09008789062,13.2128400802612,193.888397216796
2018-12-15 01:00:00,3602.31909179687,13.9151496887207,194.581405639648
2018-12-15 01:10:00,3602.13891601562,13.9139099121093,192.549194335937
2018-12-15 01:20:00,3601.97192382812,14.4071998596191,195.5166015625
2018-12-15 01:30:00,3601.89501953125,14.6435098648071,196.218505859375
2018-12-15 01:40:00,3601.97998046875,14.9986495971679,197.058395385742
2018-12-15 01:50:00,3601.68896484375,15.3517904281616,196.014495849609
2018-12-15 02:00:00,3601.876953125,15.1012001037597,192.825302124023
2018-12-15 02:10:00,3602.02197265625,14.8332996368408,192.783599853515
2018-12-15 02:20:00,3601.72290039062,15.2209596633911,192.869995117187
2018-12-15 02:30:00,3601.84008789062,15.1131296157836,195.336593627929
2018-12-15 02:40:00,3601.94311523437,14.8945398330688,196.361297607421
2018-12-15 02:50:00,3601.94995117187,14.5435695648193,195.108901977539
2018-12-15 03:00:00,3601.91796875,15.3189001083374,198.282592773437
2018-12-15 03:10:00,3602.0,15.5717697143554,201.525405883789
2018-12-15 03:20:00,3602.041015625,15.5797100067138,200.072402954101
2018-12-15 03:30:00,3601.73388671875,15.4205503463745,198.58560180664
2018-12-15 03:40:00,3601.82690429687,15.1161403656005,197.32339477539
2018-12-15 03:50:00,3601.93310546875,14.9536504745483,197.312194824218
2018-12-15 04:00:00,3601.90600585937,14.8450603485107,197.718597412109
2018-12-15 04:10:00,3602.1298828125,15.2441701889038,201.093795776367
2018-12-15 04:20:00,3602.080078125,15.2337598800659,199.673400878906
2018-12-15 04:30:00,3601.93408203125,15.2900695800781,195.554397583007
2018-12-15 04:40:00,3601.5869140625,15.3666200637817,195.580200195312
2018-12-15 04:50:00,3602.10009765625,16.1481399536132,197.961395263671
2018-12-15 05:00:00,3602.17309570312,16.3510608673095,197.526000976562
2018-12-15 05:10:00,3602.11401367187,15.5260295867919,195.71369934082
2018-12-15 05:20:00,3602.03588867187,15.4069204330444,193.46890258789
2018-12-15 05:30:00,3601.84008789062,15.2103004455566,192.33299255371
2018-12-15 05:40:00,3601.92895507812,14.6419696807861,191.341995239257
2018-12-15 05:50:00,3601.837890625,15.0446596145629,191.331298828125
2018-12-15 06:00:00,3601.85009765625,14.8645095825195,192.054397583007
2018-12-15 06:10:00,3602.01098632812,14.2067403793334,192.630599975585
2018-12-15 06:20:00,3601.86010742187,13.8706302642822,191.730499267578
2018-12-15 06:30:00,3601.73608398437,13.9044799804687,189.644607543945
2018-12-15 06:40:00,3601.9599609375,15.0521001815795,191.501495361328
2018-12-15 06:50:00,3601.83203125,15.2101802825927,191.248001098632
2018-12-15 07:00:00,3602.041015625,15.0526895523071,189.411499023437
2018-12-15 07:10:00,3601.96606445312,13.9475498199462,189.406494140625
2018-12-15 07:20:00,3602.15893554687,14.1555595397949,189.091094970703
2018-12-15 07:30:00,3602.42504882812,14.4228200912475,189.265396118164
2018-12-15 07:40:00,3602.21899414062,15.4043798446655,191.275100708007
2018-12-15 07:50:00,3602.15307617187,15.2216901779174,190.681396484375
2018-12-15 08:00:00,3602.19091796875,14.675760269165,186.400497436523
2018-12-15 08:10:00,3602.18798828125,14.8667402267456,183.081100463867
2018-12-15 08:20:00,3602.35498046875,14.8938398361206,181.720703125
2018-12-15 08:30:00,3602.5,14.8304500579833,181.740005493164
2018-12-15 08:40:00,3602.71508789062,15.5626802444458,181.773696899414
2018-12-15 08:50:00,3602.42797851562,15.7012500762939,184.906692504882
2018-12-15 09:00:00,3602.35107421875,15.2293701171875,184.589599609375
2018-12-15 09:10:00,3602.3779296875,15.0698499679565,183.671905517578
2018-12-15 09:20:00,3602.13989257812,14.4967002868652,182.109893798828
2018-12-15 09:30:00,3601.14501953125,13.6145896911621,179.180603027343
2018-12-15 09:40:00,3595.80395507812,13.0974798202514,178.672302246093
2018-12-15 09:50:00,3367.34912109375,11.8309097290039,176.44970703125
2018-12-15 10:00:00,2538.56811523437,9.58055973052978,177.87449645996
2018-12-15 10:10:00,2091.67407226562,8.9331521987915,177.439193725585
2018-12-15 10:20:00,1829.76904296875,8.53858566284179,173.623992919921
2018-12-15 10:30:00,1226.59094238281,7.32456111907958,176.384902954101
2018-12-15 10:40:00,1427.95202636718,7.75266599655151,178.589202880859
2018-12-15 10:50:00,2033.03698730468,8.94005298614501,182.730194091796
2018-12-15 11:00:00,2524.46899414062,9.9520673751831,183.69270324707
2018-12-15 11:10:00,2525.06494140625,9.89106655120849,184.94970703125
2018-12-15 11:20:00,2227.205078125,9.30057525634765,189.792602539062
2018-12-15 11:30:00,1857.51794433593,8.66814708709716,193.867095947265
2018-12-15 11:40:00,2093.97802734375,9.12488079071044,190.42919921875
2018-12-15 11:50:00,2095.55102539062,9.27447128295898,189.863494873046
2018-12-15 12:00:00,1581.9560546875,8.05372428894042,188.915496826171
2018-12-15 12:10:00,1637.45397949218,8.24006938934326,185.82420349121
2018-12-15 12:20:00,1710.17004394531,8.37727546691894,184.783004760742
2018-12-15 12:30:00,1802.375,8.65044403076171,182.154602050781
2018-12-15 12:40:00,1776.74499511718,8.74854564666748,181.19839477539
2018-12-15 12:50:00,1542.68896484375,8.12702846527099,178.858795166015
2018-12-15 13:00:00,1657.32897949218,8.39477920532226,178.425094604492
2018-12-15 13:10:00,1719.01196289062,8.33613967895507,180.387893676757
2018-12-15 13:20:00,1886.26599121093,8.80482959747314,179.979202270507
2018-12-15 13:30:00,2198.77392578125,9.47106075286865,180.562896728515
2018-12-15 13:40:00,2002.35705566406,9.1480655670166,181.395095825195
2018-12-15 13:50:00,2044.708984375,9.30778121948242,181.036407470703
2018-12-15 14:00:00,2107.64599609375,9.48756027221679,179.260803222656
2018-12-15 14:10:00,1961.99499511718,9.19066047668457,179.757598876953
2018-12-15 14:20:00,1898.73999023437,9.06734180450439,181.552703857421
2018-12-15 14:30:00,1864.55798339843,9.05576229095458,179.806198120117
2018-12-15 14:40:00,1882.37805175781,8.973557472229,181.585800170898
2018-12-15 14:50:00,1545.50695800781,8.32459545135498,181.835006713867
2018-12-15 15:00:00,1435.04895019531,8.09159088134765,180.82209777832
2018-12-15 15:10:00,1480.36999511718,8.13391494750976,180.106292724609
2018-12-15 15:20:00,1688.01403808593,8.78705787658691,175.689498901367
2018-12-15 15:30:00,1705.8759765625,8.82207202911376,169.823898315429
2018-12-15 15:40:00,1763.70397949218,8.76525688171386,169.28269958496
2018-12-15 15:50:00,1909.45495605468,8.8908576965332,171.362106323242
2018-12-15 16:00:00,1805.27502441406,8.83394241333007,169.429000854492
2018-12-15 16:10:00,1301.54699707031,7.79121208190917,169.250305175781
2018-12-15 16:20:00,1826.82495117187,8.89514255523681,168.343002319335
2018-12-15 16:30:00,1772.96203613281,8.79171180725097,169.10400390625
2018-12-15 16:40:00,1660.62097167968,8.50245761871337,168.327392578125
2018-12-15 16:50:00,1675.71899414062,8.51618766784667,166.980499267578
2018-12-15 17:00:00,1536.41101074218,8.21021747589111,166.878204345703
2018-12-15 17:10:00,1441.88793945312,7.92607498168945,170.689804077148
2018-12-15 17:20:00,1206.66796875,7.46918582916259,173.67610168457
2018-12-15 17:30:00,943.657775878906,7.07529306411743,168.811599731445
2018-12-15 17:40:00,1005.25799560546,7.28058815002441,167.993392944335
2018-12-15 17:50:00,1198.47094726562,7.7303671836853,162.303604125976
2018-12-15 18:00:00,1092.53601074218,7.31937217712402,165.011596679687
2018-12-15 18:10:00,899.092224121093,6.90365982055664,163.390792846679
2018-12-15 18:20:00,911.814392089843,6.83554697036743,165.784301757812
2018-12-15 18:30:00,813.593322753906,6.68552303314208,165.243896484375
2018-12-15 18:40:00,1222.19396972656,7.43414592742919,168.741897583007
2018-12-15 18:50:00,1182.81701660156,7.53233194351196,166.290802001953
2018-12-15 19:00:00,1156.95300292968,7.49339485168457,164.876098632812
2018-12-15 19:10:00,1051.08801269531,7.20064306259155,169.27310180664
2018-12-15 19:20:00,727.155212402343,6.53480195999145,172.79849243164
2018-12-15 19:30:00,707.937194824218,6.47724485397338,170.652297973632
2018-12-15 19:40:00,773.019226074218,6.57281303405761,172.401702880859
2018-12-15 19:50:00,1038.05798339843,7.18078708648681,178.194305419921
2018-12-15 20:00:00,1105.02099609375,7.42752695083618,175.569702148437
2018-12-15 20:10:00,1450.02502441406,8.3390302658081,172.632003784179
2018-12-15 20:20:00,1761.66296386718,8.83529663085937,171.973007202148
2018-12-15 20:30:00,2153.98706054687,9.53159046173095,174.110794067382
2018-12-15 20:40:00,1925.47802734375,9.1922607421875,173.901794433593
2018-12-15 20:50:00,2057.78002929687,9.3656530380249,175.593795776367
2018-12-15 21:00:00,2116.751953125,9.41639137268066,175.702606201171
2018-12-15 21:10:00,2050.22900390625,9.29336738586425,174.027694702148
2018-12-15 21:20:00,1527.89404296875,8.21690845489501,174.77830505371
2018-12-15 21:30:00,1553.43701171875,8.31028747558593,176.57209777832
2018-12-15 21:40:00,1554.82800292968,8.28110313415527,176.865402221679
2018-12-15 21:50:00,1670.04602050781,8.50207424163818,176.427993774414
2018-12-15 22:00:00,1402.61804199218,8.05827522277832,176.906204223632
2018-12-15 22:10:00,1266.64794921875,7.79641485214233,176.67610168457
2018-12-15 22:20:00,1451.86999511718,8.20991897583007,175.790496826171
2018-12-15 22:30:00,1878.81396484375,9.01852798461914,176.13670349121
2018-12-15 22:40:00,1688.65698242187,8.61572170257568,175.625900268554
2018-12-15 22:50:00,1551.47399902343,8.31751918792724,176.704498291015
2018-12-15 23:00:00,1316.51196289062,7.82872295379638,177.495895385742
2018-12-15 23:10:00,1355.67395019531,7.92979097366333,177.11050415039
2018-12-15 23:20:00,1005.06201171875,7.14731979370117,180.941802978515
2018-12-15 23:30:00,1000.42602539062,7.10559177398681,182.550598144531
2018-12-15 23:40:00,696.894897460937,6.47676086425781,182.456893920898
2018-12-15 23:50:00,600.596801757812,6.38992977142333,177.64370727539
2018-12-16 00:00:00,586.188110351562,6.21779918670654,181.205001831054
2018-12-16 00:10:00,357.497985839843,5.49988889694213,174.865600585937
2018-12-16 00:20:00,194.094299316406,4.66342401504516,165.765792846679
2018-12-16 00:30:00,164.780700683593,4.54068517684936,149.026901245117
2018-12-16 00:40:00,149.401397705078,4.30179405212402,142.103607177734
2018-12-16 00:50:00,147.850006103515,4.25103187561035,145.77439880371
2018-12-16 01:00:00,146.121002197265,4.24157810211181,141.390502929687
2018-12-16 01:10:00,115.877197265625,4.05781412124633,144.360198974609
2018-12-16 01:20:00,146.644805908203,4.27477598190307,147.882904052734
2018-12-16 01:30:00,165.285003662109,4.40134191513061,146.925506591796
2018-12-16 01:40:00,162.513702392578,4.41938686370849,141.297897338867
2018-12-16 01:50:00,54.5264511108398,3.56866097450256,132.682495117187
2018-12-16 02:00:00,11.9060401916503,3.16971898078918,133.711807250976
2018-12-16 02:10:00,10.7583904266357,3.24755191802978,136.414093017578
2018-12-16 02:20:00,0.362000107765198,3.20125889778137,132.76089477539
2018-12-16 02:30:00,0.0,3.00502800941467,126.751403808593
2018-12-16 02:40:00,0.0,2.82023906707763,119.594001770019
2018-12-16 02:50:00,0.0,3.07008409500122,135.24690246582
2018-12-16 03:00:00,0.0,3.38574695587158,157.518798828125
2018-12-16 03:10:00,0.0,3.16187596321105,123.991203308105
2018-12-16 03:20:00,0.0,3.06021189689636,140.981994628906
2018-12-16 03:30:00,0.0,3.61866497993469,164.789398193359
2018-12-16 03:40:00,316.055511474609,5.32843208312988,171.534606933593
2018-12-16 03:50:00,319.303985595703,5.1753659248352,170.439804077148
2018-12-16 04:00:00,457.517211914062,5.73351621627807,169.201202392578
2018-12-16 04:10:00,724.576110839843,6.5377459526062,167.795196533203
2018-12-16 04:20:00,772.366882324218,6.66496181488037,172.376602172851
2018-12-16 04:30:00,790.289184570312,6.83287191390991,176.355102539062
2018-12-16 04:40:00,761.354797363281,6.73597002029418,170.342895507812
2018-12-16 04:50:00,683.533386230468,6.38336086273193,172.268905639648
2018-12-16 05:00:00,644.448913574218,6.24200201034545,176.113296508789
2018-12-16 05:10:00,683.721984863281,6.41740608215332,178.315704345703
2018-12-16 05:20:00,626.616516113281,6.26960802078247,176.746505737304
2018-12-16 05:30:00,558.583984375,6.19331789016723,174.337295532226
2018-12-16 05:40:00,468.498901367187,5.8701148033142,171.90379333496
2018-12-16 05:50:00,511.803497314453,5.96024179458618,173.163803100585
2018-12-16 06:00:00,540.701477050781,6.10128116607666,172.43879699707
2018-12-16 06:10:00,576.591369628906,6.18534994125366,163.044692993164
2018-12-16 06:20:00,505.590789794921,5.95155715942382,161.218200683593
2018-12-16 06:30:00,490.919189453125,5.90700101852416,161.931396484375
2018-12-16 06:40:00,317.376708984375,5.21931791305541,160.318893432617
2018-12-16 06:50:00,169.720703125,4.35454082489013,153.230499267578
2018-12-16 07:00:00,381.336791992187,5.55439710617065,143.002899169921
2018-12-16 07:10:00,353.887786865234,5.44575977325439,137.055297851562
2018-12-16 07:20:00,933.018188476562,7.32744312286376,138.16990661621
2018-12-16 07:30:00,1427.26501464843,8.27627277374267,139.321197509765
2018-12-16 07:40:00,1829.30700683593,8.7739839553833,144.345901489257
2018-12-16 07:50:00,2234.8359375,9.48692512512207,148.505905151367
2018-12-16 08:00:00,2657.68408203125,10.3311901092529,147.410705566406
2018-12-16 08:10:00,3068.04296875,11.3460798263549,145.840698242187
2018-12-16 08:20:00,3280.95092773437,12.0014896392822,144.999694824218
2018-12-16 08:30:00,3089.34106445312,11.381739616394,145.745300292968
2018-12-16 08:40:00,2791.92700195312,10.6519298553466,152.025802612304
2018-12-16 08:50:00,2194.02587890625,9.58958053588867,151.445693969726
2018-12-16 09:00:00,2482.23388671875,10.1220502853393,147.417404174804
2018-12-16 09:10:00,2721.74291992187,11.0072698593139,144.950393676757
2018-12-16 09:20:00,2507.41088867187,10.5740900039672,141.755401611328
2018-12-16 09:30:00,2306.11889648437,9.84085369110107,138.964492797851
2018-12-16 09:40:00,2411.00903320312,9.98393154144287,137.926300048828
2018-12-16 09:50:00,2452.22412109375,10.3076496124267,140.83120727539
2018-12-16 10:00:00,2648.98095703125,10.541199684143,142.310195922851
2018-12-16 10:10:00,1701.88098144531,8.59173965454101,142.749206542968
2018-12-16 10:20:00,1324.50598144531,7.91374015808105,137.687805175781
2018-12-16 10:30:00,1571.0400390625,8.42780303955078,137.377899169921
2018-12-16 10:40:00,1623.18994140625,8.37284755706787,134.192504882812
2018-12-16 10:50:00,1735.20300292968,8.79859447479248,130.159194946289
2018-12-16 11:00:00,1653.97302246093,8.70315074920654,130.054000854492
2018-12-16 11:10:00,1457.36999511718,8.56551837921142,128.959396362304
2018-12-16 11:20:00,1570.57397460937,8.34710216522216,128.175598144531
2018-12-16 11:30:00,1940.31396484375,9.00732326507568,129.835006713867
2018-12-16 11:40:00,1616.34594726562,8.530855178833,137.633193969726
2018-12-16 11:50:00,1256.47204589843,7.64090776443481,139.707794189453
2018-12-16 12:00:00,1039.69799804687,7.35814619064331,141.245697021484
2018-12-16 12:10:00,1102.92297363281,7.72513103485107,136.788497924804
2018-12-16 12:20:00,865.029113769531,6.84273386001586,138.193405151367
2018-12-16 12:30:00,655.158386230468,6.39413499832153,140.635498046875
2018-12-16 12:40:00,533.015686035156,5.96870994567871,148.334594726562
2018-12-16 12:50:00,466.422698974609,5.52308702468872,158.547393798828
2018-12-16 13:00:00,535.096923828125,5.72522020339965,173.522903442382
2018-12-16 13:10:00,683.989379882812,6.31334590911865,175.324493408203
2018-12-16 13:20:00,909.188171386718,7.07607078552246,178.974792480468
2018-12-16 13:30:00,1083.31701660156,7.39567184448242,176.985397338867
2018-12-16 13:40:00,998.500915527343,7.1489200592041,178.485702514648
2018-12-16 13:50:00,1022.72198486328,7.06284809112548,188.110397338867
2018-12-16 14:00:00,1015.38397216796,7.15569400787353,192.134506225585
2018-12-16 14:10:00,891.818969726562,7.00922584533691,203.239303588867
2018-12-16 14:20:00,531.244995117187,5.93008613586425,210.973907470703
2018-12-16 14:30:00,244.789199829101,4.81025886535644,213.689300537109
2018-12-16 14:40:00,161.658096313476,4.47859096527099,208.765594482421
2018-12-16 14:50:00,216.825698852539,4.85032320022583,200.032501220703
2018-12-16 15:00:00,302.24038696289,5.22327280044555,196.004806518554
2018-12-16 15:10:00,199.919799804687,4.70452308654785,184.616104125976
2018-12-16 15:20:00,167.05940246582,4.1922378540039,178.122894287109
2018-12-16 15:30:00,369.0078125,5.25318002700805,169.264404296875
2018-12-16 15:40:00,506.873107910156,5.7615098953247,161.826400756835
2018-12-16 15:50:00,734.381103515625,6.49117708206176,156.272796630859
2018-12-16 16:00:00,295.347595214843,4.86486482620239,164.733306884765
2018-12-16 16:10:00,448.762084960937,5.70451879501342,157.864105224609
2018-12-16 16:20:00,308.590209960937,5.03728199005126,153.964004516601
2018-12-16 16:30:00,327.942413330078,5.12438821792602,156.340393066406
2018-12-16 16:40:00,139.04800415039,4.04537296295166,151.466400146484
2018-12-16 16:50:00,53.3912887573242,3.47715306282043,155.125595092773
2018-12-16 17:00:00,169.652801513671,4.23455381393432,156.59959411621
2018-12-16 17:10:00,93.5332870483398,3.77280497550964,155.655700683593
2018-12-16 17:20:00,2.3650050163269,2.68162608146667,160.061004638671
2018-12-16 17:30:00,0.0,1.42198801040649,169.477996826171
2018-12-16 17:40:00,0.0,1.17586803436279,106.45709991455
2018-12-16 17:50:00,0.0,1.88338804244995,83.3852233886718
2018-12-16 18:00:00,0.0,2.43098902702331,87.9253692626953
2018-12-16 18:10:00,0.0,2.58189105987548,91.5028533935546
2018-12-16 18:20:00,0.0,1.66586995124816,85.7723999023437
2018-12-16 18:30:00,0.0,2.25341010093688,83.654800415039
2018-12-16 18:40:00,0.0,2.68712592124938,87.3731536865234
2018-12-16 18:50:00,0.0,3.03316688537597,75.8652572631835
2018-12-16 19:00:00,0.0,2.40918397903442,69.1684036254882
2018-12-16 19:10:00,0.0,1.80094897747039,81.4704132080078
2018-12-16 19:20:00,0.0,1.38839399814605,79.1746368408203
2018-12-16 19:30:00,0.0,2.22889900207519,58.2182998657226
2018-12-16 19:40:00,0.0,2.45220589637756,70.0707168579101
2018-12-16 19:50:00,0.0,2.87880492210388,89.3299865722656
2018-12-16 20:00:00,0.0,2.61437511444091,82.8663864135742
2018-12-16 20:10:00,0.0,2.33835506439208,72.8381118774414
2018-12-16 20:20:00,0.0,3.03874492645263,67.2409591674804
2018-12-16 20:30:00,0.0,3.48128199577331,70.8290863037109
2018-12-16 20:40:00,8.08052730560302,3.78893589973449,66.8102493286132
2018-12-16 20:50:00,90.2061614990234,4.198166847229,63.4564094543457
2018-12-16 21:00:00,59.7612991333007,3.7940559387207,55.510269165039
2018-12-16 21:10:00,28.2519302368164,3.55186104774475,60.9092102050781
2018-12-16 21:20:00,13.617389678955,2.91944098472595,69.3909072875976
2018-12-16 21:30:00,0.0,1.79203701019287,61.1756591796875
2018-12-16 21:40:00,0.0,1.12802696228027,68.0879211425781
2018-12-16 21:50:00,0.0,1.47056198120117,44.9393005371093
2018-12-16 22:00:00,0.0,1.10119104385375,55.3134803771972
2018-12-16 22:10:00,0.0,0.879008114337921,48.7161407470703
2018-12-16 22:20:00,0.0,1.14838898181915,20.4086303710937
2018-12-16 22:30:00,0.0,1.78427004814147,17.2265300750732
2018-12-16 22:40:00,0.0,2.37241005897521,23.6167392730712
2018-12-16 22:50:00,0.0,3.03695011138916,15.8126602172851
2018-12-16 23:00:00,0.0,3.21205902099609,13.0146503448486
2018-12-16 23:10:00,0.0,3.2132658958435,18.2751407623291
2018-12-16 23:20:00,0.0,2.35824799537658,6.1803970336914
2018-12-16 23:30:00,0.0,2.38109803199768,7.7913007736206
2018-12-16 23:40:00,0.0,2.07094693183898,351.647796630859
2018-12-16 23:50:00,0.0,1.82944095134735,306.31689453125
2018-12-17 00:00:00,0.0,3.20390510559082,239.913497924804
2018-12-17 00:10:00,0.0,2.30720591545104,230.060592651367
2018-12-17 00:20:00,0.0,1.75377905368804,251.42349243164
2018-12-17 00:30:00,0.0,2.71353697776794,263.575714111328
2018-12-17 00:40:00,0.0,2.72422194480895,283.655212402343
2018-12-17 00:50:00,0.0,2.36011004447937,306.580108642578
2018-12-17 01:00:00,0.0,1.81413900852203,285.28759765625
2018-12-17 01:10:00,0.0,2.20503997802734,245.992202758789
2018-12-17 01:20:00,0.0,1.65954494476318,255.696899414062
2018-12-17 01:30:00,0.0,1.49026298522949,198.21369934082
2018-12-17 01:40:00,0.0,0.982306003570556,239.260604858398
2018-12-17 01:50:00,0.0,0.776422202587127,197.759292602539
2018-12-17 02:00:00,0.0,1.32164001464843,197.247695922851
2018-12-17 02:10:00,0.0,0.658023476600646,20.5399894714355
2018-12-17 02:20:00,0.0,2.37061095237731,46.0640296936035
2018-12-17 02:30:00,0.0,2.51123404502868,35.6329307556152
2018-12-17 02:40:00,0.0,2.31062602996826,40.5409088134765
2018-12-17 02:50:00,0.0,2.65953588485717,43.8512802124023
2018-12-17 03:00:00,0.0,2.19789600372314,59.7150115966796
2018-12-17 03:10:00,0.0,3.46512508392333,55.0120086669921
2018-12-17 03:20:00,0.0,2.26791310310363,60.7703208923339
2018-12-17 03:30:00,0.0,2.08498191833496,76.2865371704101
2018-12-17 03:40:00,0.0,1.29929399490356,108.255500793457
2018-12-17 03:50:00,0.0,1.41100001335144,78.7578430175781
2018-12-17 04:00:00,0.0,1.66693401336669,87.7733306884765
2018-12-17 04:10:00,0.0,1.8401540517807,63.9165306091308
2018-12-17 04:20:00,0.0,1.97651505470275,63.7337112426757
2018-12-17 04:30:00,0.0,2.09752392768859,60.5763092041015
2018-12-17 04:40:00,0.0,2.43169808387756,68.299949645996
2018-12-17 04:50:00,0.0,2.73247599601745,69.7245635986328
2018-12-17 05:00:00,0.0,2.83212995529174,87.9677734375
2018-12-17 05:10:00,0.0,2.83557796478271,47.8007087707519
2018-12-17 05:20:00,0.0,3.10155296325683,54.0432891845703
2018-12-17 05:30:00,0.0,3.16836905479431,55.2655601501464
2018-12-17 05:40:00,0.0,3.06808590888977,43.5772705078125
2018-12-17 05:50:00,0.0,3.3382019996643,45.7303504943847
2018-12-17 06:00:00,12.1025400161743,3.91867804527282,50.74898147583
2018-12-17 06:10:00,68.4683685302734,4.10269498825073,49.6869583129882
2018-12-17 06:20:00,77.4921264648437,3.98100900650024,54.1698112487792
2018-12-17 06:30:00,64.7617263793945,3.88894510269165,61.1752204895019
2018-12-17 06:40:00,91.8067321777343,4.09156322479248,61.4187889099121
2018-12-17 06:50:00,102.245498657226,4.05929517745971,65.4359970092773
2018-12-17 07:00:00,96.1536331176757,4.06730079650878,68.2431869506835
2018-12-17 07:10:00,138.560394287109,4.41198301315307,69.5605697631835
2018-12-17 07:20:00,166.200698852539,4.53801488876342,70.1071166992187
2018-12-17 07:30:00,144.388198852539,4.23996114730834,74.4593429565429
2018-12-17 07:40:00,74.9188537597656,3.61272001266479,75.0965194702148
2018-12-17 07:50:00,27.8556499481201,3.10806798934936,82.3227462768554
2018-12-17 08:00:00,19.8215198516845,3.03187894821166,81.8096771240234
2018-12-17 08:10:00,1.6722639799118,2.33163595199584,84.8867034912109
2018-12-17 08:20:00,0.0,2.64526605606079,99.9697036743164
2018-12-17 08:30:00,0.0,3.02379894256591,96.2609634399414
2018-12-17 08:40:00,0.0,3.07056999206542,101.701499938964
2018-12-17 08:50:00,0.0,2.11244988441467,92.6639404296875
2018-12-17 09:00:00,0.0,3.12460303306579,72.939826965332
2018-12-17 09:10:00,0.0,3.2661850452423,76.4655838012695
2018-12-17 09:20:00,0.0,3.134876500476481,69.51416709206319
2018-12-17 09:30:00,0.0,3.0035679557106616,62.56275038285686
2018-12-17 09:40:00,0.0,2.8722594109448427,55.61133367365055
2018-12-17 09:50:00,0.0,2.7409508661790234,48.65991696444423
2018-12-17 10:00:00,0.0,2.6096423214132045,41.70850025523791
2018-12-17 10:10:00,0.0,2.478333776647385,34.757083546031595
2018-12-17 10:20:00,,,
2018-12-17 10:30:00,,,
2018-12-17 10:40:00,,,
2018-12-17 10:50:00,,,
2018-12-17 11:00:00,0.0,1.82179105281829,0.0
2018-12-17 11:10:00,0.0,2.04659509658813,0.0
2018-12-17 11:20:00,0.0,1.63742399215698,300.447113037109
2018-12-17 11:30:00,0.0,1.43890297412872,303.954315185546
2018-12-17 11:40:00,0.0,0.822534203529357,349.315185546875
2018-12-17 11:50:00,0.0,0.746913373470306,20.2399997711181
2018-12-17 12:00:00,0.0,0.496041089296341,326.119995117187
2018-12-17 12:10:00,0.0,0.804725885391235,186.895706176757
2018-12-17 12:20:00,0.0,0.95599740743637,251.887100219726
2018-12-17 12:30:00,0.0,1.0533879995346,277.175689697265
2018-12-17 12:40:00,0.0,0.969371676445007,215.371002197265
2018-12-17 12:50:00,0.0,0.531100392341613,171.548904418945
2018-12-17 13:00:00,0.0,0.750502407550811,177.168304443359
2018-12-17 13:10:00,0.0,0.733014225959777,192.376693725585
2018-12-17 13:20:00,0.0,0.637076020240783,105.072303771972
2018-12-17 13:30:00,0.0,0.715268373489379,245.997604370117
2018-12-17 13:40:00,0.0,0.824563920497894,299.560485839843
2018-12-17 13:50:00,0.0,1.20834398269653,167.959106445312
2018-12-17 14:00:00,0.0,2.10513591766357,238.121704101562
2018-12-17 14:10:00,0.0,2.93656706809997,271.203491210937
2018-12-17 14:20:00,0.0,2.14253997802734,254.734405517578
2018-12-17 14:30:00,0.0,1.85730099678039,260.7958984375
2018-12-17 14:40:00,0.0,2.1637840270996,240.817092895507
2018-12-17 14:50:00,0.0,2.60586094856262,240.831604003906
2018-12-17 15:00:00,0.0,1.88542294502258,252.744598388671
2018-12-17 15:10:00,0.0,2.66829299926757,256.13931274414
2018-12-17 15:20:00,0.0,2.42425990104675,251.369094848632
2018-12-17 15:30:00,0.0,2.10490298271179,257.123413085937
2018-12-17 15:40:00,0.0,1.72037494182586,249.527206420898
2018-12-17 15:50:00,0.0,0.888465523719787,195.211196899414
2018-12-17 16:00:00,0.0,0.868456125259399,95.7473373413085
2018-12-17 16:10:00,0.0,0.704468429088592,78.3650131225585
2018-12-17 16:20:00,0.0,0.998763799667358,15.2319202423095
2018-12-17 16:30:00,0.0,1.620246052742,26.4590301513671
2018-12-17 16:40:00,0.0,0.950966119766235,51.036319732666
2018-12-17 16:50:00,0.0,1.0595599412918,40.8466110229492
2018-12-17 17:00:00,0.0,0.88554161787033,139.434997558593
2018-12-17 17:10:00,0.0,0.666273117065429,97.7642822265625
2018-12-17 17:20:00,0.0,0.827649772167205,346.449188232421
2018-12-17 17:30:00,0.0,2.09748697280883,336.371307373046
2018-12-17 17:40:00,0.0,1.51056003570556,347.715515136718
2018-12-17 17:50:00,0.0,0.756073296070098,42.178050994873
2018-12-17 18:00:00,0.0,0.663834393024444,95.1749572753906
2018-12-17 18:10:00,0.0,1.18440902233123,182.507400512695
2018-12-17 18:20:00,0.0,1.55920302867889,193.684005737304
2018-12-17 18:30:00,0.0,2.03902602195739,167.411102294921
2018-12-17 18:40:00,0.0,2.42563891410827,192.858795166015
2018-12-17 18:50:00,0.0,2.74290204048156,187.80110168457
2018-12-17 19:00:00,0.0,3.50115489959716,194.014099121093
2018-12-17 19:10:00,8.77486896514892,3.61644697189331,192.20539855957
2018-12-17 19:20:00,0.576533913612365,2.81536507606506,203.218704223632
2018-12-17 19:30:00,0.0,1.5472810268402,199.797103881835
2018-12-17 19:40:00,0.0,2.39396691322326,187.763900756835
2018-12-17 19:50:00,0.0,2.11142992973327,193.931198120117
2018-12-17 20:00:00,0.0,2.01280093193054,191.762893676757
2018-12-17 20:10:00,0.0,1.99918496608734,208.527099609375
2018-12-17 20:20:00,0.0,1.5126279592514,214.460494995117
2018-12-17 20:30:00,0.0,1.5012309551239,207.49070739746
2018-12-17 20:40:00,0.0,1.51270699501037,220.108993530273
2018-12-17 20:50:00,0.0,1.40799403190612,204.733093261718
2018-12-17 21:00:00,0.0,1.34815096855163,232.575500488281
2018-12-17 21:10:00,0.0,1.20299398899078,201.443298339843
2018-12-17 21:20:00,0.0,0.81366628408432,222.259292602539
2018-12-17 21:30:00,0.0,0.361772894859314,208.358703613281
2018-12-17 21:40:00,0.0,0.523351311683654,209.57290649414
2018-12-17 21:50:00,0.0,0.318446904420853,210.437606811523
2018-12-17 22:00:00,0.0,0.400312691926956,188.097595214843
2018-12-17 22:10:00,0.0,0.889280498027801,79.5805511474609
2018-12-17 22:20:00,0.0,1.67510795593261,62.1703414916992
2018-12-17 22:30:00,0.0,2.07219409942626,50.5485382080078
2018-12-17 22:40:00,0.0,2.55547595024108,37.7783813476562
2018-12-17 22:50:00,0.0,2.06574606895446,42.7120208740234
2018-12-17 23:00:00,0.0,0.885774314403533,85.6618576049804
2018-12-17 23:10:00,0.0,1.01870501041412,170.946395874023
2018-12-17 23:20:00,0.0,1.21717000007629,123.425498962402
2018-12-17 23:30:00,0.0,1.41139495372772,136.73550415039
2018-12-17 23:40:00,0.0,1.39002597332,136.612899780273
2018-12-17 23:50:00,0.0,1.5683250427246,125.415901184082
2018-12-18 00:00:00,0.0,1.11123502254486,144.801696777343
2018-12-18 00:10:00,0.0,1.17355394363403,139.370697021484
2018-12-18 00:20:00,0.0,0.664153814315795,115.974998474121
2018-12-18 00:30:00,0.0,0.931691110134124,85.3627090454101
2018-12-18 00:40:00,0.0,1.67951500415802,57.8958206176757
2018-12-18 00:50:00,0.0,1.83683395385742,58.0295715332031
2018-12-18 01:00:00,0.0,2.54485988616943,51.71529006958
2018-12-18 01:10:00,0.0,3.24137902259826,49.8568000793457
2018-12-18 01:20:00,0.0,3.95090007781982,51.1641006469726
2018-12-18 01:30:00,23.7970600128173,3.55882000923156,51.9692497253417
2018-12-18 01:40:00,6.939386844635,3.13355803489685,49.1323890686035
2018-12-18 01:50:00,0.0,2.10672903060913,78.6664810180664
2018-12-18 02:00:00,0.0,2.07242202758789,71.668716430664
2018-12-18 02:10:00,0.0,2.30400896072387,81.7156295776367
2018-12-18 02:20:00,0.0,2.71715497970581,71.8585968017578
2018-12-18 02:30:00,0.0,2.25608801841735,72.2880325317382
2018-12-18 02:40:00,0.0,2.94262290000915,71.4892807006835
2018-12-18 02:50:00,0.0,3.69664311408996,67.957778930664
2018-12-18 03:00:00,64.0116500854492,3.89532995223999,55.5810890197753
2018-12-18 03:10:00,97.595703125,4.22284078598022,57.9683494567871
2018-12-18 03:20:00,44.9903106689453,3.82068109512329,66.7774429321289
2018-12-18 03:30:00,0.0,3.11150407791137,86.0158462524414
2018-12-18 03:40:00,0.0,3.27999901771545,96.2665405273437
2018-12-18 03:50:00,0.0,3.21031188964843,78.1876373291015
2018-12-18 04:00:00,0.0,3.53272008895874,67.9747161865234
2018-12-18 04:10:00,76.397346496582,4.09923696517944,57.0791091918945
2018-12-18 04:20:00,201.559997558593,4.80137205123901,55.0752296447753
2018-12-18 04:30:00,152.706298828125,4.514093875885,56.7272605895996
2018-12-18 04:40:00,248.848800659179,4.96637487411499,56.2289810180664
2018-12-18 04:50:00,235.829299926757,4.77543878555297,56.977611541748
2018-12-18 05:00:00,207.838394165039,4.68382310867309,64.2038269042968
2018-12-18 05:10:00,241.784194946289,4.8720269203186,59.7027511596679
2018-12-18 05:20:00,349.795013427734,5.28389978408813,55.5644493103027
2018-12-18 05:30:00,458.81509399414,5.72458887100219,59.8147583007812
2018-12-18 05:40:00,455.737091064453,5.65816307067871,54.6690483093261
2018-12-18 05:50:00,482.12890625,5.73178005218505,52.364330291748
2018-12-18 06:00:00,530.366516113281,5.95187282562255,56.5858306884765
2018-12-18 06:10:00,676.449890136718,6.29671716690063,55.1179695129394
2018-12-18 06:20:00,827.9755859375,6.75474119186401,58.9536209106445
2018-12-18 06:30:00,1238.68103027343,7.63822221755981,59.6679000854492
2018-12-18 06:40:00,1427.25500488281,8.16431427001953,58.5007400512695
2018-12-18 06:50:00,1721.01196289062,8.56769752502441,57.1762504577636
2018-12-18 07:00:00,1925.62805175781,8.95737552642822,55.8231391906738
2018-12-18 07:10:00,1420.78503417968,7.92818021774291,56.1825218200683
2018-12-18 07:20:00,1633.7080078125,8.38922214508056,56.3222999572753
2018-12-18 07:30:00,1411.17102050781,7.8330807685852,56.2854309082031
2018-12-18 07:40:00,850.974670410156,6.60762691497802,59.0144996643066
2018-12-18 07:50:00,937.458923339843,6.82446002960205,55.8917694091796
2018-12-18 08:00:00,1005.36499023437,6.93492078781127,52.0097007751464
2018-12-18 08:10:00,405.888885498046,5.33756017684936,51.5146217346191
2018-12-18 08:20:00,485.920501708984,5.56444978713989,47.8224296569824
2018-12-18 08:30:00,1113.02404785156,7.32058191299438,56.6567993164062
2018-12-18 08:40:00,1283.89501953125,7.59131622314453,56.5251998901367
2018-12-18 08:50:00,1177.748046875,7.41877698898315,53.9616203308105
2018-12-18 09:00:00,1062.50903320312,7.21234083175659,53.1907386779785
2018-12-18 09:10:00,1185.42395019531,7.46469116210937,50.5628395080566
2018-12-18 09:20:00,1197.0009765625,7.49742698669433,53.4325485229492
2018-12-18 09:30:00,1217.29797363281,7.51082611083984,51.1257591247558
2018-12-18 09:40:00,1473.04797363281,7.97981786727905,52.7053413391113
2018-12-18 09:50:00,1090.11596679687,7.19846010208129,51.7468109130859
2018-12-18 10:00:00,1040.75805664062,7.15747880935668,52.4160614013671
2018-12-18 10:10:00,1201.12805175781,7.34893608093261,53.2785911560058
2018-12-18 10:20:00,1400.95300292968,7.77298688888549,50.6540718078613
2018-12-18 10:30:00,1730.10705566406,8.29908752441406,46.7185401916503
2018-12-18 10:40:00,2015.70202636718,8.88023281097412,49.6678199768066
2018-12-18 10:50:00,1446.21704101562,7.70444822311401,46.7170486450195
2018-12-18 11:00:00,1621.06799316406,7.90793514251708,40.8787384033203
2018-12-18 11:10:00,1217.33801269531,7.2399878501892,41.9183006286621
2018-12-18 11:20:00,899.82568359375,6.5488748550415,42.4582405090332
2018-12-18 11:30:00,1504.64501953125,7.74516296386718,40.6380081176757
2018-12-18 11:40:00,2275.38208007812,9.23550987243652,41.9640884399414
2018-12-18 11:50:00,1817.98596191406,8.22626113891601,39.8846702575683
2018-12-18 12:00:00,1670.48803710937,7.92909288406372,47.0060310363769
2018-12-18 12:10:00,1317.71594238281,7.1392970085144,36.956729888916
2018-12-18 12:20:00,1361.51904296875,7.22027921676635,38.0657997131347
2018-12-18 12:30:00,919.93212890625,6.49968481063842,41.5349502563476
2018-12-18 12:40:00,1600.94396972656,7.76116800308227,39.7685089111328
2018-12-18 12:50:00,1714.53100585937,8.36816883087158,44.9236106872558
2018-12-18 13:00:00,1707.50402832031,8.10344314575195,41.6208992004394
2018-12-18 13:10:00,1183.46301269531,6.92091512680053,39.3313217163085
2018-12-18 13:20:00,1361.65295410156,7.21353101730346,35.1640014648437
2018-12-18 13:30:00,1757.86999511718,8.0207347869873,31.8018798828125
2018-12-18 13:40:00,1275.56103515625,7.19258213043212,31.9742393493652
2018-12-18 13:50:00,920.533874511718,6.39352512359619,34.7357215881347
2018-12-18 14:00:00,888.936584472656,6.40147876739501,34.1861610412597
2018-12-18 14:10:00,740.168579101562,6.21825408935546,38.5513801574707
2018-12-18 14:20:00,1011.32098388671,6.71972513198852,33.6493186950683
2018-12-18 14:30:00,1296.25598144531,7.20318889617919,34.2397804260253
2018-12-18 14:40:00,1954.13195800781,8.5082139968872,32.5120697021484
2018-12-18 14:50:00,1633.81103515625,7.83073616027832,35.1664199829101
2018-12-18 15:00:00,1394.79602050781,7.56821489334106,39.630069732666
2018-12-18 15:10:00,1468.90905761718,7.68715715408325,36.2389602661132
2018-12-18 15:20:00,1351.17700195312,7.40349006652832,45.1755409240722
2018-12-18 15:30:00,1702.15100097656,7.96824312210083,44.4231300354003
2018-12-18 15:40:00,1836.97802734375,8.13532161712646,43.7134284973144
2018-12-18 15:50:00,2363.88696289062,9.10406780242919,42.8406295776367
2018-12-18 16:00:00,2480.90698242187,9.19004154205322,44.0083885192871
2018-12-18 16:10:00,2141.09497070312,8.23854827880859,37.1885108947753
2018-12-18 16:20:00,3028.9208984375,10.5241899490356,34.971939086914
2018-12-18 16:30:00,3414.60693359375,11.4246797561645,33.7165298461914
2018-12-18 16:40:00,3508.4208984375,12.5099401473999,32.5103797912597
2018-12-18 16:50:00,3153.8701171875,11.0381498336791,34.1160087585449
2018-12-18 17:00:00,3224.14990234375,11.4014902114868,33.9844093322753
2018-12-18 17:10:00,2885.43603515625,10.2281198501586,36.7139511108398
2018-12-18 17:20:00,2696.61791992187,9.93688297271728,32.6336097717285
2018-12-18 17:30:00,3124.73095703125,10.9857597351074,32.1054191589355
2018-12-18 17:40:00,2600.69702148437,9.78065681457519,37.7804794311523
2018-12-18 17:50:00,3307.5810546875,10.8293600082397,34.080638885498
2018-12-18 18:00:00,3283.56909179687,11.536319732666,31.1711292266845
2018-12-18 18:10:00,3481.39111328125,12.304479598999,34.179588317871
2018-12-18 18:20:00,3536.27587890625,12.2448196411132,34.2705383300781
2018-12-18 18:30:00,3486.287109375,12.4509401321411,31.6479892730712
2018-12-18 18:40:00,3407.7900390625,11.6890497207641,32.3478317260742
2018-12-18 18:50:00,3526.01611328125,12.4602499008178,32.1890602111816
2018-12-18 19:00:00,3550.96899414062,13.1096096038818,34.7415809631347
2018-12-18 19:10:00,3570.11791992187,12.8965196609497,32.68111038208
2018-12-18 19:20:00,3439.958984375,11.7798299789428,33.8031196594238
2018-12-18 19:30:00,3588.90795898437,13.4983100891113,32.5153312683105
2018-12-18 19:40:00,3569.18603515625,13.3671398162841,33.9044609069824
2018-12-18 19:50:00,3594.07592773437,12.9829998016357,32.4091911315917
2018-12-18 20:00:00,3568.06591796875,13.2050399780273,30.6605491638183
2018-12-18 20:10:00,3593.18994140625,13.7579498291015,29.4942798614501
2018-12-18 20:20:00,3577.18188476562,12.9924697875976,33.4575614929199
2018-12-18 20:30:00,3577.19897460937,13.6090297698974,33.3586997985839
2018-12-18 20:40:00,3601.39404296875,15.0881395339965,35.1988906860351
2018-12-18 20:50:00,3584.36596679687,14.022850036621,34.5630989074707
2018-12-18 21:00:00,3436.55590820312,11.5128297805786,26.497049331665
2018-12-18 21:10:00,3585.90991210937,13.1460800170898,24.8701190948486
2018-12-18 21:20:00,3601.09106445312,13.6818199157714,24.1430606842041
2018-12-18 21:30:00,3601.19604492187,14.1656398773193,24.4246006011962
2018-12-18 21:40:00,3601.5830078125,15.3644895553588,26.1151008605957
2018-12-18 21:50:00,3597.98193359375,14.4966802597045,24.84202003479
2018-12-18 22:00:00,3601.17309570312,15.4819803237915,26.4851303100585
2018-12-18 22:10:00,3595.43603515625,15.7762098312377,25.1965599060058
2018-12-18 22:20:00,3601.05810546875,15.4084997177124,24.6408004760742
2018-12-18 22:30:00,3601.01904296875,15.3037300109863,26.3590793609619
2018-12-18 22:40:00,3595.47094726562,15.1711502075195,25.303970336914
2018-12-18 22:50:00,3601.212890625,14.5823802947998,25.7636604309082
2018-12-18 23:00:00,3601.24194335937,14.5956697463989,25.9320697784423
2018-12-18 23:10:00,3601.30908203125,15.6154403686523,28.2471408843994
2018-12-18 23:20:00,3535.36596679687,12.8072099685668,30.0923194885253
2018-12-18 23:30:00,3481.40405273437,13.1616096496582,24.1780395507812
2018-12-18 23:40:00,3541.6689453125,14.1430501937866,26.3360595703125
2018-12-18 23:50:00,3592.52294921875,14.2734098434448,19.205280303955
2018-12-19 00:00:00,3595.0390625,12.7020998001098,20.5044898986816
2018-12-19 00:10:00,3589.7529296875,13.4763202667236,20.6708698272705
2018-12-19 00:20:00,3601.25390625,14.9661598205566,16.5807590484619
2018-12-19 00:30:00,3601.21508789062,14.6262502670288,18.3527698516845
2018-12-19 00:40:00,3601.46801757812,14.2010803222656,17.6746997833251
2018-12-19 00:50:00,3600.47900390625,14.2934103012084,23.5417499542236
2018-12-19 01:00:00,3600.63403320312,14.6772403717041,23.8934803009033
2018-12-19 01:10:00,3601.37109375,14.2491397857666,18.0860691070556
2018-12-19 01:20:00,3600.47094726562,14.9513502120971,21.6818103790283
2018-12-19 01:30:00,3597.1689453125,14.3711700439453,21.2247104644775
2018-12-19 01:40:00,3601.15600585937,15.3784704208374,19.0857696533203
2018-12-19 01:50:00,3601.4541015625,14.2576503753662,15.2058296203613
2018-12-19 02:00:00,3601.3740234375,15.1588897705078,15.047869682312
2018-12-19 02:10:00,3598.3310546875,14.0325202941894,17.8173599243164
2018-12-19 02:20:00,3363.10205078125,12.7582397460937,18.7066593170166
2018-12-19 02:30:00,3535.5810546875,12.6513795852661,18.8873996734619
2018-12-19 02:40:00,3553.54711914062,12.4489603042602,11.8651399612426
2018-12-19 02:50:00,3592.39892578125,13.3475399017333,12.6564598083496
2018-12-19 03:00:00,3600.4619140625,13.5363702774047,12.8016395568847
2018-12-19 03:10:00,3598.3330078125,13.7706899642944,11.6044797897338
2018-12-19 03:20:00,3601.1220703125,14.2908401489257,11.495750427246
2018-12-19 03:30:00,3572.76196289062,13.8248195648193,11.4626398086547
2018-12-19 03:40:00,3512.93994140625,13.8335103988647,11.3677501678466
2018-12-19 03:50:00,3508.81201171875,13.0833597183227,10.7360296249389
2018-12-19 04:00:00,3432.23999023437,13.5722103118896,9.8420066833496
2018-12-19 04:10:00,2815.36889648437,13.1100597381591,8.43442153930664
2018-12-19 04:20:00,2438.98193359375,13.230369567871,6.51353979110717
2018-12-19 04:30:00,2378.39306640625,13.9485397338867,6.53748512268066
2018-12-19 04:40:00,2389.73193359375,13.7440395355224,7.17081403732299
2018-12-19 04:50:00,2367.18798828125,13.2588901519775,6.78013181686401
2018-12-19 05:00:00,2413.28295898437,13.5323495864868,6.13845300674438
2018-12-19 05:10:00,2367.72607421875,13.0801200866699,6.55003213882446
2018-12-19 05:20:00,2374.47094726562,13.38623046875,7.90453720092773
2018-12-19 05:30:00,2252.8701171875,11.8591604232788,12.1307401657104
2018-12-19 05:40:00,2088.09912109375,9.97288036346435,6.4434118270874
2018-12-19 05:50:00,2051.44702148437,10.3080101013183,2.69211506843566
2018-12-19 06:00:00,2162.75,10.8462600708007,7.05297899246215
2018-12-19 06:10:00,2186.79809570312,11.6666803359985,9.2912483215332
2018-12-19 06:20:00,2256.59912109375,12.226050376892,9.79889488220214
2018-12-19 06:30:00,2210.92993164062,12.5569095611572,8.73631954193115
2018-12-19 06:40:00,2245.498046875,13.5570001602172,8.12236785888671
2018-12-19 06:50:00,2239.2470703125,13.0470600128173,8.81240844726562
2018-12-19 07:00:00,2184.88305664062,11.699589729309,7.48497581481933
2018-12-19 07:10:00,2263.09106445312,12.3035097122192,7.69724798202514
2018-12-19 07:20:00,2113.26708984375,10.4261398315429,7.39072799682617
2018-12-19 07:30:00,2259.7548828125,12.5420598983764,8.56257343292236
2018-12-19 07:40:00,2287.67309570312,12.6676797866821,8.50486373901367
2018-12-19 07:50:00,2285.59008789062,11.5891103744506,8.37400341033935
2018-12-19 08:00:00,2092.712890625,10.4763002395629,4.48191881179809
2018-12-19 08:10:00,1933.17395019531,9.94380283355712,356.315704345703
2018-12-19 08:20:00,1976.26904296875,10.614990234375,356.122192382812
2018-12-19 08:30:00,1972.24096679687,10.8784303665161,356.940307617187
2018-12-19 08:40:00,1891.55395507812,10.7562799453735,356.616485595703
2018-12-19 08:50:00,1822.89794921875,10.6028699874877,356.740112304687
2018-12-19 09:00:00,1818.69201660156,11.2335500717163,356.852508544921
2018-12-19 09:10:00,1774.26098632812,11.320119857788,357.32080078125
2018-12-19 09:20:00,1718.57397460937,10.838620185852,357.488098144531
2018-12-19 09:30:00,1668.53503417968,11.2001895904541,357.958892822265
2018-12-19 09:40:00,1573.84204101562,11.6189403533935,357.27490234375
2018-12-19 09:50:00,1055.07702636718,10.61203956604,356.696105957031
2018-12-19 10:00:00,1063.83898925781,11.2402200698852,356.967010498046
2018-12-19 10:10:00,775.766479492187,10.3022403717041,356.524597167968
2018-12-19 10:20:00,766.856506347656,9.68932247161865,357.158508300781
2018-12-19 10:30:00,834.370727539062,10.321660041809,357.713409423828
2018-12-19 10:40:00,699.728210449218,9.89971446990966,357.19400024414
2018-12-19 10:50:00,526.748779296875,8.58695793151855,357.116485595703
2018-12-19 11:00:00,710.285095214843,9.51360988616943,357.15591430664
2018-12-19 11:10:00,728.279479980468,9.78605270385742,357.810394287109
2018-12-19 11:20:00,641.308471679687,9.09061622619628,357.033508300781
2018-12-19 11:30:00,590.684875488281,8.64444828033447,359.600799560546
2018-12-19 11:40:00,644.867614746093,8.96165466308593,2.84771800041198
2018-12-19 11:50:00,659.91357421875,8.85015106201171,2.1537389755249
2018-12-19 12:00:00,717.690673828125,9.12107563018798,1.33857703208923
2018-12-19 12:10:00,687.479675292968,8.59460163116455,1.08210802078247
2018-12-19 12:20:00,674.707824707031,8.66788482666015,0.953871011734008
2018-12-19 12:30:00,549.281616210937,7.97357892990112,6.95480585098266
2018-12-19 12:40:00,554.392700195312,8.32504081726074,6.23589086532592
2018-12-19 12:50:00,470.583587646484,8.27796363830566,5.94642686843872
2018-12-19 13:00:00,473.275207519531,8.6211929321289,6.65474796295166
2018-12-19 13:10:00,449.673309326171,8.12817001342773,7.42886495590209
2018-12-19 13:20:00,504.468200683593,8.19674682617187,6.76600980758666
2018-12-19 13:30:00,481.746490478515,8.69363689422607,6.44512510299682
2018-12-19 13:40:00,616.231323242187,9.39369773864746,7.24710798263549
2018-12-19 13:50:00,517.172424316406,8.93686866760253,7.63129186630249
2018-12-19 14:00:00,462.662689208984,8.74592876434326,8.10267925262451
2018-12-19 14:10:00,439.507598876953,8.48792552947998,4.19872617721557
2018-12-19 14:20:00,447.286804199218,8.39840126037597,2.2039361000061
2018-12-19 14:30:00,406.900390625,8.111741065979,2.78018903732299
2018-12-19 14:40:00,416.122314453125,8.72126674652099,4.03088283538818
2018-12-19 14:50:00,415.027099609375,8.76860332489013,9.24868011474609
2018-12-19 15:00:00,382.529998779296,8.43788337707519,11.437569618225
2018-12-19 15:10:00,391.554992675781,8.73073101043701,11.4621696472167
2018-12-19 15:20:00,368.610412597656,8.81867980957031,10.5476903915405
2018-12-19 15:30:00,348.700103759765,8.59587287902832,11.2672004699707
2018-12-19 15:40:00,363.815887451171,9.0629186630249,11.3123397827148
2018-12-19 15:50:00,313.184295654296,8.26464557647705,12.5402898788452
2018-12-19 16:00:00,310.730712890625,8.64752578735351,11.9505195617675
2018-12-19 16:10:00,321.759704589843,8.55216598510742,14.9950399398803
2018-12-19 16:20:00,341.100891113281,9.08530521392822,13.4346303939819
2018-12-19 16:30:00,354.730804443359,9.53029441833496,13.3814496994018
2018-12-19 16:40:00,362.809204101562,9.91634845733642,13.8177404403686
2018-12-19 16:50:00,305.099487304687,9.38117408752441,11.9121503829956
2018-12-19 17:00:00,265.074005126953,8.98094654083251,14.4395399093627
2018-12-19 17:10:00,199.556701660156,8.39490604400634,14.3134698867797
2018-12-19 17:20:00,232.256896972656,9.01496028900146,14.6125802993774
2018-12-19 17:30:00,139.330993652343,8.34489059448242,13.742070198059
2018-12-19 17:40:00,151.732803344726,8.77329921722412,14.1351804733276
2018-12-19 17:50:00,108.188003540039,8.76385879516601,13.7569303512573
2018-12-19 18:00:00,64.3553466796875,8.45167446136474,13.2532901763916
2018-12-19 18:10:00,6.69667387008666,7.60010004043579,14.8027896881103
2018-12-19 18:20:00,0.0,8.17599201202392,16.8692893981933
2018-12-19 18:30:00,0.0,7.70918798446655,20.9329395294189
2018-12-19 18:40:00,0.0,7.13542604446411,24.7651996612548
2018-12-19 18:50:00,0.0,6.95573902130126,19.8588600158691
2018-12-19 19:00:00,0.0,7.07143306732177,18.7401504516601
2018-12-19 19:10:00,0.0,6.71092510223388,21.6468601226806
2018-12-19 19:20:00,0.0,6.38597202301025,22.8737392425537
2018-12-19 19:30:00,0.0,6.42075490951538,21.0624504089355
2018-12-19 19:40:00,0.0,6.24040412902832,18.3854694366455
2018-12-19 19:50:00,0.0,6.61765623092651,20.9420299530029
2018-12-19 20:00:00,0.0,6.49536180496215,26.6078605651855
2018-12-19 20:10:00,0.0,6.15066814422607,21.100040435791
2018-12-19 20:20:00,0.0,6.08639621734619,23.0732402801513
2018-12-19 20:30:00,0.0,6.45634412765502,23.5880107879638
2018-12-19 20:40:00,0.0,5.9421272277832,25.9640598297119
2018-12-19 20:50:00,0.0,5.9229040145874,27.878189086914
2018-12-19 21:00:00,0.0,6.02636814117431,28.7698097229003
2018-12-19 21:10:00,0.0,6.38378095626831,26.3375205993652
2018-12-19 21:20:00,0.0,6.30990982055664,26.5319690704345
2018-12-19 21:30:00,0.0,6.09353017807006,28.0272598266601
2018-12-19 21:40:00,0.0,6.22476291656494,24.4506301879882
2018-12-19 21:50:00,0.0,6.62568283081054,25.6972103118896
2018-12-19 22:00:00,0.0,6.61584615707397,26.9346599578857
2018-12-19 22:10:00,0.0,5.89069080352783,21.7376308441162
2018-12-19 22:20:00,0.0,6.20025920867919,22.290470123291
2018-12-19 22:30:00,0.0,5.86466884613037,20.5001106262207
2018-12-19 22:40:00,0.0,5.98466205596923,24.2264194488525
2018-12-19 22:50:00,0.0,5.34262514114379,31.6552505493164
2018-12-19 23:00:00,0.0,5.79193019866943,34.4794883728027
2018-12-19 23:10:00,0.0,5.48798990249633,32.1888084411621
2018-12-19 23:20:00,0.0,4.64596891403198,32.2732887268066
2018-12-19 23:30:00,0.0,6.21514177322387,26.2909908294677
2018-12-19 23:40:00,0.0,6.0647587776184,35.5828285217285
2018-12-19 23:50:00,0.0,6.07055616378784,42.1116981506347
2018-12-20 00:00:00,0.0,6.14595794677734,38.7605285644531
2018-12-20 00:10:00,0.0,5.95770692825317,36.1369400024414
2018-12-20 00:20:00,0.0,6.37413883209228,38.0224685668945
2018-12-20 00:30:00,0.0,5.89524793624877,40.1728210449218
2018-12-20 00:40:00,0.0,5.75396013259887,40.73583984375
2018-12-20 00:50:00,0.0,5.4361572265625,43.7623405456542
2018-12-20 01:00:00,0.0,5.702880859375,42.4003601074218
2018-12-20 01:10:00,0.0,6.57607078552246,41.8761711120605
2018-12-20 01:20:00,0.0,6.15620613098144,41.0325012207031
2018-12-20 01:30:00,0.0,6.41116189956665,37.6840782165527
2018-12-20 01:40:00,0.0,6.13723516464233,41.3880615234375
2018-12-20 01:50:00,0.0,6.7995867729187,42.6800003051757
2018-12-20 02:00:00,0.0,6.21105623245239,45.0518417358398
2018-12-20 02:10:00,0.0,6.18327808380126,51.1744689941406
2018-12-20 02:20:00,0.0,6.14550590515136,51.7134284973144
2018-12-20 02:30:00,0.0,6.46420097351074,55.5957603454589
2018-12-20 02:40:00,0.0,6.56182384490966,57.3474082946777
2018-12-20 02:50:00,0.0,5.71406078338623,50.3058204650878
2018-12-20 03:00:00,0.0,5.70207786560058,54.805908203125
2018-12-20 03:10:00,0.0,6.45990085601806,56.2735214233398
2018-12-20 03:20:00,0.0,6.86707210540771,55.5367393493652
2018-12-20 03:30:00,0.0,6.96425485610961,57.9422302246093
2018-12-20 03:40:00,0.0,6.9345908164978,62.1507606506347
2018-12-20 03:50:00,0.0,6.7501630783081,66.5149612426757
2018-12-20 04:00:00,0.0,6.74599409103393,67.3659591674804
2018-12-20 04:10:00,0.0,6.98765087127685,65.8412170410156
2018-12-20 04:20:00,0.0,6.67930316925048,66.8923110961914
2018-12-20 04:30:00,0.0,6.48988914489746,64.8131484985351
2018-12-20 04:40:00,0.0,6.36674118041992,60.2223510742187
2018-12-20 04:50:00,0.0,6.70881986618041,59.5374412536621
2018-12-20 05:00:00,0.0,6.26444101333618,56.9673805236816
2018-12-20 05:10:00,0.0,6.41515588760375,58.7917594909667
2018-12-20 05:20:00,0.0,5.52588319778442,51.0689506530761
2018-12-20 05:30:00,0.0,5.21774387359619,52.1767387390136
2018-12-20 05:40:00,0.0,5.35956287384033,57.2617301940917
2018-12-20 05:50:00,0.0,5.40173482894897,52.6270904541015
2018-12-20 06:00:00,0.0,6.20867490768432,57.7157287597656
2018-12-20 06:10:00,0.0,6.01924610137939,60.9743614196777
2018-12-20 06:20:00,0.0,5.14729976654052,67.1935195922851
2018-12-20 06:30:00,0.0,5.95085620880126,64.4799270629882
2018-12-20 06:40:00,0.0,6.1547417640686,60.604621887207
2018-12-20 06:50:00,0.0,6.33941411972045,58.0428009033203
2018-12-20 07:00:00,0.0,5.6585521697998,65.4449081420898
2018-12-20 07:10:00,0.0,5.31418800354003,68.490119934082
2018-12-20 07:20:00,0.0,6.08230400085449,73.1498184204101
2018-12-20 07:30:00,0.0,5.8161129951477,77.7785415649414
2018-12-20 07:40:00,0.0,4.86218786239624,82.7686691284179
2018-12-20 07:50:00,0.0,4.84094095230102,81.8123779296875
2018-12-20 08:00:00,0.0,4.1711368560791,74.4175109863281
2018-12-20 08:10:00,0.0,4.34085798263549,88.5226364135742
2018-12-20 08:20:00,0.0,4.00399923324584,83.1794281005859
2018-12-20 08:30:00,0.0,3.4141399860382,91.1688766479492
2018-12-20 08:40:00,0.0,3.21709108352661,84.1456604003906
2018-12-20 08:50:00,0.0,3.30548691749572,59.7805709838867
2018-12-20 09:00:00,0.0,2.76715493202209,59.1525688171386
2018-12-20 09:10:00,0.0,2.71372604370117,78.4465637207031
2018-12-20 09:20:00,0.0,3.64439892768859,85.2881927490234
2018-12-20 09:30:00,0.0,2.9405300617218,81.6168823242187
2018-12-20 09:40:00,0.0,3.32386493682861,92.6574096679687
2018-12-20 09:50:00,0.0,2.40388989448547,102.860801696777
2018-12-20 10:00:00,0.0,2.77983307838439,94.0888214111328
2018-12-20 10:10:00,0.0,2.78515601158142,92.3628234863281
2018-12-20 10:20:00,0.0,2.37144804000854,85.2197036743164
2018-12-20 10:30:00,0.0,3.50213599205017,91.0213165283203
2018-12-20 10:40:00,0.0,3.21848201751708,96.2600631713867
2018-12-20 10:50:00,0.0,3.95378494262695,93.1923828125
2018-12-20 11:00:00,0.0,4.30205011367797,92.9173202514648
2018-12-20 11:10:00,0.0,4.79004096984863,105.804496765136
2018-12-20 11:20:00,0.0,4.99125099182128,98.1312637329101
2018-12-20 11:30:00,0.0,4.19639015197753,94.1143188476562
2018-12-20 11:40:00,0.0,4.50848007202148,97.6134719848632
2018-12-20 11:50:00,0.0,3.61100101470947,95.4950103759765
2018-12-20 12:00:00,0.0,4.41079378128051,87.4480209350585
2018-12-20 12:10:00,0.0,4.06988811492919,82.8016510009765
2018-12-20 12:20:00,0.0,4.91586303710937,78.2662734985351
2018-12-20 12:30:00,0.0,5.16023588180541,92.8043518066406
2018-12-20 12:40:00,0.0,4.53182792663574,91.5528717041015
2018-12-20 12:50:00,0.0,5.24503898620605,89.7043762207031
2018-12-20 13:00:00,0.0,5.03381204605102,89.8263397216796
2018-12-20 13:10:00,0.0,5.65711688995361,87.1656417846679
2018-12-20 13:20:00,0.0,5.3926830291748,88.0492706298828
2018-12-20 13:30:00,0.0,4.98554706573486,87.223876953125
2018-12-20 13:40:00,0.0,5.18586492538452,87.962059020996
2018-12-20 13:50:00,0.0,4.64204883575439,100.020401000976
2018-12-20 14:00:00,0.0,4.19684314727783,98.5038909912109
2018-12-20 14:10:00,0.0,4.69317293167114,102.743499755859
2018-12-20 14:20:00,0.0,5.69034481048583,109.718200683593
2018-12-20 14:30:00,0.0,6.11908388137817,109.338996887207
2018-12-20 14:40:00,0.0,5.40814685821533,106.154899597167
2018-12-20 14:50:00,0.0,5.56618022918701,108.847396850585
2018-12-20 15:00:00,0.0,6.03158903121948,110.58689880371
2018-12-20 15:10:00,0.0,6.6020278930664,110.54930114746
2018-12-20 15:20:00,0.0,6.51533699035644,114.103698730468
2018-12-20 15:30:00,0.0,5.93426513671875,112.520896911621
2018-12-20 15:40:00,0.0,5.80004501342773,108.839302062988
2018-12-20 15:50:00,0.0,6.06962585449218,110.053199768066
2018-12-20 16:00:00,0.0,6.13858604431152,110.94049835205
2018-12-20 16:10:00,0.0,6.90382289886474,115.223098754882
2018-12-20 16:20:00,0.0,7.28720092773437,117.230400085449
2018-12-20 16:30:00,0.0,8.15362834930419,119.596099853515
2018-12-20 16:40:00,0.0,9.04738426208496,121.659103393554
2018-12-20 16:50:00,0.0,7.33253288269042,130.416900634765
2018-12-20 17:00:00,0.0,4.90233707427978,135.074493408203
2018-12-20 17:10:00,0.0,3.12999391555786,139.801803588867
2018-12-20 17:20:00,0.0,1.50378501415252,170.371704101562
2018-12-20 17:30:00,0.0,1.75036704540252,245.714294433593
2018-12-20 17:40:00,0.0,3.0080668926239,277.697113037109
2018-12-20 17:50:00,0.0,4.10754108428955,294.603393554687
2018-12-20 18:00:00,0.0,2.83099389076232,276.94009399414
2018-12-20 18:10:00,0.0,2.30014610290527,230.634399414062
2018-12-20 18:20:00,0.0,2.17114210128784,254.85530090332
2018-12-20 18:30:00,0.0,3.60911297798156,281.261993408203
2018-12-20 18:40:00,0.0,4.30752182006835,280.541290283203
2018-12-20 18:50:00,0.0,4.50569200515747,286.517395019531
2018-12-20 19:00:00,0.0,4.19501018524169,279.968688964843
2018-12-20 19:10:00,0.0,3.01747107505798,271.432708740234
2018-12-20 19:20:00,0.0,3.09329009056091,259.124298095703
2018-12-20 19:30:00,0.0,3.56726002693176,238.621994018554
2018-12-20 19:40:00,0.0,2.70587611198425,232.587600708007
2018-12-20 19:50:00,0.0,2.00488400459289,232.562194824218
2018-12-20 20:00:00,0.0,1.78364896774291,251.724197387695
2018-12-20 20:10:00,0.0,1.84409499168395,238.617095947265
2018-12-20 20:20:00,0.0,1.59983897209167,232.090393066406
2018-12-20 20:30:00,0.0,1.51849198341369,219.030700683593
2018-12-20 20:40:00,0.0,2.20637488365173,228.621994018554
2018-12-20 20:50:00,0.0,2.09437704086303,228.097198486328
2018-12-20 21:00:00,0.0,1.93849194049835,246.674606323242
2018-12-20 21:10:00,0.0,2.04825091361999,237.272094726562
2018-12-20 21:20:00,0.0,2.48962998390197,234.743194580078
2018-12-20 21:30:00,0.0,3.24657106399536,254.730804443359
2018-12-20 21:40:00,0.0,3.52900791168212,256.26089477539
2018-12-20 21:50:00,0.0,3.76384902000427,244.097900390625
2018-12-20 22:00:00,0.0,3.30858492851257,245.155303955078
2018-12-20 22:10:00,0.0,3.13436198234558,257.7421875
2018-12-20 22:20:00,0.0,3.3609459400177,259.437896728515
2018-12-20 22:30:00,0.0,3.63100290298461,258.429595947265
2018-12-20 22:40:00,0.0,3.916433095932,268.965087890625
2018-12-20 22:50:00,0.0,2.9232439994812,258.075500488281
2018-12-20 23:00:00,0.0,2.34510993957519,269.100494384765
2018-12-20 23:10:00,0.0,2.75213694572448,249.344192504882
2018-12-20 23:20:00,0.0,3.49768209457397,238.125106811523
2018-12-20 23:30:00,0.0,2.85528898239135,245.69529724121
2018-12-20 23:40:00,0.0,4.44455385208129,229.494705200195
2018-12-20 23:50:00,0.0,3.57274293899536,249.84260559082
2018-12-21 00:00:00,0.0,2.77110004425048,241.865905761718
2018-12-21 00:10:00,0.0,2.17046403884887,235.400207519531
2018-12-21 00:20:00,0.0,2.77490210533142,226.748504638671
2018-12-21 00:30:00,0.0,3.72243404388427,225.14599609375
2018-12-21 00:40:00,0.0,4.38761281967163,239.438598632812
2018-12-21 00:50:00,0.0,4.3493309020996,244.960906982421
2018-12-21 01:00:00,0.0,2.87733197212219,247.491302490234
2018-12-21 01:10:00,0.0,3.12047505378723,250.140502929687
2018-12-21 01:20:00,0.0,4.24212408065795,236.98030090332
2018-12-21 01:30:00,0.0,4.36158180236816,236.992797851562
2018-12-21 01:40:00,0.0,4.04060411453247,241.488296508789
2018-12-21 01:50:00,0.0,3.74255394935607,256.232299804687
2018-12-21 02:00:00,0.0,3.48053193092346,255.213806152343
2018-12-21 02:10:00,0.0,3.01057291030883,263.864013671875
2018-12-21 02:20:00,0.0,3.35273003578186,258.812286376953
2018-12-21 02:30:00,0.0,3.81973910331726,236.822799682617
2018-12-21 02:40:00,0.0,3.51650309562683,227.000396728515
2018-12-21 02:50:00,0.0,4.19627714157104,223.38589477539
2018-12-21 03:00:00,0.0,3.88532710075378,237.453292846679
2018-12-21 03:10:00,0.0,3.30086207389831,232.633804321289
2018-12-21 03:20:00,0.0,3.36805510520935,237.530700683593
2018-12-21 03:30:00,0.0,4.18958902359008,234.88670349121
2018-12-21 03:40:00,0.0,3.46030306816101,232.223403930664
2018-12-21 03:50:00,0.0,3.05375003814697,237.119903564453
2018-12-21 04:00:00,0.0,3.64919209480285,227.281997680664
2018-12-21 04:10:00,0.0,3.48443007469177,228.863296508789
2018-12-21 04:20:00,0.0,4.0722279548645,219.058303833007
2018-12-21 04:30:00,0.0,3.5458960533142,213.917007446289
2018-12-21 04:40:00,0.0,4.69389104843139,201.892196655273
2018-12-21 04:50:00,0.0,6.50988101959228,192.256698608398
2018-12-21 05:00:00,425.055511474609,7.43562507629394,189.864395141601
2018-12-21 05:10:00,1384.03796386718,7.04541015625,174.455307006835
2018-12-21 05:20:00,743.173583984375,5.51120090484619,161.480102539062
2018-12-21 05:30:00,137.682296752929,3.56033492088317,164.181900024414
2018-12-21 05:40:00,20.3051795959472,2.64875602722167,175.433197021484
2018-12-21 05:50:00,4.73060798645019,2.15774703025817,172.074401855468
2018-12-21 06:00:00,0.0,1.54723501205444,173.112197875976
2018-12-21 06:10:00,0.0,1.89949202537536,166.904296875
2018-12-21 06:20:00,0.0,2.15305089950561,184.743606567382
2018-12-21 06:30:00,0.0,2.49737811088562,156.697799682617
2018-12-21 06:40:00,0.0,2.10393905639648,142.739700317382
2018-12-21 06:50:00,0.0,1.3519150018692,147.374298095703
2018-12-21 07:00:00,0.0,1.77321600914001,156.728103637695
2018-12-21 07:10:00,0.0,1.40398299694061,176.416595458984
2018-12-21 07:20:00,0.0,2.64031291007995,217.781097412109
2018-12-21 07:30:00,0.0,3.61826801300048,227.282806396484
2018-12-21 07:40:00,0.0,3.19986391067504,209.82290649414
2018-12-21 07:50:00,0.0,2.87811589241027,210.649200439453
2018-12-21 08:00:00,0.0,3.68504405021667,211.495895385742
2018-12-21 08:10:00,0.0,3.71827292442321,219.792602539062
2018-12-21 08:20:00,159.296005249023,4.18901491165161,214.18310546875
2018-12-21 08:30:00,111.559997558593,3.5558910369873,205.401596069335
2018-12-21 08:40:00,81.9942932128906,3.23287200927734,202.546096801757
2018-12-21 08:50:00,343.506286621093,5.06977701187133,195.917297363281
2018-12-21 09:00:00,265.447113037109,4.76281785964965,188.77439880371
2018-12-21 09:10:00,238.274795532226,4.36751699447631,189.463302612304
2018-12-21 09:20:00,116.018402099609,3.55463910102844,198.385803222656
2018-12-21 09:30:00,222.413696289062,4.33137798309326,189.997802734375
2018-12-21 09:40:00,61.2093505859375,3.34697008132934,210.00830078125
2018-12-21 09:50:00,139.05239868164,3.90847206115722,193.546997070312
2018-12-21 10:00:00,491.927612304687,5.50225114822387,182.750396728515
2018-12-21 10:10:00,130.385604858398,3.97685599327087,187.80320739746
2018-12-21 10:20:00,453.94970703125,5.4526720046997,189.311492919921
2018-12-21 10:30:00,506.217193603515,5.75309801101684,189.238998413085
2018-12-21 10:40:00,794.655212402343,6.62738990783691,188.475402832031
2018-12-21 10:50:00,488.891204833984,5.66625118255615,188.656997680664
2018-12-21 11:00:00,377.351806640625,4.98592615127563,190.721801757812
2018-12-21 11:10:00,430.873504638671,5.38949489593505,193.038696289062
2018-12-21 11:20:00,336.299285888671,4.89557600021362,193.281494140625
2018-12-21 11:30:00,419.346313476562,5.29007101058959,192.354797363281
2018-12-21 11:40:00,591.901916503906,6.03560400009155,197.281005859375
2018-12-21 11:50:00,941.260925292968,7.19561386108398,200.381607055664
2018-12-21 12:00:00,669.80810546875,6.206383228302,199.964797973632
2018-12-21 12:10:00,629.610473632812,6.14206886291503,199.070098876953
2018-12-21 12:20:00,1042.66101074218,7.36070013046264,202.996795654296
2018-12-21 12:30:00,893.44580078125,7.00933599472045,208.516693115234
2018-12-21 12:40:00,1149.49194335937,7.38275384902954,209.585296630859
2018-12-21 12:50:00,1366.15502929687,8.07586097717285,205.853302001953
2018-12-21 13:00:00,1626.97497558593,8.40958595275878,208.613800048828
2018-12-21 13:10:00,1537.68798828125,8.29670429229736,209.921203613281
2018-12-21 13:20:00,1346.65905761718,7.88018608093261,208.11279296875
2018-12-21 13:30:00,1236.10498046875,7.64320707321166,207.891403198242
2018-12-21 13:40:00,1134.40197753906,7.46317100524902,203.163803100585
2018-12-21 13:50:00,1250.57397460937,7.78788518905639,205.839492797851
2018-12-21 14:00:00,1542.13098144531,8.39105033874511,212.08039855957
2018-12-21 14:10:00,1561.81799316406,8.60988235473632,217.118194580078
2018-12-21 14:20:00,1467.16296386718,8.44030380249023,218.728805541992
2018-12-21 14:30:00,1369.01098632812,8.2055320739746,216.411407470703
2018-12-21 14:40:00,1332.03100585937,8.03649139404296,216.5791015625
2018-12-21 14:50:00,732.561706542968,6.38132095336914,219.90950012207
2018-12-21 15:00:00,312.153106689453,5.17999982833862,219.723403930664
2018-12-21 15:10:00,628.283813476562,6.36928701400756,216.695404052734
2018-12-21 15:20:00,652.795288085937,6.24517822265625,217.506195068359
2018-12-21 15:30:00,545.355529785156,5.9048581123352,219.69920349121
2018-12-21 15:40:00,657.6904296875,6.43849277496337,219.549896240234
2018-12-21 15:50:00,698.064880371093,6.48058795928955,219.151000976562
2018-12-21 16:00:00,1071.61596679687,7.63481283187866,213.70849609375
2018-12-21 16:10:00,1688.57299804687,8.52399444580078,214.51480102539
2018-12-21 16:20:00,2095.01000976562,9.0803804397583,212.889892578125
2018-12-21 16:30:00,2268.48706054687,9.18259334564208,214.413192749023
2018-12-21 16:40:00,2401.58203125,9.64177417755126,216.222503662109
2018-12-21 16:50:00,1642.63000488281,8.13786029815673,224.171997070312
2018-12-21 17:00:00,1877.50695800781,8.56809711456298,217.625701904296
2018-12-21 17:10:00,1624.80004882812,8.2631492614746,221.672698974609
2018-12-21 17:20:00,1377.52404785156,7.70196676254272,227.800994873046
2018-12-21 17:30:00,1341.10302734375,7.61705493927001,220.036895751953
2018-12-21 17:40:00,1081.84094238281,6.9441499710083,219.034301757812
2018-12-21 17:50:00,641.567504882812,5.88668012619018,219.258407592773
2018-12-21 18:00:00,815.688720703125,6.54160594940185,221.91600036621
2018-12-21 18:10:00,974.74658203125,6.82216882705688,220.392395019531
2018-12-21 18:20:00,1127.06994628906,6.96837902069091,215.985000610351
2018-12-21 18:30:00,831.593994140625,6.17530918121337,220.128799438476
2018-12-21 18:40:00,583.826599121093,5.69535207748413,205.957702636718
2018-12-21 18:50:00,1329.40295410156,8.0965871810913,208.451797485351
2018-12-21 19:00:00,1416.79296875,7.84641218185424,210.749603271484
2018-12-21 19:10:00,1279.13195800781,7.79964590072631,206.547500610351
2018-12-21 19:20:00,1874.98498535156,8.63710498809814,213.25390625
2018-12-21 19:30:00,2047.0439453125,9.15539741516113,219.196594238281
2018-12-21 19:40:00,1803.13195800781,8.49543571472167,218.756393432617
2018-12-21 19:50:00,1407.24499511718,7.56816101074218,226.002395629882
2018-12-21 20:00:00,893.988525390625,6.42775297164916,229.431198120117
2018-12-21 20:10:00,1223.88903808593,7.23400402069091,211.559005737304
2018-12-21 20:20:00,1446.291015625,7.688325881958,209.618392944335
2018-12-21 20:30:00,1689.99304199218,8.52827453613281,207.814697265625
2018-12-21 20:40:00,2047.11596679687,8.79999446868896,207.081298828125
2018-12-21 20:50:00,1873.61303710937,8.62078189849853,207.756698608398
2018-12-21 21:00:00,2073.1708984375,9.47388553619384,205.070007324218
2018-12-21 21:10:00,2198.94189453125,9.51559352874755,203.788803100585
2018-12-21 21:20:00,2094.8359375,9.18506145477294,205.271392822265
2018-12-21 21:30:00,1674.8759765625,8.13492012023925,210.763000488281
2018-12-21 21:40:00,1000.9819946289,6.88220500946044,214.53660583496
2018-12-21 21:50:00,1008.38800048828,6.88276100158691,228.132904052734
2018-12-21 22:00:00,1155.25402832031,7.09082603454589,225.437103271484
2018-12-21 22:10:00,1327.65295410156,7.60075807571411,223.298095703125
2018-12-21 22:20:00,1510.61999511718,8.01114082336425,219.307800292968
2018-12-21 22:30:00,1333.60205078125,7.84957695007324,211.930999755859
2018-12-21 22:40:00,1388.26293945312,7.52155208587646,209.181396484375
2018-12-21 22:50:00,1483.10900878906,7.47417306900024,210.667495727539
2018-12-21 23:00:00,1539.61303710937,7.68418502807617,208.943099975585
2018-12-21 23:10:00,1410.95202636718,7.6196699142456,209.735107421875
2018-12-21 23:20:00,1832.71301269531,8.61038398742675,205.794601440429
2018-12-21 23:30:00,2109.17700195312,9.46790122985839,204.589599609375
2018-12-21 23:40:00,2054.791015625,9.38119220733642,202.267105102539
2018-12-21 23:50:00,2494.38403320312,10.0165796279907,203.285903930664
2018-12-22 00:00:00,2849.19702148437,10.7377195358276,203.704299926757
2018-12-22 00:10:00,3350.26806640625,12.011300086975,201.777297973632
2018-12-22 00:20:00,3602.26806640625,13.5094900131225,204.523406982421
2018-12-22 00:30:00,3602.10009765625,13.0972900390625,203.142303466796
2018-12-22 00:40:00,3566.32006835937,12.2456502914428,202.436203002929
2018-12-22 00:50:00,3123.02709960937,10.5050897598266,206.65559387207
2018-12-22 01:00:00,2813.80688476562,9.97465324401855,206.938995361328
2018-12-22 01:10:00,2603.37109375,9.59915447235107,206.483703613281
2018-12-22 01:20:00,2605.48388671875,9.80380058288574,207.15769958496
2018-12-22 01:30:00,2761.52905273437,10.1736698150634,204.726501464843
2018-12-22 01:40:00,2589.61889648437,9.72603130340576,209.25650024414
2018-12-22 01:50:00,2578.166015625,9.58101177215576,212.338195800781
2018-12-22 02:00:00,3453.36108398437,11.9901800155639,206.327804565429
2018-12-22 02:10:00,3527.9580078125,12.1087999343872,206.12629699707
2018-12-22 02:20:00,3435.7548828125,11.9878501892089,203.908905029296
2018-12-22 02:30:00,3184.19311523437,11.1027002334594,205.556701660156
2018-12-22 02:40:00,3012.56005859375,10.591739654541,204.555999755859
2018-12-22 02:50:00,3048.26293945312,10.8699398040771,206.412399291992
2018-12-22 03:00:00,2791.77709960937,10.2379598617553,206.980194091796
2018-12-22 03:10:00,3346.5419921875,11.8749303817749,205.522796630859
2018-12-22 03:20:00,3469.3740234375,11.9329204559326,205.264099121093
2018-12-22 03:30:00,3353.85107421875,11.7006397247314,206.652893066406
2018-12-22 03:40:00,3540.28393554687,12.3391199111938,206.037002563476
2018-12-22 03:50:00,3542.36010742187,12.1379804611206,206.757705688476
2018-12-22 04:00:00,3429.0810546875,11.9526500701904,207.159393310546
2018-12-22 04:10:00,3535.68798828125,12.3162899017333,208.270095825195
2018-12-22 04:20:00,3474.669921875,12.0315799713134,207.041305541992
2018-12-22 04:30:00,3427.20288085937,12.1714096069335,203.987396240234
2018-12-22 04:40:00,3531.26196289062,12.2757196426391,203.930404663085
2018-12-22 04:50:00,3439.07202148437,11.8457498550415,205.598907470703
2018-12-22 05:00:00,3495.39306640625,11.9348402023315,206.874603271484
2018-12-22 05:10:00,3575.625,12.1214504241943,206.996795654296
2018-12-22 05:20:00,3598.53198242187,12.6830902099609,205.530197143554
2018-12-22 05:30:00,3602.26806640625,13.0927896499633,205.169998168945
2018-12-22 05:40:00,3601.07592773437,12.5809497833251,209.578002929687
2018-12-22 05:50:00,3435.68603515625,11.8423900604248,207.268203735351
2018-12-22 06:00:00,3547.99291992187,12.3156604766845,202.791595458984
2018-12-22 06:10:00,3579.88696289062,12.6079998016357,198.791595458984
2018-12-22 06:20:00,3601.75903320312,13.4707202911376,194.887100219726
2018-12-22 06:30:00,3602.34399414062,13.2593698501586,194.47329711914
2018-12-22 06:40:00,3545.57202148437,12.4342498779296,201.660507202148
2018-12-22 06:50:00,3302.98193359375,11.3769998550415,205.020599365234
2018-12-22 07:00:00,3267.30493164062,11.5926704406738,204.008895874023
2018-12-22 07:10:00,3307.17602539062,11.5655803680419,203.028594970703
2018-12-22 07:20:00,3501.09692382812,12.2517404556274,205.381195068359
2018-12-22 07:30:00,3597.41796875,12.8626203536987,205.39599609375
2018-12-22 07:40:00,3602.51293945312,13.2095098495483,202.947494506835
2018-12-22 07:50:00,3602.59399414062,13.5047702789306,202.620803833007
2018-12-22 08:00:00,3602.01904296875,12.8847599029541,201.602996826171
2018-12-22 08:10:00,3601.8359375,12.7571697235107,201.875198364257
2018-12-22 08:20:00,3502.73608398437,12.0495300292968,199.924194335937
2018-12-22 08:30:00,3291.43188476562,11.4314804077148,201.387603759765
2018-12-22 08:40:00,3186.43505859375,11.4678697586059,205.578506469726
2018-12-22 08:50:00,2974.25610351562,10.800609588623,207.290206909179
2018-12-22 09:00:00,3230.64501953125,11.4251699447631,211.013900756835
2018-12-22 09:10:00,2951.01196289062,10.8730401992797,204.591094970703
2018-12-22 09:20:00,3010.3759765625,10.9973802566528,203.493392944335
2018-12-22 09:30:00,2660.04907226562,10.2506303787231,205.24299621582
2018-12-22 09:40:00,2596.48193359375,10.0635900497436,207.100601196289
2018-12-22 09:50:00,2070.05297851562,9.07098865509033,204.345703125
2018-12-22 10:00:00,2386.12890625,9.58955478668212,202.952392578125
2018-12-22 10:10:00,2550.35498046875,9.89085578918457,198.302703857421
2018-12-22 10:20:00,2421.18188476562,9.46044254302978,206.035003662109
2018-12-22 10:30:00,2776.53393554687,10.3824100494384,212.643295288085
2018-12-22 10:40:00,3153.81811523437,10.8823795318603,210.137802124023
2018-12-22 10:50:00,3422.52807617187,11.5476198196411,205.73159790039
2018-12-22 11:00:00,3541.20703125,12.0015296936035,205.631896972656
2018-12-22 11:10:00,3327.97412109375,11.593879699707,204.630493164062
2018-12-22 11:20:00,3206.96997070312,11.0722599029541,203.879699707031
2018-12-22 11:30:00,2874.85791015625,10.6967697143554,206.912506103515
2018-12-22 11:40:00,2806.06103515625,10.4050798416137,204.956802368164
2018-12-22 11:50:00,2436.32397460937,9.69203186035156,204.768997192382
2018-12-22 12:00:00,1845.85400390625,8.39922142028808,205.754501342773
2018-12-22 12:10:00,1481.68701171875,7.72399377822875,206.424697875976
2018-12-22 12:20:00,2117.52490234375,9.06086635589599,209.432800292968
2018-12-22 12:30:00,2607.794921875,9.90182304382324,206.351593017578
2018-12-22 12:40:00,3078.2060546875,10.9414796829223,201.300399780273
2018-12-22 12:50:00,3354.10400390625,11.3593502044677,204.825607299804
2018-12-22 13:00:00,3447.18408203125,11.390170097351,214.968307495117
2018-12-22 13:10:00,3568.48608398437,11.8566303253173,217.401306152343
2018-12-22 13:20:00,3534.580078125,11.8260602951049,213.303298950195
2018-12-22 13:30:00,3520.60205078125,11.8426599502563,207.71760559082
2018-12-22 13:40:00,3520.95092773437,11.7467403411865,204.703704833984
2018-12-22 13:50:00,3555.20288085937,11.9891996383666,205.094299316406
2018-12-22 14:00:00,3244.43896484375,11.0509004592895,199.890899658203
2018-12-22 14:10:00,2983.376953125,10.4237098693847,199.240005493164
2018-12-22 14:20:00,3203.294921875,11.0286798477172,200.49299621582
2018-12-22 14:30:00,3579.3720703125,12.316780090332,204.437698364257
2018-12-22 14:40:00,3598.19311523437,12.542869567871,204.889404296875
2018-12-22 14:50:00,3601.96899414062,13.1091699600219,206.947204589843
2018-12-22 15:00:00,3602.39697265625,13.2045001983642,207.73860168457
2018-12-22 15:10:00,3601.74389648437,13.0537004470825,207.942199707031
2018-12-22 15:20:00,3602.35791015625,13.2678003311157,204.199401855468
2018-12-22 15:30:00,3602.10791015625,13.1160497665405,205.342102050781
2018-12-22 15:40:00,3599.73803710937,12.8014497756958,205.88020324707
2018-12-22 15:50:00,3602.19189453125,13.0482997894287,206.797805786132
2018-12-22 16:00:00,3599.59399414062,12.8994903564453,212.034606933593
2018-12-22 16:10:00,3574.1650390625,12.767970085144,212.567901611328
2018-12-22 16:20:00,3595.4130859375,12.8174495697021,212.256698608398
2018-12-22 16:30:00,3397.54809570312,12.1310501098632,213.571701049804
2018-12-22 16:40:00,3519.666015625,12.1715497970581,215.894607543945
2018-12-22 16:50:00,3590.79711914062,12.3604402542114,217.488494873046
2018-12-22 17:00:00,3601.0830078125,12.5576801300048,217.067001342773
2018-12-22 17:10:00,3601.69311523437,12.8034696578979,214.818405151367
2018-12-22 17:20:00,3601.54711914062,12.7098903656005,215.726593017578
2018-12-22 17:30:00,3601.48388671875,12.2404804229736,217.101699829101
2018-12-22 17:40:00,3592.26098632812,12.1467199325561,217.692398071289
2018-12-22 17:50:00,3599.13989257812,12.2245597839355,215.499801635742
2018-12-22 18:00:00,3563.22705078125,12.0416002273559,215.63589477539
2018-12-22 18:10:00,3501.27490234375,11.8069896697998,217.046203613281
2018-12-22 18:20:00,3303.36108398437,11.6659603118896,217.906204223632
2018-12-22 18:30:00,3255.0380859375,11.6990404129028,218.331604003906
2018-12-22 18:40:00,3162.7060546875,11.4724903106689,218.168502807617
2018-12-22 18:50:00,3215.18994140625,11.4443998336791,215.968002319335
2018-12-22 19:00:00,3360.23095703125,11.7172298431396,215.620498657226
2018-12-22 19:10:00,3418.78100585937,11.7980298995971,215.562194824218
2018-12-22 19:20:00,3459.61596679687,11.9141101837158,215.781204223632
2018-12-22 19:30:00,3581.77905273437,12.3533601760864,215.538497924804
2018-12-22 19:40:00,3449.56201171875,12.0613002777099,214.419006347656
2018-12-22 19:50:00,3154.06298828125,11.4339895248413,214.591903686523
2018-12-22 20:00:00,2911.38500976562,10.9610395431518,215.224197387695
2018-12-22 20:10:00,2622.8349609375,10.1305999755859,221.97509765625
2018-12-22 20:20:00,2828.50708007812,10.2815504074096,222.009796142578
2018-12-22 20:30:00,2806.56909179687,10.6631498336791,219.431198120117
2018-12-22 20:40:00,2661.0859375,10.3163700103759,221.115905761718
2018-12-22 20:50:00,2528.55908203125,10.1265096664428,222.496307373046
2018-12-22 21:00:00,2336.62109375,9.93991470336914,220.808807373046
2018-12-22 21:10:00,2268.28588867187,9.72531032562255,221.222305297851
2018-12-22 21:20:00,2182.50390625,9.54233741760253,224.409194946289
2018-12-22 21:30:00,1952.09204101562,8.79659557342529,226.932098388671
2018-12-22 21:40:00,2156.94995117187,9.14885139465332,226.330093383789
2018-12-22 21:50:00,2416.09912109375,9.73913288116455,225.60659790039
2018-12-22 22:00:00,2862.2919921875,10.5219202041625,224.973602294921
2018-12-22 22:10:00,3136.80395507812,11.0619096755981,223.044494628906
2018-12-22 22:20:00,3292.40991210937,11.3009700775146,222.076904296875
2018-12-22 22:30:00,3360.06909179687,11.2795095443725,222.52439880371
2018-12-22 22:40:00,3322.03198242187,11.5298595428466,219.973403930664
2018-12-22 22:50:00,3473.94409179687,11.7987203598022,221.292007446289
2018-12-22 23:00:00,3500.0419921875,12.0337800979614,221.566497802734
2018-12-22 23:10:00,3496.5458984375,12.1707401275634,220.41079711914
2018-12-22 23:20:00,3594.77490234375,12.4767198562622,218.727600097656
2018-12-22 23:30:00,3601.8798828125,13.2271795272827,216.660202026367
2018-12-22 23:40:00,3601.65600585937,13.3328104019165,212.53660583496
2018-12-22 23:50:00,3600.15405273437,13.0788097381591,211.719696044921
2018-12-23 00:00:00,3587.48193359375,12.7079696655273,212.367294311523
2018-12-23 00:10:00,3597.11499023437,12.8165502548217,211.005996704101
2018-12-23 00:20:00,3591.40502929687,12.661470413208,211.599792480468
2018-12-23 00:30:00,3600.73388671875,12.7498703002929,212.412994384765
2018-12-23 00:40:00,3597.55810546875,12.7355604171752,211.980697631835
2018-12-23 00:50:00,3600.88403320312,12.9377298355102,213.599197387695
2018-12-23 01:00:00,3574.56103515625,12.5255699157714,211.166198730468
2018-12-23 01:10:00,3600.77490234375,12.9613399505615,212.080703735351
2018-12-23 01:20:00,3600.919921875,13.2047100067138,210.871002197265
2018-12-23 01:30:00,3602.02001953125,13.6266803741455,211.39810180664
2018-12-23 01:40:00,3602.1240234375,13.8018398284912,212.127807617187
2018-12-23 01:50:00,3601.85302734375,13.3467998504638,213.59080505371
2018-12-23 02:00:00,3601.98291015625,13.1872100830078,211.948303222656
2018-12-23 02:10:00,3601.0380859375,13.0856599807739,211.679901123046
2018-12-23 02:20:00,3601.85693359375,13.0270595550537,211.936492919921
2018-12-23 02:30:00,3601.89111328125,13.099510192871,212.105804443359
2018-12-23 02:40:00,3600.15698242187,12.8783597946166,209.299392700195
2018-12-23 02:50:00,3599.73193359375,12.5450201034545,210.670501708984
2018-12-23 03:00:00,3591.18994140625,12.5862598419189,213.921401977539
2018-12-23 03:10:00,3585.34497070312,12.2448196411132,212.232101440429
2018-12-23 03:20:00,3526.73901367187,11.7937097549438,211.360794067382
2018-12-23 03:30:00,3599.71508789062,12.4795198440551,212.01350402832
2018-12-23 03:40:00,3600.083984375,12.6960096359252,211.674606323242
2018-12-23 03:50:00,3601.92993164062,13.2430000305175,215.07339477539
2018-12-23 04:00:00,3601.90307617187,13.3753299713134,215.208801269531
2018-12-23 04:10:00,3590.1201171875,12.7391901016235,214.371704101562
2018-12-23 04:20:00,3602.21606445312,13.8017702102661,215.557006835937
2018-12-23 04:30:00,3602.02099609375,14.5202903747558,215.158706665039
2018-12-23 04:40:00,3602.07788085937,13.82905960083,217.134292602539
2018-12-23 04:50:00,3601.97509765625,13.1528596878051,218.236099243164
2018-12-23 05:00:00,3601.76293945312,13.2577800750732,224.552505493164
2018-12-23 05:10:00,3601.56909179687,14.1851797103881,220.615493774414
2018-12-23 05:20:00,3601.71899414062,13.7536096572875,217.962295532226
2018-12-23 05:30:00,3601.56201171875,13.5713195800781,216.228897094726
2018-12-23 05:40:00,3601.80908203125,13.2397699356079,218.015106201171
2018-12-23 05:50:00,3601.5439453125,13.5825595855712,218.384399414062
2018-12-23 06:00:00,3601.76098632812,13.1499700546264,219.565994262695
2018-12-23 06:10:00,3601.88793945312,13.2438898086547,219.852493286132
2018-12-23 06:20:00,3601.77709960937,13.2406101226806,220.099197387695
2018-12-23 06:30:00,3601.501953125,13.6433496475219,222.860000610351
2018-12-23 06:40:00,3601.78100585937,13.4665803909301,224.035995483398
2018-12-23 06:50:00,3596.787109375,12.6002302169799,229.430694580078
2018-12-23 07:00:00,3601.27197265625,12.596209526062,227.724502563476
2018-12-23 07:10:00,3601.53393554687,12.8881797790527,228.58560180664
2018-12-23 07:20:00,3597.36499023437,12.638030052185,229.473098754882
2018-12-23 07:30:00,3544.9599609375,11.9085502624511,228.49609375
2018-12-23 07:40:00,3542.68310546875,11.7806100845336,230.896499633789
2018-12-23 07:50:00,3481.6650390625,11.4875402450561,230.002502441406
2018-12-23 08:00:00,3457.51489257812,11.6173601150512,226.332901000976
2018-12-23 08:10:00,3591.73291015625,12.2185897827148,228.532592773437
2018-12-23 08:20:00,3553.00390625,12.2544603347778,234.661804199218
2018-12-23 08:30:00,3315.1298828125,11.5473203659057,237.385101318359
2018-12-23 08:40:00,3186.76098632812,10.8278398513793,229.262100219726
2018-12-23 08:50:00,3276.1708984375,11.4491300582885,230.87010192871
2018-12-23 09:00:00,2750.52197265625,10.3942499160766,234.461303710937
2018-12-23 09:10:00,3144.53002929687,10.8278303146362,226.215103149414
2018-12-23 09:20:00,3184.96899414062,11.2200803756713,229.120407104492
2018-12-23 09:30:00,3114.32006835937,11.2580299377441,231.992004394531
2018-12-23 09:40:00,2856.81689453125,10.6211395263671,232.366394042968
2018-12-23 09:50:00,2585.55395507812,9.9367446899414,241.432296752929
2018-12-23 10:00:00,2417.6640625,9.42976760864257,248.089904785156
2018-12-23 10:10:00,2077.54907226562,8.84589862823486,250.241592407226
2018-12-23 10:20:00,2132.94409179687,8.96814441680908,247.966903686523
2018-12-23 10:30:00,2524.88305664062,9.85821628570556,249.042602539062
2018-12-23 10:40:00,2557.5810546875,9.65037631988525,247.471801757812
2018-12-23 10:50:00,2367.88208007812,9.45766925811767,247.482192993164
2018-12-23 11:00:00,2151.65087890625,8.77565383911132,245.779006958007
2018-12-23 11:10:00,2117.455078125,8.96523571014404,246.177505493164
2018-12-23 11:20:00,1560.80102539062,7.86489200592041,253.29719543457
2018-12-23 11:30:00,2009.94201660156,8.76800346374511,258.997314453125
2018-12-23 11:40:00,2221.56201171875,9.17865753173828,258.474212646484
2018-12-23 11:50:00,1876.5810546875,8.20711517333984,254.491394042968
2018-12-23 12:00:00,1993.63903808593,8.92949390411376,254.886505126953
2018-12-23 12:10:00,1795.03698730468,8.4684419631958,253.964599609375
2018-12-23 12:20:00,782.544677734375,6.246187210083,257.017913818359
2018-12-23 12:30:00,729.194519042968,6.17805480957031,274.282409667968
2018-12-23 12:40:00,1302.90295410156,7.58813619613647,261.353790283203
2018-12-23 12:50:00,1102.77905273437,7.12125921249389,251.747894287109
2018-12-23 13:00:00,1106.14099121093,6.96006107330322,248.396102905273
2018-12-23 13:10:00,1594.65002441406,8.04064655303955,245.89419555664
2018-12-23 13:20:00,2275.85205078125,9.43002605438232,242.365005493164
2018-12-23 13:30:00,2528.75390625,9.78990268707275,241.035202026367
2018-12-23 13:40:00,2275.94995117187,9.30205917358398,240.246597290039
2018-12-23 13:50:00,1909.67297363281,8.61316204071044,240.955093383789
2018-12-23 14:00:00,2059.82495117187,8.9116735458374,246.785598754882
2018-12-23 14:10:00,2268.24291992187,9.28600788116455,247.695907592773
2018-12-23 14:20:00,2433.09399414062,9.4470567703247,250.649993896484
2018-12-23 14:30:00,1725.90295410156,8.37860870361328,255.349899291992
2018-12-23 14:40:00,1544.24694824218,7.92985391616821,254.904800415039
2018-12-23 14:50:00,1744.94995117187,8.23087882995605,268.352905273437
2018-12-23 15:00:00,2682.0439453125,10.1591796875,276.448486328125
2018-12-23 15:10:00,2516.79907226562,9.77776622772216,273.144287109375
2018-12-23 15:20:00,2017.23205566406,8.85823154449462,268.171203613281
2018-12-23 15:30:00,1776.89294433593,8.41699123382568,261.015106201171
2018-12-23 15:40:00,1330.09594726562,7.41287994384765,255.865798950195
2018-12-23 15:50:00,1618.18298339843,8.38336086273193,261.693298339843
2018-12-23 16:00:00,1153.51794433593,7.18404912948608,257.599792480468
2018-12-23 16:10:00,1393.14099121093,7.77783823013305,261.724609375
2018-12-23 16:20:00,1158.2490234375,7.32249689102172,269.808898925781
2018-12-23 16:30:00,996.663330078125,7.08096313476562,263.807098388671
2018-12-23 16:40:00,689.462219238281,6.17806100845336,256.265808105468
2018-12-23 16:50:00,1097.10705566406,7.33554697036743,250.612197875976
2018-12-23 17:00:00,1792.22998046875,8.46440410614013,251.712600708007
2018-12-23 17:10:00,1798.78698730468,8.52605628967285,255.735198974609
2018-12-23 17:20:00,1805.69702148437,8.65411567687988,256.416687011718
2018-12-23 17:30:00,1637.76403808593,8.05333995819091,261.618499755859
2018-12-23 17:40:00,1594.25695800781,8.04242324829101,258.56201171875
2018-12-23 17:50:00,1630.17602539062,7.97752904891967,253.217300415039
2018-12-23 18:00:00,1411.7509765625,7.63779020309448,248.292205810546
2018-12-23 18:10:00,1285.05200195312,7.33352613449096,255.832794189453
2018-12-23 18:20:00,1209.53100585937,7.29103517532348,259.024993896484
2018-12-23 18:30:00,1686.61499023437,8.26584339141845,255.050094604492
2018-12-23 18:40:00,1555.93896484375,7.84487009048461,259.705291748046
2018-12-23 18:50:00,1332.57702636718,7.51644802093505,259.719787597656
2018-12-23 19:00:00,1656.54504394531,8.24801921844482,270.24560546875
2018-12-23 19:10:00,1572.96997070312,8.13944053649902,276.271514892578
2018-12-23 19:20:00,1976.833984375,8.90644645690917,278.44351196289
2018-12-23 19:30:00,2079.62890625,9.01398468017578,283.025299072265
2018-12-23 19:40:00,2681.05102539062,10.1665201187133,282.212493896484
2018-12-23 19:50:00,1867.92504882812,8.64773941040039,270.818389892578
2018-12-23 20:00:00,1624.15002441406,8.33163547515869,271.211486816406
2018-12-23 20:10:00,1380.82995605468,7.77264308929443,269.258087158203
2018-12-23 20:20:00,1721.46301269531,8.45751857757568,273.466888427734
2018-12-23 20:30:00,1619.74597167968,8.17257022857666,278.911193847656
2018-12-23 20:40:00,1092.71594238281,7.14058017730712,273.172912597656
2018-12-23 20:50:00,1051.92102050781,7.05925607681274,278.553405761718
2018-12-23 21:00:00,985.577697753906,7.05230283737182,273.281311035156
2018-12-23 21:10:00,936.646484375,6.81836795806884,272.582702636718
2018-12-23 21:20:00,719.106628417968,6.36853599548339,264.515899658203
2018-12-23 21:30:00,654.089416503906,6.10149812698364,259.863800048828
2018-12-23 21:40:00,654.835021972656,6.14341402053833,262.062805175781
2018-12-23 21:50:00,565.521606445312,5.89896202087402,256.82080078125
2018-12-23 22:00:00,660.548522949218,6.24286794662475,264.912689208984
2018-12-23 22:10:00,482.516998291015,5.63621091842651,268.268188476562
2018-12-23 22:20:00,564.577575683593,5.96450805664062,267.375
2018-12-23 22:30:00,564.3466796875,6.04936599731445,271.346588134765
2018-12-23 22:40:00,470.08120727539,5.7049388885498,267.589111328125
2018-12-23 22:50:00,407.888092041015,5.43800115585327,272.213714599609
2018-12-23 23:00:00,485.780212402343,5.76729917526245,276.740112304687
2018-12-23 23:10:00,503.078796386718,5.85304307937622,278.584106445312
2018-12-23 23:20:00,533.002807617187,5.90648078918457,278.626190185546
2018-12-23 23:30:00,570.703186035156,6.04263401031494,277.233306884765
2018-12-23 23:40:00,435.789794921875,5.81484985351562,262.302185058593
2018-12-23 23:50:00,381.95458984375,5.59482097625732,250.071594238281
2018-12-24 00:00:00,467.600708007812,5.8607439994812,251.358505249023
2018-12-24 00:10:00,476.522888183593,5.96611881256103,250.077697753906
2018-12-24 00:20:00,558.947875976562,6.0858941078186,243.894805908203
2018-12-24 00:30:00,726.110778808593,6.40561008453369,244.990798950195
2018-12-24 00:40:00,692.929626464843,6.430832862854,248.351104736328
2018-12-24 00:50:00,784.623413085937,6.75477600097656,244.317993164062
2018-12-24 01:00:00,870.886596679687,6.72489118576049,241.853195190429
2018-12-24 01:10:00,897.3427734375,6.85622501373291,239.593399047851
2018-12-24 01:20:00,1130.083984375,7.33773612976074,233.986999511718
2018-12-24 01:30:00,1043.66198730468,7.22025489807128,233.534393310546
2018-12-24 01:40:00,980.347717285156,6.98796987533569,235.375793457031
2018-12-24 01:50:00,983.32568359375,7.11004018783569,230.39500427246
2018-12-24 02:00:00,982.392211914062,7.01222515106201,227.053802490234
2018-12-24 02:10:00,1260.67700195312,7.50191116333007,228.508499145507
2018-12-24 02:20:00,1354.2900390625,7.6611680984497,229.769607543945
2018-12-24 02:30:00,1273.14599609375,7.5905442237854,227.891906738281
2018-12-24 02:40:00,1389.93896484375,7.9936180114746,223.687896728515
2018-12-24 02:50:00,1591.65502929687,8.3388442993164,218.404800415039
2018-12-24 03:00:00,1791.49401855468,8.79687690734863,219.33869934082
2018-12-24 03:10:00,1929.39099121093,9.2622423171997,215.643798828125
2018-12-24 03:20:00,1886.79895019531,8.82565593719482,212.987899780273
2018-12-24 03:30:00,1742.2099609375,9.0769567489624,205.070602416992
2018-12-24 03:40:00,2079.40893554687,9.43569374084472,204.925796508789
2018-12-24 03:50:00,1972.71594238281,9.29806518554687,204.220703125
2018-12-24 04:00:00,1690.70202636718,8.62674045562744,206.937698364257
2018-12-24 04:10:00,1546.80004882812,8.30591583251953,209.202896118164
2018-12-24 04:20:00,1686.82104492187,8.58041191101074,208.442901611328
2018-12-24 04:30:00,2119.60888671875,9.4868459701538,206.310302734375
2018-12-24 04:40:00,2258.44897460937,9.69750595092773,207.96890258789
2018-12-24 04:50:00,2486.90600585937,10.1721496582031,203.104904174804
2018-12-24 05:00:00,3190.1220703125,11.451729774475,204.19839477539
2018-12-24 05:10:00,3144.041015625,11.5185804367065,201.288101196289
2018-12-24 05:20:00,3131.43896484375,11.3587598800659,202.763595581054
2018-12-24 05:30:00,3045.88403320312,11.1552896499633,202.136398315429
2018-12-24 05:40:00,3138.31909179687,11.3329801559448,202.159606933593
2018-12-24 05:50:00,2843.39794921875,10.8174104690551,201.643997192382
2018-12-24 06:00:00,3181.27587890625,11.2799501419067,202.696304321289
2018-12-24 06:10:00,3521.74389648437,11.9311895370483,197.841903686523
2018-12-24 06:20:00,3600.62109375,13.017840385437,193.37190246582
2018-12-24 06:30:00,3602.06103515625,14.8951797485351,193.580505371093
2018-12-24 06:40:00,3601.86499023437,16.4817104339599,196.743606567382
2018-12-24 06:50:00,3602.083984375,16.9931297302246,196.099899291992
2018-12-24 07:00:00,3601.84594726562,15.954210281372,192.246994018554
2018-12-24 07:10:00,3601.95190429687,17.7387104034423,193.607604980468
2018-12-24 07:20:00,3601.88500976562,17.5890102386474,195.632507324218
2018-12-24 07:30:00,3602.15209960937,16.4682598114013,196.698303222656
2018-12-24 07:40:00,3602.06201171875,16.6315402984619,194.603393554687
2018-12-24 07:50:00,3602.06494140625,16.883409500122,194.361495971679
2018-12-24 08:00:00,3602.19702148437,16.8410491943359,194.538192749023
2018-12-24 08:10:00,3601.958984375,16.9160499572753,194.071899414062
2018-12-24 08:20:00,3602.17602539062,16.47825050354,193.258605957031
2018-12-24 08:30:00,3602.083984375,16.4260101318359,192.4501953125
2018-12-24 08:40:00,3601.96704101562,15.8479499816894,193.337905883789
2018-12-24 08:50:00,3601.79809570312,15.5113897323608,194.498901367187
2018-12-24 09:00:00,3601.57104492187,15.8007898330688,195.412200927734
2018-12-24 09:10:00,3266.6689453125,15.2318096160888,197.146606445312
2018-12-24 09:20:00,1283.03405761718,14.6633195877075,197.972106933593
2018-12-24 09:30:00,3601.2099609375,15.3582897186279,196.904800415039
2018-12-24 09:40:00,3600.90600585937,15.0992803573608,198.090301513671
2018-12-24 09:50:00,3600.65600585937,16.7695903778076,200.157394409179
2018-12-24 10:00:00,3600.69799804687,16.5849208831787,198.228698730468
2018-12-24 10:10:00,3600.76904296875,16.8644905090332,193.405700683593
2018-12-24 10:20:00,3600.81591796875,15.2369298934936,193.594299316406
2018-12-24 10:30:00,3600.65698242187,16.8004207611083,193.461303710937
2018-12-24 10:40:00,3600.53295898437,17.0841007232666,193.514892578125
2018-12-24 10:50:00,3600.78100585937,16.4146099090576,192.652206420898
2018-12-24 11:00:00,3600.85693359375,15.8893299102783,194.796203613281
2018-12-24 11:10:00,3600.81909179687,16.9488792419433,193.545700073242
2018-12-24 11:20:00,3601.07104492187,15.7773895263671,196.052001953125
2018-12-24 11:30:00,3601.12890625,15.4612197875976,196.642196655273
2018-12-24 11:40:00,3601.28393554687,16.3362407684326,200.172805786132
2018-12-24 11:50:00,3600.80810546875,16.1961402893066,200.709396362304
2018-12-24 12:00:00,3601.0439453125,16.5688800811767,200.034301757812
2018-12-24 12:10:00,3601.04809570312,16.9810199737548,200.807403564453
2018-12-24 12:20:00,3601.02709960937,16.5949592590332,198.554397583007
2018-12-24 12:30:00,3601.10009765625,17.027530670166,195.781295776367
2018-12-24 12:40:00,3600.62109375,16.7206192016601,193.26170349121
2018-12-24 12:50:00,3600.52392578125,16.625280380249,194.512603759765
2018-12-24 13:00:00,3600.27197265625,15.8257799148559,191.978103637695
2018-12-24 13:10:00,3600.85205078125,15.9522800445556,191.266693115234
2018-12-24 13:20:00,3600.6259765625,16.88916015625,192.348495483398
2018-12-24 13:30:00,3600.34399414062,16.1208400726318,195.74510192871
2018-12-24 13:40:00,3600.26000976562,17.3894901275634,194.56770324707
2018-12-24 13:50:00,3600.11791992187,18.7778797149658,196.789093017578
2018-12-24 14:00:00,3599.60009765625,18.9464702606201,196.82029724121
2018-12-24 14:10:00,3599.8330078125,19.1464195251464,196.441299438476
2018-12-24 14:20:00,3599.912109375,18.7945194244384,196.314300537109
2018-12-24 14:30:00,3600.32006835937,19.6978797912597,198.688400268554
2018-12-24 14:40:00,3600.3759765625,20.2360897064208,199.005004882812
2018-12-24 14:50:00,3600.6240234375,19.6823501586914,198.506103515625
2018-12-24 15:00:00,3600.4951171875,18.9708003997802,195.953201293945
2018-12-24 15:10:00,3600.46899414062,19.6591491699218,195.880996704101
2018-12-24 15:20:00,3600.18505859375,19.926700592041,197.105895996093
2018-12-24 15:30:00,3600.28295898437,19.4477005004882,198.566101074218
2018-12-24 15:40:00,3600.23193359375,20.092430114746,200.16780090332
2018-12-24 15:50:00,3600.26806640625,20.0179691314697,201.789093017578
2018-12-24 16:00:00,3600.02099609375,19.6454906463623,202.490997314453
2018-12-24 16:10:00,3600.15087890625,20.5648593902587,201.55760192871
2018-12-24 16:20:00,3600.3798828125,19.8929996490478,203.386901855468
2018-12-24 16:30:00,3600.17700195312,19.5427494049072,202.0498046875
2018-12-24 16:40:00,3600.34692382812,20.0078201293945,203.05419921875
2018-12-24 16:50:00,3600.31909179687,19.9471797943115,203.250900268554
2018-12-24 17:00:00,3600.55004882812,20.1754302978515,204.52619934082
2018-12-24 17:10:00,3599.84692382812,20.3179206848144,205.567398071289
2018-12-24 17:20:00,3599.80102539062,18.8073196411132,206.762405395507
2018-12-24 17:30:00,3599.5849609375,19.1976890563964,208.779006958007
2018-12-24 17:40:00,3599.85888671875,20.5575504302978,209.40510559082
2018-12-24 17:50:00,3599.69506835937,20.3312797546386,207.793594360351
2018-12-24 18:00:00,3600.14404296875,21.2455997467041,207.927307128906
2018-12-24 18:10:00,3599.86694335937,20.4556407928466,206.42739868164
2018-12-24 18:20:00,3600.02294921875,20.8764705657958,208.120407104492
2018-12-24 18:30:00,3599.72998046875,19.8787307739257,209.712005615234
2018-12-24 18:40:00,3599.64599609375,21.2892799377441,211.201095581054
2018-12-24 18:50:00,3599.57495117187,20.5419006347656,208.44009399414
2018-12-24 19:00:00,3599.63989257812,21.4461708068847,205.49169921875
2018-12-24 19:10:00,3599.19897460937,20.5869102478027,207.328094482421
2018-12-24 19:20:00,3599.53295898437,19.7626991271972,209.824996948242
2018-12-24 19:30:00,3599.7880859375,20.0183696746826,211.132995605468
2018-12-24 19:40:00,3599.47094726562,21.6210002899169,207.725204467773
2018-12-24 19:50:00,3599.34399414062,20.6068706512451,209.865905761718
2018-12-24 20:00:00,3599.037109375,21.2344894409179,210.03759765625
2018-12-24 20:10:00,3599.20288085937,20.8869304656982,209.078796386718
2018-12-24 20:20:00,3599.35205078125,20.5666999816894,207.26220703125
2018-12-24 20:30:00,3598.97705078125,20.4519996643066,206.919692993164
2018-12-24 20:40:00,3599.501953125,21.0181503295898,206.952499389648
2018-12-24 20:50:00,3599.791015625,20.4270591735839,209.618698120117
2018-12-24 21:00:00,3600.29809570312,19.2541809082031,208.264205932617
2018-12-24 21:10:00,3600.00390625,18.6334800720214,204.92739868164
2018-12-24 21:20:00,3600.56689453125,18.818130493164,204.886993408203
2018-12-24 21:30:00,3600.13793945312,18.9921703338623,208.011199951171
2018-12-24 21:40:00,3600.31689453125,18.7589302062988,209.405899047851
2018-12-24 21:50:00,3600.45092773437,17.9765396118164,209.570404052734
2018-12-24 22:00:00,3600.86010742187,17.8098697662353,210.818603515625
2018-12-24 22:10:00,3600.71508789062,17.5613803863525,211.564102172851
2018-12-24 22:20:00,3600.71997070312,17.4788093566894,213.716094970703
2018-12-24 22:30:00,3600.42504882812,17.3896102905273,212.931396484375
2018-12-24 22:40:00,3600.65502929687,17.3502693176269,216.324295043945
2018-12-24 22:50:00,3600.51196289062,17.2902908325195,217.486297607421
2018-12-24 23:00:00,3600.09912109375,17.7124404907226,217.833602905273
2018-12-24 23:10:00,3600.6201171875,17.8919105529785,217.871307373046
2018-12-24 23:20:00,3600.93994140625,17.5227909088134,219.110794067382
2018-12-24 23:30:00,3600.73510742187,15.9757900238037,219.05369567871
2018-12-24 23:40:00,3600.51391601562,17.1017398834228,218.798797607421
2018-12-24 23:50:00,3600.32006835937,17.1560707092285,217.77830505371
2018-12-25 00:00:00,3600.55908203125,15.1492795944213,219.025497436523
2018-12-25 00:10:00,2219.07592773437,9.58533191680908,259.75048828125
2018-12-25 00:20:00,2072.2509765625,8.7025442123413,311.271209716796
2018-12-25 00:30:00,1380.21301269531,7.24184703826904,342.77880859375
2018-12-25 00:40:00,2065.22509765625,8.91134452819824,350.314697265625
2018-12-25 00:50:00,1668.98095703125,7.94232606887817,358.15869140625
2018-12-25 01:00:00,3045.19189453125,10.6719303131103,339.134887695312
2018-12-25 01:10:00,3153.89404296875,10.9575300216674,341.292297363281
2018-12-25 01:20:00,2947.38110351562,10.5723495483398,351.089813232421
2018-12-25 01:30:00,2447.05688476562,9.22316169738769,351.858612060546
2018-12-25 01:40:00,2804.78393554687,10.0974102020263,352.356903076171
2018-12-25 01:50:00,2381.02587890625,9.21746253967285,351.979797363281
2018-12-25 02:00:00,2178.15795898437,8.55458164215087,7.15303802490234
2018-12-25 02:10:00,2416.52392578125,9.34238243103027,2.4327540397644
2018-12-25 02:20:00,1812.55700683593,8.30372142791748,7.14599418640136
2018-12-25 02:30:00,2438.88989257812,9.53944969177246,15.5168199539184
2018-12-25 02:40:00,2117.083984375,8.68882465362548,9.26866626739501
2018-12-25 02:50:00,3569.31201171875,12.6370697021484,13.3761196136474
2018-12-25 03:00:00,3271.0458984375,11.711480140686,12.9663400650024
2018-12-25 03:10:00,2611.8798828125,9.24474430084228,9.8431978225708
2018-12-25 03:20:00,2775.63989257812,10.9157104492187,15.1543598175048
2018-12-25 03:30:00,2192.13891601562,9.21880340576171,14.2459201812744
2018-12-25 03:40:00,1467.50903320312,7.78917121887207,17.8340702056884
2018-12-25 03:50:00,1527.01000976562,7.96892404556274,22.8720798492431
2018-12-25 04:00:00,2031.90197753906,8.79656791687011,18.0847606658935
2018-12-25 04:10:00,2060.55688476562,9.78841018676757,18.5431194305419
2018-12-25 04:20:00,1907.69201660156,8.85123825073242,13.9296598434448
2018-12-25 04:30:00,1651.55395507812,8.41600894927978,10.1850700378417
2018-12-25 04:40:00,1683.43005371093,8.19640731811523,7.51180219650268
2018-12-25 04:50:00,1269.00598144531,7.40903615951538,10.9240503311157
2018-12-25 05:00:00,1099.82995605468,7.15704488754272,20.1519603729248
2018-12-25 05:10:00,1729.53405761718,8.59213924407958,22.5413093566894
2018-12-25 05:20:00,1734.06396484375,8.29944515228271,22.0150909423828
2018-12-25 05:30:00,1847.74694824218,9.1960220336914,18.3014106750488
2018-12-25 05:40:00,1983.68798828125,10.3303098678588,16.9648303985595
2018-12-25 05:50:00,2118.99194335937,11.7117004394531,16.0561408996582
2018-12-25 06:00:00,2037.81701660156,10.7453498840332,16.2075405120849
2018-12-25 06:10:00,1971.72900390625,10.2452898025512,17.8088207244873
2018-12-25 06:20:00,1832.04699707031,9.56030559539794,17.8321704864501
2018-12-25 06:30:00,1766.09497070312,9.47882270812988,22.876630783081
2018-12-25 06:40:00,1543.27404785156,8.92505741119384,23.7998008728027
2018-12-25 06:50:00,1747.83898925781,9.89317989349365,24.2609901428222
2018-12-25 07:00:00,1584.23303222656,9.21817684173583,27.439489364624
2018-12-25 07:10:00,1534.94396972656,9.55117893218994,28.1627502441406
2018-12-25 07:20:00,1655.70495605468,9.74081993103027,28.4031505584716
2018-12-25 07:30:00,1341.50402832031,9.58480167388916,28.1306400299072
2018-12-25 07:40:00,996.134094238281,9.45637798309326,28.4416809082031
2018-12-25 07:50:00,1124.02905273437,10.3814096450805,28.6366004943847
2018-12-25 08:00:00,898.58447265625,9.90887069702148,27.7537097930908
2018-12-25 08:10:00,577.911987304687,9.3366641998291,27.3885898590087
2018-12-25 08:20:00,538.592712402343,8.97724056243896,27.491979598999
2018-12-25 08:30:00,514.963989257812,9.21616172790527,27.9152603149414
2018-12-25 08:40:00,430.029510498046,8.62738132476806,27.1384906768798
2018-12-25 08:50:00,500.966186523437,9.37339782714843,27.1950607299804
2018-12-25 09:00:00,491.196014404296,9.59945201873779,27.0485305786132
2018-12-25 09:10:00,441.622314453125,9.66559410095214,27.8072490692138
2018-12-25 09:20:00,422.822204589843,9.31974124908447,28.0628395080566
2018-12-25 09:30:00,632.466979980468,10.3390302658081,27.3323497772216
2018-12-25 09:40:00,513.229125976562,9.51859092712402,27.8118305206298
2018-12-25 09:50:00,525.494079589843,9.04170608520507,27.9839191436767
2018-12-25 10:00:00,844.889526367187,9.58346557617187,27.6650199890136
2018-12-25 10:10:00,1189.47802734375,10.7357301712036,27.7727909088134
2018-12-25 10:20:00,1001.63397216796,10.1757001876831,28.2180805206298
2018-12-25 10:30:00,1010.65997314453,10.1062698364257,29.1776103973388
2018-12-25 10:40:00,1079.81396484375,10.3001298904418,27.3852195739746
2018-12-25 10:50:00,752.679626464843,9.64902877807617,27.4530906677246
2018-12-25 11:00:00,779.433227539062,9.97485065460205,28.896499633789
2018-12-25 11:10:00,775.470886230468,9.53974819183349,27.8062992095947
2018-12-25 11:20:00,819.588989257812,10.2737302780151,27.4263095855712
2018-12-25 11:30:00,663.966979980468,9.05426979064941,26.4816398620605
2018-12-25 11:40:00,509.426391601562,8.66327953338623,27.4902992248535
2018-12-25 11:50:00,549.738891601562,9.01639747619628,27.844970703125
2018-12-25 12:00:00,707.576110839843,9.92366790771484,27.723159790039
2018-12-25 12:10:00,657.104125976562,10.0184297561645,28.9408702850341
2018-12-25 12:20:00,582.27978515625,9.51822090148925,31.5352802276611
2018-12-25 12:30:00,385.731689453125,7.51663017272949,23.292869567871
2018-12-25 12:40:00,355.736389160156,7.6745228767395,22.0806503295898
2018-12-25 12:50:00,430.185089111328,8.74195861816406,21.9192104339599
2018-12-25 13:00:00,520.343994140625,9.85407638549804,27.0352401733398
2018-12-25 13:10:00,710.829223632812,10.974510192871,30.1736793518066
2018-12-25 13:20:00,574.221984863281,10.6785097122192,28.0269508361816
2018-12-25 13:30:00,603.153869628906,10.4027299880981,29.0696792602539
2018-12-25 13:40:00,702.784790039062,11.0820999145507,28.3243007659912
2018-12-25 13:50:00,535.895080566406,9.93019104003906,28.5829200744628
2018-12-25 14:00:00,468.023406982421,9.69933319091796,27.41575050354
2018-12-25 14:10:00,772.25048828125,11.4343500137329,29.2689609527587
2018-12-25 14:20:00,549.653076171875,10.1654300689697,31.5457191467285
2018-12-25 14:30:00,647.522583007812,11.1200895309448,33.8820686340332
2018-12-25 14:40:00,703.046020507812,11.0595998764038,35.9638595581054
2018-12-25 14:50:00,587.712829589843,9.83682823181152,37.7329406738281
2018-12-25 15:00:00,529.93408203125,9.45459270477294,38.1535911560058
2018-12-25 15:10:00,546.272277832031,9.38184833526611,38.2806892395019
2018-12-25 15:20:00,454.950012207031,9.25150871276855,34.4805908203125
2018-12-25 15:30:00,464.645904541015,9.01889038085937,42.5276794433593
2018-12-25 15:40:00,549.704711914062,9.82732391357421,43.2972412109375
2018-12-25 15:50:00,543.931823730468,9.83292865753173,45.9247512817382
2018-12-25 16:00:00,491.938812255859,9.44211196899414,46.2906684875488
2018-12-25 16:10:00,775.52587890625,11.6954803466796,44.1313514709472
2018-12-25 16:20:00,776.2216796875,10.9126396179199,41.1409111022949
2018-12-25 16:30:00,826.080627441406,12.1518096923828,38.0436210632324
2018-12-25 16:40:00,761.095275878906,11.4945802688598,40.18701171875
2018-12-25 16:50:00,587.977722167968,10.2173500061035,39.7781906127929
2018-12-25 17:00:00,596.111389160156,10.3725996017456,38.1823196411132
2018-12-25 17:10:00,601.004577636718,10.7568798065185,39.0508804321289
2018-12-25 17:20:00,630.075378417968,11.0150604248046,37.3407707214355
2018-12-25 17:30:00,502.758392333984,9.59665393829345,37.4801902770996
2018-12-25 17:40:00,624.046997070312,10.2533502578735,32.4023284912109
2018-12-25 17:50:00,714.735229492187,11.3584995269775,41.7398986816406
2018-12-25 18:00:00,628.325317382812,10.7764701843261,38.5550308227539
2018-12-25 18:10:00,465.480804443359,9.94808101654052,37.4414291381835
2018-12-25 18:20:00,413.874786376953,10.0235500335693,37.2215614318847
2018-12-25 18:30:00,367.076507568359,9.32648086547851,38.1141204833984
2018-12-25 18:40:00,320.814910888671,9.15353298187255,38.1856803894042
2018-12-25 18:50:00,273.446105957031,8.58969783782958,38.9029693603515
2018-12-25 19:00:00,201.082000732421,7.90757417678833,38.1277618408203
2018-12-25 19:10:00,177.775894165039,7.65127420425415,42.2904586791992
2018-12-25 19:20:00,166.488800048828,7.78901004791259,43.1180191040039
2018-12-25 19:30:00,288.896087646484,9.17784309387207,45.2025413513183
2018-12-25 19:40:00,312.888092041015,10.016710281372,40.789321899414
2018-12-25 19:50:00,266.11441040039,9.63289642333984,35.4120216369628
2018-12-25 20:00:00,238.497192382812,9.50066471099853,37.7657890319824
2018-12-25 20:10:00,167.39729309082,8.79990863800048,37.7954406738281
2018-12-25 20:20:00,140.366302490234,8.23713874816894,38.849510192871
2018-12-25 20:30:00,221.23030090332,9.51874637603759,36.9693298339843
2018-12-25 20:40:00,153.18130493164,8.52879047393798,36.9225997924804
2018-12-25 20:50:00,207.857803344726,9.2581615447998,36.8730583190917
2018-12-25 21:00:00,168.768295288085,8.92798423767089,36.6893501281738
2018-12-25 21:10:00,211.157897949218,9.42569255828857,35.9383392333984
2018-12-25 21:20:00,186.826995849609,9.13117218017578,36.5232505798339
2018-12-25 21:30:00,195.070693969726,9.09206104278564,36.3688507080078
2018-12-25 21:40:00,118.662200927734,8.27220058441162,35.3952598571777
2018-12-25 21:50:00,90.3528823852539,7.9794430732727,36.1240882873535
2018-12-25 22:00:00,222.859893798828,9.10213375091552,35.2356605529785
2018-12-25 22:10:00,177.218399047851,8.77678680419921,35.9682312011718
2018-12-25 22:20:00,177.077499389648,8.62889385223388,35.2900695800781
2018-12-25 22:30:00,130.251602172851,8.27473545074462,34.8437309265136
2018-12-25 22:40:00,141.838806152343,8.56010627746582,34.3793983459472
2018-12-25 22:50:00,206.046600341796,8.94848442077636,22.8710803985595
2018-12-25 23:00:00,183.360305786132,8.90317630767822,27.0864696502685
2018-12-25 23:10:00,215.48420715332,9.2421760559082,30.5151195526123
2018-12-25 23:20:00,190.253997802734,8.7374267578125,26.6577606201171
2018-12-25 23:30:00,261.101013183593,9.70769309997558,25.608039855957
2018-12-25 23:40:00,212.121505737304,9.07503223419189,26.3803405761718
2018-12-25 23:50:00,296.951110839843,10.1066398620605,25.9660701751708
2018-12-26 00:00:00,394.48388671875,11.2391195297241,25.7072601318359
2018-12-26 00:10:00,369.47280883789,11.0161695480346,25.6537494659423
2018-12-26 00:20:00,342.465393066406,10.6891403198242,26.0265598297119
2018-12-26 00:30:00,379.872100830078,10.9535398483276,25.3673000335693
2018-12-26 00:40:00,346.712890625,10.3825597763061,24.9663791656494
2018-12-26 00:50:00,358.168487548828,10.2601499557495,25.0167903900146
2018-12-26 01:00:00,342.632293701171,9.60572433471679,23.5292797088623
2018-12-26 01:10:00,294.864990234375,8.92509460449218,22.4260692596435
2018-12-26 01:20:00,256.479888916015,7.46299600601196,22.0899600982666
2018-12-26 01:30:00,349.602996826171,9.44898986816406,21.6480693817138
2018-12-26 01:40:00,285.701110839843,8.50223064422607,22.0802898406982
2018-12-26 01:50:00,303.537109375,10.0271596908569,21.564619064331
2018-12-26 02:00:00,252.627395629882,9.50417041778564,22.2923698425292
2018-12-26 02:10:00,211.027404785156,8.46616268157958,22.1049995422363
2018-12-26 02:20:00,365.055603027343,10.6360502243041,21.6692008972167
2018-12-26 02:30:00,269.607299804687,9.80311584472656,22.3175392150878
2018-12-26 02:40:00,285.78759765625,10.3936195373535,22.7656898498535
2018-12-26 02:50:00,252.190795898437,9.85631656646728,21.0166606903076
2018-12-26 03:00:00,196.398895263671,9.59339237213134,22.0976009368896
2018-12-26 03:10:00,124.690299987792,8.98200798034667,21.2159900665283
2018-12-26 03:20:00,103.035697937011,7.9446678161621,19.3977394104003
2018-12-26 03:30:00,161.309997558593,8.88910675048828,14.1302900314331
2018-12-26 03:40:00,44.8303184509277,8.04489135742187,13.194049835205
2018-12-26 03:50:00,175.194305419921,9.2475996017456,14.3968696594238
2018-12-26 04:00:00,186.179794311523,10.2065896987915,14.1079196929931
2018-12-26 04:10:00,7.55311107635498,8.45847797393798,15.7195396423339
2018-12-26 04:20:00,0.0,7.98535299301147,20.7497291564941
2018-12-26 04:30:00,0.0,8.62677192687988,21.589500427246
2018-12-26 04:40:00,0.0,7.30697917938232,22.8390598297119
2018-12-26 04:50:00,0.0,6.33151006698608,25.958080291748
2018-12-26 05:00:00,0.0,5.91607618331909,22.2257709503173
2018-12-26 05:10:00,0.0,7.07972717285156,20.774070739746
2018-12-26 05:20:00,0.0,8.94369411468505,21.7007598876953
2018-12-26 05:30:00,0.0,6.79421281814575,18.9202003479003
2018-12-26 05:40:00,0.0,7.13299894332885,15.3513097763061
2018-12-26 05:50:00,0.0,7.30364799499511,20.3056392669677
2018-12-26 06:00:00,0.0,7.29577112197875,19.9203605651855
2018-12-26 06:10:00,9.58179378509521,7.95701313018798,11.8812503814697
2018-12-26 06:20:00,0.0,7.62276697158813,19.2978706359863
2018-12-26 06:30:00,0.0,6.5119252204895,35.6490211486816
2018-12-26 06:40:00,0.0,5.90725898742675,49.8157882690429
2018-12-26 06:50:00,0.0,6.98947381973266,41.890380859375
2018-12-26 07:00:00,0.0,6.22261190414428,46.3823699951171
2018-12-26 07:10:00,0.0,7.52880477905273,33.5410690307617
2018-12-26 07:20:00,0.0,7.04415702819824,25.6434898376464
2018-12-26 07:30:00,0.0,6.21249723434448,29.700849533081
2018-12-26 07:40:00,0.0,6.37959384918212,25.481050491333
2018-12-26 07:50:00,0.0,6.32819890975952,23.7001895904541
2018-12-26 08:00:00,0.0,6.20919704437255,22.91109085083
2018-12-26 08:10:00,0.0,6.36908912658691,24.7817096710205
2018-12-26 08:20:00,0.0,6.24930000305175,20.3099002838134
2018-12-26 08:30:00,0.0,7.35172986984252,11.4422597885131
2018-12-26 08:40:00,0.0,7.05564212799072,17.2189407348632
2018-12-26 08:50:00,0.0,7.48287296295166,24.0045299530029
2018-12-26 09:00:00,0.0,8.21698188781738,35.203800201416
2018-12-26 09:10:00,0.0,7.94624185562133,34.5864906311035
2018-12-26 09:20:00,0.0,7.00618886947631,44.0906410217285
2018-12-26 09:30:00,0.0,6.81402683258056,50.9048805236816
2018-12-26 09:40:00,0.0,7.06504201889038,49.098461151123
2018-12-26 09:50:00,0.0,6.39781284332275,46.274070739746
2018-12-26 10:00:00,0.0,6.51045989990234,41.8460006713867
2018-12-26 10:10:00,0.0,7.04013109207153,38.398811340332
2018-12-26 10:20:00,0.0,6.52395105361938,38.9404907226562
2018-12-26 10:30:00,0.0,6.69524478912353,44.339729309082
2018-12-26 10:40:00,0.0,6.24508190155029,37.0263404846191
2018-12-26 10:50:00,0.0,5.91085815429687,23.5153102874755
2018-12-26 11:00:00,0.0,6.27474021911621,19.5601406097412
2018-12-26 11:10:00,0.0,6.09425783157348,22.2235393524169
2018-12-26 11:20:00,0.0,5.60092401504516,24.9657497406005
2018-12-26 11:30:00,0.0,5.51949787139892,27.6822204589843
2018-12-26 11:40:00,0.0,5.24025392532348,34.8967704772949
2018-12-26 11:50:00,0.0,5.19147777557373,39.5563201904296
2018-12-26 12:00:00,0.0,4.75653600692749,25.1247692108154
2018-12-26 12:10:00,0.0,5.41941595077514,31.6085700988769
2018-12-26 12:20:00,0.0,3.84632301330566,28.7843608856201
2018-12-26 12:30:00,0.0,4.23948621749877,30.1300201416015
2018-12-26 12:40:00,0.0,4.52730798721313,22.7405891418457
2018-12-26 12:50:00,0.0,3.44567489624023,11.8154897689819
2018-12-26 13:00:00,0.0,3.75785708427429,14.6698303222656
2018-12-26 13:10:00,0.0,4.43552207946777,49.6335296630859
2018-12-26 13:20:00,0.0,4.70259189605712,49.4793891906738
2018-12-26 13:30:00,0.0,3.99687099456787,44.5227088928222
2018-12-26 13:40:00,0.0,4.28513479232788,48.6389808654785
2018-12-26 13:50:00,0.0,4.61987876892089,59.5225601196289
2018-12-26 14:00:00,0.0,6.24725818634033,56.4193496704101
2018-12-26 14:10:00,0.0,6.10783386230468,49.7006797790527
2018-12-26 14:20:00,0.0,4.86677598953247,48.5204200744628
2018-12-26 14:30:00,0.0,6.27037620544433,36.5087089538574
2018-12-26 14:40:00,0.0,5.57265996932983,29.8004703521728
2018-12-26 14:50:00,0.0,4.7384648323059,26.4074192047119
2018-12-26 15:00:00,0.0,4.36905097961425,28.6878604888916
2018-12-26 15:10:00,0.0,5.26460599899291,30.197130203247
2018-12-26 15:20:00,0.0,4.0203537940979,40.0747489929199
2018-12-26 15:30:00,0.0,4.01801013946533,38.3818702697753
2018-12-26 15:40:00,0.0,4.00661706924438,25.9738101959228
2018-12-26 15:50:00,0.0,4.0191102027893,32.9748382568359
2018-12-26 16:00:00,0.0,4.28205299377441,44.1813697814941
2018-12-26 16:10:00,0.0,4.65715885162353,40.483959197998
2018-12-26 16:20:00,0.0,3.872407913208,39.2342300415039
2018-12-26 16:30:00,0.0,3.64219307899475,50.7227592468261
2018-12-26 16:40:00,0.0,3.3957359790802,49.3774108886718
2018-12-26 16:50:00,0.0,4.32394123077392,55.36323928833
2018-12-26 17:00:00,0.0,4.50817203521728,42.802318572998
2018-12-26 17:10:00,0.0,4.14154911041259,46.9218788146972
2018-12-26 17:20:00,0.0,4.07193899154663,48.0292892456054
2018-12-26 17:30:00,0.0,3.2870500087738,44.9285888671875
2018-12-26 17:40:00,0.0,2.99349403381347,55.3871307373046
2018-12-26 17:50:00,0.0,3.14605593681335,60.9770812988281
2018-12-26 18:00:00,0.0,2.91913199424743,57.2587890625
2018-12-26 18:10:00,0.0,2.1415479183197,40.1397285461425
2018-12-26 18:20:00,0.0,2.01978302001953,54.1813011169433
2018-12-26 18:30:00,0.0,2.32703399658203,61.8208694458007
2018-12-26 18:40:00,0.0,3.0050311088562,35.1697387695312
2018-12-26 18:50:00,0.0,4.43979501724243,17.59787940979
2018-12-26 19:00:00,0.0,4.07626008987426,39.4154586791992
2018-12-26 19:10:00,0.0,3.06282496452331,40.3045387268066
2018-12-26 19:20:00,0.0,2.73676109313964,42.5839691162109
2018-12-26 19:30:00,0.0,2.80645990371704,37.6709785461425
2018-12-26 19:40:00,0.0,2.39804911613464,20.0721607208251
2018-12-26 19:50:00,0.0,2.42580795288085,35.7481498718261
2018-12-26 20:00:00,0.0,2.54952192306518,41.8590583801269
2018-12-26 20:10:00,0.0,2.52418303489685,34.4930686950683
2018-12-26 20:20:00,0.0,2.27294301986694,21.157579421997
2018-12-26 20:30:00,0.0,2.44295907020568,26.8142108917236
2018-12-26 20:40:00,0.0,2.80230498313903,27.0782299041748
2018-12-26 20:50:00,0.0,2.21093392372131,29.0720291137695
2018-12-26 21:00:00,0.0,2.12485790252685,12.4966602325439
2018-12-26 21:10:00,0.0,2.49174189567565,357.333892822265
2018-12-26 21:20:00,0.0,2.75820207595825,355.830291748046
2018-12-26 21:30:00,0.0,3.30785989761352,350.378814697265
2018-12-26 21:40:00,0.0,3.65862798690795,343.17919921875
2018-12-26 21:50:00,0.0,3.46641111373901,341.488311767578
2018-12-26 22:00:00,0.0,3.59010410308837,341.3330078125
2018-12-26 22:10:00,0.0,3.6831510066986,343.233489990234
2018-12-26 22:20:00,0.0,4.19691514968872,345.377807617187
2018-12-26 22:30:00,0.0,4.29652118682861,342.243194580078
2018-12-26 22:40:00,0.0,4.10620021820068,345.984497070312
2018-12-26 22:50:00,0.0,3.09377288818359,350.963592529296
2018-12-26 23:00:00,0.0,2.40896606445312,345.343688964843
2018-12-26 23:10:00,0.0,2.54761409759521,332.680694580078
2018-12-26 23:20:00,0.0,3.25450801849365,325.558410644531
2018-12-26 23:30:00,0.0,3.11627507209777,327.834106445312
2018-12-26 23:40:00,0.0,2.46483898162841,344.330596923828
2018-12-26 23:50:00,0.0,2.61809492111206,359.942291259765
2018-12-27 00:00:00,0.0,2.68359994888305,2.24698400497436
2018-12-27 00:10:00,0.0,2.53460311889648,351.693786621093
2018-12-27 00:20:00,0.0,2.43971490859985,348.824584960937
2018-12-27 00:30:00,0.0,2.37982296943664,356.579498291015
2018-12-27 00:40:00,0.0,2.96506690979003,9.77068710327148
2018-12-27 00:50:00,0.0,3.20182490348815,18.6188793182373
2018-12-27 01:00:00,0.0,3.49781394004821,25.008430480957
2018-12-27 01:10:00,0.0,3.5863881111145,28.1268291473388
2018-12-27 01:20:00,0.0,4.21522998809814,24.0947093963623
2018-12-27 01:30:00,0.0,4.08755922317504,22.4013996124267
2018-12-27 01:40:00,0.0,3.99192404747009,16.6008491516113
2018-12-27 01:50:00,0.0,4.35884809494018,16.6778697967529
2018-12-27 02:00:00,0.0,4.5814208984375,15.9528198242187
2018-12-27 02:10:00,0.0,4.09675216674804,11.4909400939941
2018-12-27 02:20:00,0.0,3.14373993873596,8.65731334686279
2018-12-27 02:30:00,0.0,3.62478494644165,358.816192626953
2018-12-27 02:40:00,0.0,4.42698001861572,348.673614501953
2018-12-27 02:50:00,0.0,4.43107414245605,0.746172428131103
2018-12-27 03:00:00,0.0,3.84198498725891,13.7313899993896
2018-12-27 03:10:00,0.0,4.07003307342529,345.967407226562
2018-12-27 03:20:00,0.0,2.56856203079223,336.921295166015
2018-12-27 03:30:00,0.0,2.36325693130493,337.529998779296
2018-12-27 03:40:00,0.0,2.79913711547851,357.73388671875
2018-12-27 03:50:00,0.0,2.64308094978332,355.767211914062
2018-12-27 04:00:00,0.0,2.3336489200592,333.593688964843
2018-12-27 04:10:00,0.0,2.39618396759033,357.961486816406
2018-12-27 04:20:00,0.0,2.47515106201171,4.60840415954589
2018-12-27 04:30:00,0.0,3.535325050354,14.7791996002197
2018-12-27 04:40:00,0.0,3.46258497238159,15.9752798080444
2018-12-27 04:50:00,0.0,3.72314596176147,17.9029197692871
2018-12-27 05:00:00,0.0,4.52733707427978,24.1709003448486
2018-12-27 05:10:00,0.0,4.47293901443481,39.8918113708496
2018-12-27 05:20:00,0.0,3.84073400497436,33.9595489501953
2018-12-27 05:30:00,0.0,2.60749793052673,34.3411788940429
2018-12-27 05:40:00,0.0,2.18323993682861,31.7320709228515
2018-12-27 05:50:00,0.0,2.3212239742279,12.7621898651123
2018-12-27 06:00:00,0.0,1.62381696701049,8.9755630493164
2018-12-27 06:10:00,0.0,2.25084400177001,358.090087890625
2018-12-27 06:20:00,0.0,2.29691696166992,343.325500488281
2018-12-27 06:30:00,0.0,1.74004101753234,21.3331699371337
2018-12-27 06:40:00,0.0,1.91289496421813,19.1392002105712
2018-12-27 06:50:00,0.0,2.41622400283813,7.32116508483886
2018-12-27 07:00:00,0.0,3.38224911689758,346.814697265625
2018-12-27 07:10:00,0.0,3.15801000595092,335.242401123046
2018-12-27 07:20:00,0.0,2.95318007469177,324.462188720703
2018-12-27 07:30:00,0.0,2.71559596061706,329.555511474609
2018-12-27 07:40:00,0.0,2.48107409477233,331.880401611328
2018-12-27 07:50:00,0.0,2.61919498443603,333.528411865234
2018-12-27 08:00:00,0.0,3.08028697967529,333.093811035156
2018-12-27 08:10:00,0.0,3.13971090316772,332.298889160156
2018-12-27 08:20:00,0.0,3.12673211097717,329.137298583984
2018-12-27 08:30:00,0.0,3.52639198303222,318.723510742187
2018-12-27 08:40:00,0.0,3.32187104225158,309.070892333984
2018-12-27 08:50:00,0.0,2.80496311187744,310.917907714843
2018-12-27 09:00:00,0.0,3.96379804611206,323.089813232421
2018-12-27 09:10:00,0.0,3.16171407699584,310.859405517578
2018-12-27 09:20:00,0.0,2.98177003860473,307.180908203125
2018-12-27 09:30:00,0.0,3.65226101875305,313.599090576171
2018-12-27 09:40:00,0.0,3.49285101890563,317.743713378906
2018-12-27 09:50:00,0.0,4.19267320632934,317.555297851562
2018-12-27 10:00:00,0.0,3.21887898445129,305.300903320312
2018-12-27 10:10:00,0.0,2.68525195121765,292.475799560546
2018-12-27 10:20:00,0.0,3.71880507469177,289.755493164062
2018-12-27 10:30:00,0.0,4.03469991683959,318.955688476562
2018-12-27 10:40:00,0.0,4.55209398269653,314.517486572265
2018-12-27 10:50:00,0.0,3.58641695976257,314.315887451171
2018-12-27 11:00:00,0.0,3.47108101844787,313.631408691406
2018-12-27 11:10:00,0.0,3.33125805854797,324.103912353515
2018-12-27 11:20:00,0.0,3.29744410514831,328.968688964843
2018-12-27 11:30:00,0.0,3.55700206756591,335.416687011718
2018-12-27 11:40:00,0.0,3.02320909500122,324.467407226562
2018-12-27 11:50:00,0.0,2.9539029598236,313.122589111328
2018-12-27 12:00:00,0.0,2.90818309783935,326.871002197265
2018-12-27 12:10:00,0.0,2.9780249595642,329.160003662109
2018-12-27 12:20:00,0.0,2.87963104248046,334.622589111328
2018-12-27 12:30:00,0.0,4.45078182220458,346.659301757812
2018-12-27 12:40:00,0.0,4.83818101882934,338.148010253906
2018-12-27 12:50:00,0.0,4.37166118621826,337.075286865234
2018-12-27 13:00:00,0.0,6.08541011810302,342.665008544921
2018-12-27 13:10:00,0.0,5.7177128791809,351.8544921875
2018-12-27 13:20:00,0.0,4.53394317626953,348.361999511718
2018-12-27 13:30:00,0.0,4.41113710403442,352.998504638671
2018-12-27 13:40:00,0.0,5.5576901435852,355.143585205078
2018-12-27 13:50:00,0.0,6.17869901657104,350.169799804687
2018-12-27 14:00:00,0.0,6.95948886871337,354.420013427734
2018-12-27 14:10:00,0.0,5.92634105682373,3.96301388740539
2018-12-27 14:20:00,0.0,6.08380985260009,18.2479000091552
2018-12-27 14:30:00,0.0,4.33426618576049,25.2583904266357
2018-12-27 14:40:00,0.0,4.09894704818725,27.9285697937011
2018-12-27 14:50:00,0.0,4.15733480453491,20.6710491180419
2018-12-27 15:00:00,0.0,4.15135097503662,28.8813495635986
2018-12-27 15:10:00,0.0,3.59160804748535,27.046329498291
2018-12-27 15:20:00,0.0,3.99864792823791,33.1871299743652
2018-12-27 15:30:00,0.0,4.32256317138671,37.9169197082519
2018-12-27 15:40:00,0.0,3.89728999137878,33.8716316223144
2018-12-27 15:50:00,0.0,3.34850001335144,24.6614208221435
2018-12-27 16:00:00,0.0,3.52837300300598,24.8041496276855
2018-12-27 16:10:00,0.0,3.73163390159606,18.4166202545166
2018-12-27 16:20:00,0.0,4.26203823089599,32.4802093505859
2018-12-27 16:30:00,0.0,5.38054180145263,28.2915306091308
2018-12-27 16:40:00,0.0,4.72835493087768,27.5430107116699
2018-12-27 16:50:00,0.0,5.3334321975708,22.8035297393798
2018-12-27 17:00:00,0.0,5.13591909408569,26.4159507751464
2018-12-27 17:10:00,0.0,4.10986423492431,21.5338802337646
2018-12-27 17:20:00,0.0,4.33191776275634,12.4513397216796
2018-12-27 17:30:00,0.0,3.60713291168212,18.545820236206
2018-12-27 17:40:00,0.0,4.33501482009887,11.233510017395
2018-12-27 17:50:00,0.0,4.39941501617431,8.09055519104003
2018-12-27 18:00:00,0.0,4.3159761428833,20.3452205657958
2018-12-27 18:10:00,0.0,3.7139720916748,26.2251300811767
2018-12-27 18:20:00,0.0,3.97395491600036,12.7349996566772
2018-12-27 18:30:00,0.0,3.94506001472473,2.09130001068115
2018-12-27 18:40:00,0.0,3.19567203521728,5.28638219833374
2018-12-27 18:50:00,0.0,3.53640007972717,359.485595703125
2018-12-27 19:00:00,0.0,3.17719006538391,359.611511230468
2018-12-27 19:10:00,0.0,3.29713010787963,354.871887207031
2018-12-27 19:20:00,0.0,3.87496209144592,351.967895507812
2018-12-27 19:30:00,0.0,3.83562588691711,6.69852685928344
2018-12-27 19:40:00,0.0,2.88246011734008,356.661712646484
2018-12-27 19:50:00,0.0,2.69703698158264,5.66604900360107
2018-12-27 20:00:00,0.0,2.58516907691955,2.1012589931488
2018-12-27 20:10:00,0.0,2.53093099594116,354.854400634765
2018-12-27 20:20:00,0.0,2.45269894599914,353.967803955078
2018-12-27 20:30:00,0.0,3.3909740447998,339.598510742187
2018-12-27 20:40:00,0.0,2.78750896453857,344.499389648437
2018-12-27 20:50:00,0.0,2.49027204513549,356.57958984375
2018-12-27 21:00:00,0.0,2.27943801879882,355.213195800781
2018-12-27 21:10:00,0.0,3.10109305381774,348.734802246093
2018-12-27 21:20:00,0.0,3.16523599624633,343.451110839843
2018-12-27 21:30:00,0.0,2.83516788482666,346.369598388671
2018-12-27 21:40:00,0.0,2.31004691123962,1.86160898208618
2018-12-27 21:50:00,0.0,2.41383504867553,12.3416204452514
2018-12-27 22:00:00,0.0,2.23508095741271,11.5487203598022
2018-12-27 22:10:00,0.0,2.23010301589965,7.2358169555664
2018-12-27 22:20:00,0.0,2.3726270198822,19.0167407989501
2018-12-27 22:30:00,0.0,2.4436490535736,16.9116497039794
2018-12-27 22:40:00,0.0,2.40123200416564,10.187629699707
2018-12-27 22:50:00,0.0,2.18351697921752,0.536107122898101
2018-12-27 23:00:00,0.0,2.44001293182373,16.6359901428222
2018-12-27 23:10:00,0.0,2.41161203384399,22.6613597869873
2018-12-27 23:20:00,0.0,2.11493802070617,17.9194908142089
2018-12-27 23:30:00,0.0,2.14846611022949,7.87872123718261
2018-12-27 23:40:00,0.0,2.51092195510864,1.34404504299163
2018-12-27 23:50:00,0.0,3.63295602798461,27.613389968872
2018-12-28 00:00:00,0.0,3.80416989326477,33.6986503601074
2018-12-28 00:10:00,0.0,3.33296489715576,21.4885101318359
2018-12-28 00:20:00,0.0,4.82416296005249,40.7677383422851
2018-12-28 00:30:00,0.0,3.60478997230529,34.5016784667968
2018-12-28 00:40:00,0.0,2.51096510887145,31.2654495239257
2018-12-28 00:50:00,0.0,2.99464988708496,50.3806114196777
2018-12-28 01:00:00,0.0,3.28960609436035,56.2221794128417
2018-12-28 01:10:00,0.0,3.66178894042968,59.926399230957
2018-12-28 01:20:00,0.0,2.85116100311279,46.5520706176757
2018-12-28 01:30:00,0.0,3.22738003730773,59.4560012817382
2018-12-28 01:40:00,0.0,3.4496738910675,61.0420494079589
2018-12-28 01:50:00,0.0,3.36861395835876,60.8327903747558
2018-12-28 02:00:00,0.0,3.20236611366271,60.3159103393554
2018-12-28 02:10:00,0.0,2.43082308769226,54.54833984375
2018-12-28 02:20:00,0.0,2.74162793159484,61.5862998962402
2018-12-28 02:30:00,0.0,3.01345610618591,68.5425033569335
2018-12-28 02:40:00,0.0,3.3590281009674,77.9687728881835
2018-12-28 02:50:00,0.0,3.40752696990966,72.4402465820312
2018-12-28 03:00:00,0.0,3.25357604026794,66.8840789794921
2018-12-28 03:10:00,0.0,2.68916606903076,52.2369308471679
2018-12-28 03:20:00,0.0,2.7977271080017,54.1382217407226
2018-12-28 03:30:00,0.0,2.62321710586547,50.43994140625
2018-12-28 03:40:00,0.0,2.96968698501586,53.1123390197753
2018-12-28 03:50:00,0.0,3.40891599655151,61.8228187561035
2018-12-28 04:00:00,0.0,3.4021999835968,64.5251235961914
2018-12-28 04:10:00,0.0,3.14921689033508,68.2661437988281
2018-12-28 04:20:00,0.0,3.10679292678833,62.1656608581542
2018-12-28 04:30:00,0.0,2.89065790176391,57.7191009521484
2018-12-28 04:40:00,0.0,3.06771802902221,57.5472602844238
2018-12-28 04:50:00,0.0,3.6677610874176,60.2058906555175
2018-12-28 05:00:00,0.0,3.42292308807373,61.858169555664
2018-12-28 05:10:00,0.0,3.67592000961303,77.5016403198242
2018-12-28 05:20:00,0.0,3.06466007232666,76.59375
2018-12-28 05:30:00,0.0,3.12099003791809,69.2961730957031
2018-12-28 05:40:00,0.0,3.7637779712677,66.1159362792968
2018-12-28 05:50:00,0.0,3.61305999755859,60.8744506835937
2018-12-28 06:00:00,0.0,3.54891395568847,63.6118507385253
2018-12-28 06:10:00,0.0,3.30823111534118,67.0139389038085
2018-12-28 06:20:00,0.0,3.15493893623352,70.5800704956054
2018-12-28 06:30:00,0.0,3.53460597991943,79.1358566284179
2018-12-28 06:40:00,0.0,3.96223592758178,87.1989364624023
2018-12-28 06:50:00,0.0,3.74461007118225,90.7649230957031
2018-12-28 07:00:00,0.0,3.32281994819641,94.8931274414062
2018-12-28 07:10:00,0.0,3.08455204963684,95.8948822021484
2018-12-28 07:20:00,0.0,3.61795902252197,98.2914428710937
2018-12-28 07:30:00,0.0,3.67958688735961,99.6873397827148
2018-12-28 07:40:00,0.0,3.66256403923034,110.91470336914
2018-12-28 07:50:00,0.0,3.59889602661132,118.157897949218
2018-12-28 08:00:00,0.0,3.84528493881225,143.424896240234
2018-12-28 08:10:00,0.0,3.53656792640686,146.645904541015
2018-12-28 08:20:00,0.0,3.3286600112915,159.386505126953
2018-12-28 08:30:00,0.0,2.75524592399597,159.932296752929
2018-12-28 08:40:00,0.0,2.00553798675537,152.750595092773
2018-12-28 08:50:00,0.0,1.90215599536895,158.631195068359
2018-12-28 09:00:00,0.0,1.76486098766326,134.950805664062
2018-12-28 09:10:00,0.0,1.73886203765869,116.633796691894
2018-12-28 09:20:00,0.0,1.43742001056671,86.5770874023437
2018-12-28 09:30:00,0.0,1.86246001720428,91.8976287841796
2018-12-28 09:40:00,0.0,1.97209703922271,99.3571472167968
2018-12-28 09:50:00,0.0,2.06640601158142,111.179496765136
2018-12-28 10:00:00,0.0,1.43053996562957,98.8590774536132
2018-12-28 10:10:00,0.0,1.34756100177764,81.1841506958007
2018-12-28 10:20:00,0.0,1.45651495456695,77.8439025878906
2018-12-28 10:30:00,0.0,2.04847598075866,99.0357971191406
2018-12-28 10:40:00,0.0,1.40381896495819,70.1549530029296
2018-12-28 10:50:00,0.0,1.9997010231018,108.419898986816
2018-12-28 11:00:00,0.0,1.93283402919769,135.124694824218
2018-12-28 11:10:00,0.0,1.34166395664215,126.844596862792
2018-12-28 11:20:00,0.0,1.75349795818328,123.775100708007
2018-12-28 11:30:00,0.0,2.35940098762512,92.095230102539
2018-12-28 11:40:00,0.0,2.3852789402008,66.9278564453125
2018-12-28 11:50:00,0.0,2.12286400794982,57.6605110168457
2018-12-28 12:00:00,0.0,1.78095805644989,61.8462104797363
2018-12-28 12:10:00,0.0,1.48810601234436,45.3513488769531
2018-12-28 12:20:00,0.0,2.04262995719909,104.330703735351
2018-12-28 12:30:00,0.0,2.47761297225952,145.486206054687
2018-12-28 12:40:00,0.0,1.97583496570587,131.351196289062
2018-12-28 12:50:00,0.0,1.98021101951599,111.861000061035
2018-12-28 13:00:00,0.0,1.4353300333023,165.425598144531
2018-12-28 13:10:00,0.0,1.74447405338287,171.528900146484
2018-12-28 13:20:00,0.0,2.15960788726806,175.273895263671
2018-12-28 13:30:00,0.0,1.96311604976654,166.490798950195
2018-12-28 13:40:00,0.0,2.44977498054504,190.781204223632
2018-12-28 13:50:00,0.0,2.92565202713012,182.874694824218
2018-12-28 14:00:00,0.0,2.70219206809997,173.599395751953
2018-12-28 14:10:00,0.0,3.18425488471984,174.555999755859
2018-12-28 14:20:00,0.0,2.79940795898437,175.946395874023
2018-12-28 14:30:00,0.0,2.9683780670166,171.42300415039
2018-12-28 14:40:00,0.0,2.97224903106689,162.94140625
2018-12-28 14:50:00,0.0,3.31769299507141,163.650695800781
2018-12-28 15:00:00,0.0,3.72072005271911,164.783599853515
2018-12-28 15:10:00,0.0,4.46473121643066,172.332702636718
2018-12-28 15:20:00,78.7203979492187,3.96368098258972,169.891906738281
2018-12-28 15:30:00,165.083694458007,4.42448806762695,169.291793823242
2018-12-28 15:40:00,195.768402099609,4.71976900100708,171.420501708984
2018-12-28 15:50:00,187.006698608398,4.57228994369506,174.637603759765
2018-12-28 16:00:00,205.568206787109,4.59314918518066,183.457199096679
2018-12-28 16:10:00,239.182907104492,4.69679880142211,186.094497680664
2018-12-28 16:20:00,165.36799621582,4.37844276428222,188.979598999023
2018-12-28 16:30:00,144.251007080078,4.18724679946899,191.239303588867
2018-12-28 16:40:00,274.494903564453,4.89615297317504,188.483703613281
2018-12-28 16:50:00,418.677795410156,5.6783652305603,180.792602539062
2018-12-28 17:00:00,548.789184570312,5.79669094085693,182.222702026367
2018-12-28 17:10:00,637.139282226562,6.06673002243041,182.817199707031
2018-12-28 17:20:00,743.831787109375,6.40700912475585,186.356094360351
2018-12-28 17:30:00,682.181823730468,6.44721603393554,188.788101196289
2018-12-28 17:40:00,645.056579589843,6.35844707489013,188.975601196289
2018-12-28 17:50:00,496.193298339843,5.92321395874023,194.450805664062
2018-12-28 18:00:00,560.823974609375,6.11281776428222,193.969100952148
2018-12-28 18:10:00,568.486999511718,6.22025394439697,194.167098999023
2018-12-28 18:20:00,549.614318847656,6.21370792388916,202.583099365234
2018-12-28 18:30:00,495.51089477539,6.04600381851196,205.203399658203
2018-12-28 18:40:00,584.938720703125,6.13267183303833,204.188705444335
2018-12-28 18:50:00,740.119384765625,6.54613494873046,202.520706176757
2018-12-28 19:00:00,877.4970703125,6.83733701705932,204.851303100585
2018-12-28 19:10:00,815.786071777343,6.66280317306518,206.705795288085
2018-12-28 19:20:00,685.284729003906,6.35757398605346,206.046997070312
2018-12-28 19:30:00,627.587097167968,6.11265420913696,206.087005615234
2018-12-28 19:40:00,609.844177246093,6.20215702056884,202.811706542968
2018-12-28 19:50:00,803.429626464843,6.90799617767333,195.627502441406
2018-12-28 20:00:00,773.749572753906,6.84713697433471,190.062896728515
2018-12-28 20:10:00,609.291015625,6.3327579498291,191.41079711914
2018-12-28 20:20:00,450.263000488281,5.90418291091918,195.402801513671
2018-12-28 20:30:00,343.091094970703,5.44144201278686,200.274597167968
2018-12-28 20:40:00,287.260009765625,4.98061990737915,209.953506469726
2018-12-28 20:50:00,165.443893432617,4.04103803634643,220.061294555664
2018-12-28 21:00:00,161.607498168945,4.04380321502685,222.50830078125
2018-12-28 21:10:00,135.984603881835,3.97224497795104,229.696792602539
2018-12-28 21:20:00,170.810501098632,4.25067377090454,230.334503173828
2018-12-28 21:30:00,201.345596313476,4.4611530303955,227.53010559082
2018-12-28 21:40:00,281.48599243164,4.96967792510986,230.42219543457
2018-12-28 21:50:00,248.101593017578,4.71372699737548,233.796005249023
2018-12-28 22:00:00,207.514007568359,4.49461507797241,241.136993408203
2018-12-28 22:10:00,151.13850402832,4.28305387496948,239.70620727539
2018-12-28 22:20:00,138.87890625,4.23231601715087,235.857192993164
2018-12-28 22:30:00,272.618713378906,5.01247215270996,230.552505493164
2018-12-28 22:40:00,350.092712402343,5.29332208633422,226.767395019531
2018-12-28 22:50:00,346.598388671875,5.28339385986328,227.363296508789
2018-12-28 23:00:00,287.806701660156,5.00622415542602,221.41650390625
2018-12-28 23:10:00,238.712997436523,4.6621971130371,223.498901367187
2018-12-28 23:20:00,182.103805541992,4.38922405242919,220.596603393554
2018-12-28 23:30:00,172.832107543945,4.39966201782226,217.521194458007
2018-12-28 23:40:00,144.55320739746,4.14593887329101,215.603805541992
2018-12-28 23:50:00,209.60920715332,4.52042579650878,214.377197265625
2018-12-29 00:00:00,444.106811523437,5.69054698944091,206.054092407226
2018-12-29 00:10:00,506.883087158203,6.02351999282836,210.682296752929
2018-12-29 00:20:00,375.299102783203,5.40294790267944,213.279205322265
2018-12-29 00:30:00,442.254699707031,5.73146104812622,207.249893188476
2018-12-29 00:40:00,481.7333984375,5.853609085083,206.862594604492
2018-12-29 00:50:00,532.507690429687,6.11867094039916,205.724502563476
2018-12-29 01:00:00,508.022399902343,6.00334405899047,212.426803588867
2018-12-29 01:10:00,478.674011230468,5.67640399932861,221.11929321289
2018-12-29 01:20:00,618.852294921875,6.27732801437377,215.351806640625
2018-12-29 01:30:00,724.054016113281,6.7185001373291,210.595001220703
2018-12-29 01:40:00,727.238525390625,6.45567798614501,216.1123046875
2018-12-29 01:50:00,886.928283691406,6.91090011596679,214.270797729492
2018-12-29 02:00:00,824.530029296875,6.63571691513061,216.78140258789
2018-12-29 02:10:00,808.012878417968,6.50179100036621,215.067398071289
2018-12-29 02:20:00,647.664672851562,6.01835918426513,217.395294189453
2018-12-29 02:30:00,524.5302734375,5.59138393402099,221.808807373046
2018-12-29 02:40:00,705.820983886718,6.22050523757934,221.392303466796
2018-12-29 02:50:00,634.654602050781,6.11334419250488,216.796600341796
2018-12-29 03:00:00,502.421508789062,5.58642101287841,222.00439453125
2018-12-29 03:10:00,381.431396484375,5.16494417190551,222.927902221679
2018-12-29 03:20:00,443.963012695312,5.38678789138793,224.470794677734
2018-12-29 03:30:00,411.205413818359,5.38245487213134,228.845901489257
2018-12-29 03:40:00,272.875885009765,4.86751985549926,217.974700927734
2018-12-29 03:50:00,185.609497070312,4.19961214065551,227.795303344726
2018-12-29 04:00:00,191.643096923828,4.41378307342529,228.900405883789
2018-12-29 04:10:00,408.794403076171,5.35591506958007,218.14990234375
2018-12-29 04:20:00,293.186706542968,4.73439407348632,213.708297729492
2018-12-29 04:30:00,290.143402099609,4.86057519912719,207.60920715332
2018-12-29 04:40:00,407.686309814453,5.31386804580688,213.322601318359
2018-12-29 04:50:00,396.231201171875,5.21190595626831,218.830596923828
2018-12-29 05:00:00,594.00390625,5.81209421157836,219.69189453125
2018-12-29 05:10:00,561.208312988281,5.85034322738647,226.156494140625
2018-12-29 05:20:00,580.005187988281,5.89335918426513,225.311904907226
2018-12-29 05:30:00,518.298217773437,5.70490598678588,224.29539489746
2018-12-29 05:40:00,427.681884765625,5.35573196411132,229.565597534179
2018-12-29 05:50:00,395.91958618164,5.14262199401855,228.733093261718
2018-12-29 06:00:00,417.493988037109,5.17729377746582,226.987396240234
2018-12-29 06:10:00,482.019714355468,5.50909805297851,224.98289489746
2018-12-29 06:20:00,485.230499267578,5.55306816101074,232.015701293945
2018-12-29 06:30:00,505.992095947265,5.57131814956665,228.830703735351
2018-12-29 06:40:00,830.759826660156,6.54787397384643,219.766296386718
2018-12-29 06:50:00,1192.85803222656,7.46186017990112,215.090499877929
2018-12-29 07:00:00,1143.85095214843,7.05510187149047,218.08560180664
2018-12-29 07:10:00,1104.47705078125,6.98758220672607,221.854598999023
2018-12-29 07:20:00,1515.28002929687,7.93591976165771,226.328903198242
2018-12-29 07:30:00,1702.88793945312,8.07954597473144,226.073699951171
2018-12-29 07:40:00,1526.78503417968,7.73409986495971,227.001693725585
2018-12-29 07:50:00,114.494499206542,7.52137088775634,232.54800415039
2018-12-29 08:00:00,0.0,7.7510290145874,238.914398193359
2018-12-29 08:10:00,0.0,8.06963157653808,232.924697875976
2018-12-29 08:20:00,0.0,8.44305610656738,226.507904052734
2018-12-29 08:30:00,0.0,8.72737121582031,219.423706054687
2018-12-29 08:40:00,0.0,7.67355680465698,240.327804565429
2018-12-29 08:50:00,0.0,7.25712490081787,225.095001220703
2018-12-29 09:00:00,0.0,7.31779479980468,234.34080505371
2018-12-29 09:10:00,0.0,6.95449304580688,245.97850036621
2018-12-29 09:20:00,0.0,8.05005645751953,248.008499145507
2018-12-29 09:30:00,0.0,8.72645187377929,255.051300048828
2018-12-29 09:40:00,0.0,8.49593257904052,253.28709411621
2018-12-29 09:50:00,0.0,7.75296115875244,257.587097167968
2018-12-29 10:00:00,0.0,7.22268819808959,257.613891601562
2018-12-29 10:10:00,0.0,7.61671304702758,255.690505981445
2018-12-29 10:20:00,0.0,6.82627820968627,254.699005126953
2018-12-29 10:30:00,0.0,7.58963012695312,260.461608886718
2018-12-29 10:40:00,0.0,7.08542299270629,259.11880493164
2018-12-29 10:50:00,0.0,7.03151082992553,263.677703857421
2018-12-29 11:00:00,0.0,7.73665714263916,266.188507080078
2018-12-29 11:10:00,0.0,7.01390695571899,261.711700439453
2018-12-29 11:20:00,0.0,6.49138784408569,257.805786132812
2018-12-29 11:30:00,0.0,7.19087314605712,263.521514892578
2018-12-29 11:40:00,0.0,7.6153540611267,265.727996826171
2018-12-29 11:50:00,0.0,7.35727405548095,268.140808105468
2018-12-29 12:00:00,0.0,6.42517805099487,263.272491455078
2018-12-29 12:10:00,0.0,6.60121202468872,264.672088623046
2018-12-29 12:20:00,0.0,7.00111818313598,274.568389892578
2018-12-29 12:30:00,0.0,7.23233795166015,274.241088867187
2018-12-29 12:40:00,0.0,7.38965511322021,277.555297851562
2018-12-29 12:50:00,0.0,6.71796178817749,273.789093017578
2018-12-29 13:00:00,0.0,6.4646201133728,269.952697753906
2018-12-29 13:10:00,0.0,7.64709091186523,278.40478515625
2018-12-29 13:20:00,0.0,6.87502002716064,275.529388427734
2018-12-29 13:30:00,0.0,6.5594139099121,267.1494140625
2018-12-29 13:40:00,0.0,6.11877489089965,265.44580078125
2018-12-29 13:50:00,0.0,5.55837106704711,266.922302246093
2018-12-29 14:00:00,0.0,4.87078094482421,257.514099121093
2018-12-29 14:10:00,0.0,4.64166688919067,266.859710693359
2018-12-29 14:20:00,0.0,4.36005496978759,257.116485595703
2018-12-29 14:30:00,0.0,4.73244714736938,262.199798583984
2018-12-29 14:40:00,0.0,4.36534404754638,264.594085693359
2018-12-29 14:50:00,3.7315969467163,4.39947795867919,268.997589111328
2018-12-29 15:00:00,0.638265311717987,4.08313179016113,271.798095703125
2018-12-29 15:10:00,0.0,4.50815296173095,279.529388427734
2018-12-29 15:20:00,0.0,4.24260377883911,284.119995117187
2018-12-29 15:30:00,0.0,4.1464238166809,296.551605224609
2018-12-29 15:40:00,0.0,4.25197410583496,295.288299560546
2018-12-29 15:50:00,0.0,3.48538303375244,286.241394042968
2018-12-29 16:00:00,0.0,3.14342188835144,288.351287841796
2018-12-29 16:10:00,0.0,3.0665431022644,301.854705810546
2018-12-29 16:20:00,0.0,3.20501995086669,297.408905029296
2018-12-29 16:30:00,0.0,3.33881211280822,295.124114990234
2018-12-29 16:40:00,0.0,3.37990403175354,304.539306640625
2018-12-29 16:50:00,0.0,3.24321699142456,301.896209716796
2018-12-29 17:00:00,0.0,3.36170411109924,311.8837890625
2018-12-29 17:10:00,0.0,4.27149581909179,303.045013427734
2018-12-29 17:20:00,0.0,3.63258099555969,313.002990722656
2018-12-29 17:30:00,0.0,4.27127695083618,329.05288696289
2018-12-29 17:40:00,0.0,4.2304720878601,330.155700683593
2018-12-29 17:50:00,0.0,3.82094001770019,341.083587646484
2018-12-29 18:00:00,0.0,3.14872908592224,315.681091308593
2018-12-29 18:10:00,0.0,3.18937897682189,323.842987060546
2018-12-29 18:20:00,0.0,3.8365089893341,321.489593505859
2018-12-29 18:30:00,0.0,3.2509388923645,308.301391601562
2018-12-29 18:40:00,0.0,4.2350378036499,311.947387695312
2018-12-29 18:50:00,0.0,3.49594497680664,324.107299804687
2018-12-29 19:00:00,0.0,4.24844884872436,341.354888916015
2018-12-29 19:10:00,0.0,4.45442199707031,328.157287597656
2018-12-29 19:20:00,0.0,4.76938915252685,322.119110107421
2018-12-29 19:30:00,0.0,5.03563690185546,320.567993164062
2018-12-29 19:40:00,25.4149494171142,6.81060791015625,330.8046875
2018-12-29 19:50:00,48.6514091491699,6.76698303222656,338.010711669921
2018-12-29 20:00:00,66.3978881835937,7.67543888092041,343.988098144531
2018-12-29 20:10:00,83.7085266113281,7.48207092285156,345.315612792968
2018-12-29 20:20:00,133.135696411132,8.36002254486083,350.643096923828
2018-12-29 20:30:00,129.767395019531,8.11186695098876,1.7675290107727
2018-12-29 20:40:00,262.151611328125,10.2669200897216,5.31891298294067
2018-12-29 20:50:00,231.534393310546,9.40495777130126,8.096040725708
2018-12-29 21:00:00,133.945098876953,8.91146659851074,19.2840309143066
2018-12-29 21:10:00,0.0,10.3776702880859,30.1524391174316
2018-12-29 21:20:00,0.0,10.0811500549316,24.5188598632812
2018-12-29 21:30:00,110.344703674316,8.38422775268554,20.1466197967529
2018-12-29 21:40:00,72.9010467529296,7.64695882797241,25.7593593597412
2018-12-29 21:50:00,59.9904594421386,7.29549598693847,25.7285499572753
2018-12-29 22:00:00,28.0148296356201,6.77846717834472,21.6361293792724
2018-12-29 22:10:00,194.032394409179,8.30500793457031,24.0228805541992
2018-12-29 22:20:00,201.854705810546,8.48833179473876,25.0177192687988
2018-12-29 22:30:00,85.0735321044921,7.39221620559692,24.6912994384765
2018-12-29 22:40:00,72.4427108764648,7.1983208656311,26.8373699188232
2018-12-29 22:50:00,9.26918220520019,6.67870092391967,32.0899391174316
2018-12-29 23:00:00,0.0,6.39450693130493,36.2529907226562
2018-12-29 23:10:00,58.5655097961425,7.81837701797485,32.2379989624023
2018-12-29 23:20:00,60.5527610778808,7.78295278549194,33.1271209716796
2018-12-29 23:30:00,62.6945495605468,8.00220680236816,31.9993095397949
2018-12-29 23:40:00,92.3615036010742,8.60999774932861,30.9434509277343
2018-12-29 23:50:00,31.8950290679931,7.83141613006591,30.6021995544433
2018-12-30 00:00:00,1.73593401908874,7.29491519927978,30.9643497467041
2018-12-30 00:10:00,0.0,6.09126281738281,31.0921802520751
2018-12-30 00:20:00,0.0,5.79683113098144,26.9953899383544
2018-12-30 00:30:00,0.0,4.4029688835144,26.269790649414
2018-12-30 00:40:00,0.0,5.92969989776611,31.3393192291259
2018-12-30 00:50:00,0.0,4.72060823440551,29.4676399230957
2018-12-30 01:00:00,0.0,6.46265411376953,35.7364997863769
2018-12-30 01:10:00,0.0,6.63329601287841,31.0591297149658
2018-12-30 01:20:00,0.0,6.43061780929565,29.2791404724121
2018-12-30 01:30:00,0.0,6.03737878799438,27.1509799957275
2018-12-30 01:40:00,0.0,6.40606784820556,21.1271991729736
2018-12-30 01:50:00,0.0,6.06890106201171,23.2426204681396
2018-12-30 02:00:00,0.0,5.85076999664306,18.5845909118652
2018-12-30 02:10:00,0.0,6.13173198699951,24.3555507659912
2018-12-30 02:20:00,0.0,5.24117803573608,22.5824794769287
2018-12-30 02:30:00,0.0,4.95498418807983,11.566909790039
2018-12-30 02:40:00,0.0,6.18583583831787,14.2768697738647
2018-12-30 02:50:00,0.0,5.2192940711975,16.1876907348632
2018-12-30 03:00:00,0.0,5.11404514312744,14.4165000915527
2018-12-30 03:10:00,0.0,3.78243494033813,4.69315814971923
2018-12-30 03:20:00,0.0,5.63988208770751,359.656494140625
2018-12-30 03:30:00,0.0,5.29448795318603,16.0260696411132
2018-12-30 03:40:00,0.0,5.11421823501586,21.6155796051025
2018-12-30 03:50:00,0.0,4.13019323348999,18.970100402832
2018-12-30 04:00:00,0.0,3.93161797523498,2.90215110778808
2018-12-30 04:10:00,0.0,3.27639508247375,9.82486152648925
2018-12-30 04:20:00,0.0,3.45912790298461,22.1280307769775
2018-12-30 04:30:00,0.0,4.15356492996215,41.2068099975585
2018-12-30 04:40:00,0.0,3.93417501449584,41.0004196166992
2018-12-30 04:50:00,0.0,3.17704391479492,33.1118011474609
2018-12-30 05:00:00,0.0,3.23746705055236,37.8019905090332
2018-12-30 05:10:00,0.0,3.66307091712951,44.5874481201171
2018-12-30 05:20:00,0.0,3.32887196540832,46.896198272705
2018-12-30 05:30:00,0.0,3.48621010780334,36.6707000732421
2018-12-30 05:40:00,0.0,3.62380290031433,38.978099822998
2018-12-30 05:50:00,0.0,3.0644838809967,34.6087608337402
2018-12-30 06:00:00,0.0,3.05306410789489,34.7592315673828
2018-12-30 06:10:00,0.0,2.91924691200256,37.0201988220214
2018-12-30 06:20:00,0.0,2.15219902992248,28.2768993377685
2018-12-30 06:30:00,0.0,2.07886910438537,21.5227909088134
2018-12-30 06:40:00,0.0,2.10352993011474,31.6913509368896
2018-12-30 06:50:00,0.0,1.65797805786132,33.7158317565917
2018-12-30 07:00:00,0.0,1.03633296489715,358.446105957031
2018-12-30 07:10:00,0.0,1.27884805202484,5.16959190368652
2018-12-30 07:20:00,0.0,2.48026490211486,65.4882583618164
2018-12-30 07:30:00,0.0,2.28479194641113,69.6530990600585
2018-12-30 07:40:00,0.0,1.49314498901367,66.533821105957
2018-12-30 07:50:00,0.0,1.79960799217224,11.231309890747
2018-12-30 08:00:00,0.0,2.12496209144592,352.176086425781
2018-12-30 08:10:00,0.0,1.5090719461441,346.897003173828
2018-12-30 08:20:00,0.0,1.33043003082275,333.894104003906
2018-12-30 08:30:00,0.0,3.28905606269836,335.69448852539
2018-12-30 08:40:00,0.0,3.14910101890563,358.874786376953
2018-12-30 08:50:00,0.0,2.9822359085083,32.8255882263183
2018-12-30 09:00:00,0.0,2.53724098205566,29.0392303466796
2018-12-30 09:10:00,0.0,2.41888499259948,27.4930191040039
2018-12-30 09:20:00,0.0,1.43086004257202,9.9024953842163
2018-12-30 09:30:00,0.0,3.24910998344421,337.956390380859
2018-12-30 09:40:00,0.0,2.93095898628234,334.362091064453
2018-12-30 09:50:00,0.0,3.26714706420898,340.234191894531
2018-12-30 10:00:00,0.0,2.64330005645751,344.406585693359
2018-12-30 10:10:00,0.0,1.85794496536254,20.7935104370117
2018-12-30 10:20:00,0.0,1.8155870437622,358.186004638671
2018-12-30 10:30:00,0.0,1.87095201015472,346.49951171875
2018-12-30 10:40:00,0.0,2.36508989334106,346.538299560546
2018-12-30 10:50:00,0.0,1.63166201114654,355.342803955078
2018-12-30 11:00:00,0.0,1.35495698451995,352.472290039062
2018-12-30 11:10:00,0.0,1.32080996036529,348.341094970703
2018-12-30 11:20:00,0.0,1.74297094345092,348.884399414062
2018-12-30 11:30:00,0.0,1.58081603050231,15.7425298690795
2018-12-30 11:40:00,0.0,1.39500594139099,18.4375190734863
2018-12-30 11:50:00,0.0,1.45584499835968,355.960205078125
2018-12-30 12:00:00,0.0,1.37981498241424,20.3723201751708
2018-12-30 12:10:00,0.0,1.13217997550964,29.8400707244873
2018-12-30 12:20:00,0.0,0.938840985298156,51.779930114746
2018-12-30 12:30:00,0.0,0.789525628089904,48.3853302001953
2018-12-30 12:40:00,0.0,0.627706289291381,18.1823902130126
2018-12-30 12:50:00,0.0,0.474267512559891,254.585006713867
2018-12-30 13:00:00,0.0,0.589193820953369,157.761505126953
2018-12-30 13:10:00,0.0,0.877926290035247,65.0906829833984
2018-12-30 13:20:00,0.0,1.02191603183746,48.9281196594238
2018-12-30 13:30:00,0.0,0.785644471645355,9.62076377868652
2018-12-30 13:40:00,0.0,1.61183202266693,28.9259300231933
2018-12-30 13:50:00,0.0,2.50363302230834,34.2211418151855
2018-12-30 14:00:00,0.0,3.03490900993347,56.0460586547851
2018-12-30 14:10:00,0.0,2.50642609596252,62.8287887573242
2018-12-30 14:20:00,0.0,3.19160103797912,68.5460815429687
2018-12-30 14:30:00,0.0,2.71374011039733,59.6392097473144
2018-12-30 14:40:00,0.0,1.32311201095581,65.2067031860351
2018-12-30 14:50:00,0.0,2.31805896759033,68.3425979614257
2018-12-30 15:00:00,0.0,1.9300719499588,77.4381790161132
2018-12-30 15:10:00,0.0,2.3206729888916,57.7117004394531
2018-12-30 15:20:00,0.0,2.69705295562744,49.6665802001953
2018-12-30 15:30:00,0.0,2.7890989780426,53.2509689331054
2018-12-30 15:40:00,0.0,2.82485103607177,65.5995178222656
2018-12-30 15:50:00,0.0,3.03844690322875,64.220359802246
2018-12-30 16:00:00,0.0,2.43823099136352,53.5766792297363
2018-12-30 16:10:00,0.0,2.45111393928527,55.2631301879882
2018-12-30 16:20:00,0.0,2.38605403900146,60.3549690246582
2018-12-30 16:30:00,0.0,2.09496808052062,63.55855178833
2018-12-30 16:40:00,0.0,2.69449996948242,67.0097503662109
2018-12-30 16:50:00,0.0,2.55392289161682,57.0722694396972
2018-12-30 17:00:00,0.0,2.56577897071838,58.7257690429687
2018-12-30 17:10:00,0.0,2.83157300949096,62.3062400817871
2018-12-30 17:20:00,0.0,3.16910910606384,63.5375099182128
2018-12-30 17:30:00,0.0,3.30740094184875,62.6293601989746
2018-12-30 17:40:00,0.0,4.11402606964111,65.1318969726562
2018-12-30 17:50:00,3.52720189094543,3.60198807716369,60.5029602050781
2018-12-30 18:00:00,0.0,2.52882599830627,63.7122802734375
2018-12-30 18:10:00,0.0,2.11531901359558,65.0369873046875
2018-12-30 18:20:00,0.0,2.72879791259765,76.2099990844726
2018-12-30 18:30:00,0.0,2.2825129032135,79.5873336791992
2018-12-30 18:40:00,0.0,1.79850900173187,64.8512878417968
2018-12-30 18:50:00,0.0,2.15009307861328,52.9256896972656
2018-12-30 19:00:00,0.0,2.72671508789062,46.2666091918945
2018-12-30 19:10:00,0.0,2.16303896903991,72.4168167114257
2018-12-30 19:20:00,0.0,1.84110796451568,87.448127746582
2018-12-30 19:30:00,0.0,1.37570095062255,92.7507019042968
2018-12-30 19:40:00,0.0,0.343080312013626,246.854598999023
2018-12-30 19:50:00,0.0,1.18311500549316,289.979187011718
2018-12-30 20:00:00,0.0,1.46126496791839,295.491088867187
2018-12-30 20:10:00,0.0,1.19140994548797,5.27260017395019
2018-12-30 20:20:00,0.0,0.932797789573669,73.9252471923828
2018-12-30 20:30:00,0.0,0.775210976600646,91.672622680664
2018-12-30 20:40:00,0.0,0.669238805770874,92.5473480224609
2018-12-30 20:50:00,0.0,0.850992977619171,54.1042213439941
2018-12-30 21:00:00,0.0,1.52966296672821,34.6416702270507
2018-12-30 21:10:00,0.0,1.05169701576232,66.8865509033203
2018-12-30 21:20:00,0.0,1.21542203426361,36.1037292480468
2018-12-30 21:30:00,0.0,0.593324482440948,74.7948303222656
2018-12-30 21:40:00,0.0,0.455601513385773,62.3751487731933
2018-12-30 21:50:00,0.0,1.20434498786926,286.813903808593
2018-12-30 22:00:00,0.0,1.1291229724884,243.279907226562
2018-12-30 22:10:00,0.0,1.23954796791076,216.264404296875
2018-12-30 22:20:00,0.0,1.18488705158233,203.121704101562
2018-12-30 22:30:00,0.0,1.57836604118347,207.178802490234
2018-12-30 22:40:00,0.0,1.14090204238891,175.815307617187
2018-12-30 22:50:00,0.0,0.491281509399414,133.496704101562
2018-12-30 23:00:00,0.0,0.55495148897171,84.7333908081054
2018-12-30 23:10:00,0.0,0.867918074131011,106.125
2018-12-30 23:20:00,0.0,1.10397505760192,120.838203430175
2018-12-30 23:30:00,0.0,1.19967901706695,99.527099609375
2018-12-30 23:40:00,0.0,0.816038906574249,74.187889099121
2018-12-30 23:50:00,0.0,0.588163495063781,83.4122619628906
2018-12-31 00:00:00,0.0,0.538558483123779,71.8155288696289
2018-12-31 00:10:00,0.0,0.657424986362457,72.0337829589843
2018-12-31 00:20:00,0.0,0.378508687019348,68.7577819824218
2018-12-31 00:30:00,0.0,0.860654175281524,83.402359008789
2018-12-31 00:40:00,0.0,1.18911004066467,85.5869216918945
2018-12-31 00:50:00,0.0,2.2652359008789,97.0304718017578
2018-12-31 01:00:00,0.0,2.76090002059936,118.356101989746
2018-12-31 01:10:00,0.0,3.92282199859619,124.522796630859
2018-12-31 01:20:00,140.368499755859,4.74367380142211,138.414794921875
2018-12-31 01:30:00,122.787696838378,4.15381002426147,148.047698974609
2018-12-31 01:40:00,0.0,2.47246694564819,241.048904418945
2018-12-31 01:50:00,0.0,2.49538111686706,269.109710693359
2018-12-31 02:00:00,0.0,2.91755104064941,233.291595458984
2018-12-31 02:10:00,0.0,2.52146410942077,240.443405151367
2018-12-31 02:20:00,0.0,2.61463904380798,252.397796630859
2018-12-31 02:30:00,0.0,2.62596797943115,256.752288818359
2018-12-31 02:40:00,0.0,2.45402789115905,262.945098876953
2018-12-31 02:50:00,0.0,2.48278999328613,259.824005126953
2018-12-31 03:00:00,0.0,2.15576291084289,263.031585693359
2018-12-31 03:10:00,0.0,2.31476092338562,259.610412597656
2018-12-31 03:20:00,0.0,2.51993608474731,258.610687255859
2018-12-31 03:30:00,0.0,2.20900392532348,251.707397460937
2018-12-31 03:40:00,0.0,1.88541495800018,250.852096557617
2018-12-31 03:50:00,0.0,1.57896602153778,260.14761352539
2018-12-31 04:00:00,0.0,1.03551697731018,278.341705322265
2018-12-31 04:10:00,0.0,1.46439003944396,271.358184814453
2018-12-31 04:20:00,0.0,2.70387911796569,245.129501342773
2018-12-31 04:30:00,0.0,3.27493000030517,234.612594604492
2018-12-31 04:40:00,0.0,2.88549304008483,235.062194824218
2018-12-31 04:50:00,0.0,2.26709103584289,241.646606445312
2018-12-31 05:00:00,0.0,2.24610590934753,242.068801879882
2018-12-31 05:10:00,0.0,1.17828202247619,274.24951171875
2018-12-31 05:20:00,0.0,1.52931404113769,254.118896484375
2018-12-31 05:30:00,0.0,1.13400602340698,233.846496582031
2018-12-31 05:40:00,0.0,0.362704485654831,191.914901733398
2018-12-31 05:50:00,0.0,0.431046098470688,224.736999511718
2018-12-31 06:00:00,0.0,0.539924681186676,316.677307128906
2018-12-31 06:10:00,0.0,0.724451780319213,128.559692382812
2018-12-31 06:20:00,0.0,0.520939826965332,211.14810180664
2018-12-31 06:30:00,0.0,0.971961975097656,263.404296875
2018-12-31 06:40:00,0.0,0.41912978887558,192.376495361328
2018-12-31 06:50:00,0.0,0.719733774662017,43.0845603942871
2018-12-31 07:00:00,0.0,0.57322347164154,51.2644615173339
2018-12-31 07:10:00,0.0,0.338600397109985,319.64028930664
2018-12-31 07:20:00,0.0,0.602191686630249,16.0958194732666
2018-12-31 07:30:00,0.0,0.884661316871643,11.4243803024291
2018-12-31 07:40:00,0.0,1.71933996677398,0.953863680362701
2018-12-31 07:50:00,0.0,1.31092703342437,39.6706314086914
2018-12-31 08:00:00,0.0,1.11084794998168,104.625099182128
2018-12-31 08:10:00,0.0,1.06552004814147,126.673599243164
2018-12-31 08:20:00,0.0,1.4002239704132,139.335998535156
2018-12-31 08:30:00,0.0,1.33679401874542,145.68130493164
2018-12-31 08:40:00,0.0,0.605822682380676,129.385803222656
2018-12-31 08:50:00,0.0,1.63424098491668,6.10455703735351
2018-12-31 09:00:00,0.0,1.13774096965789,51.4232711791992
2018-12-31 09:10:00,0.0,0.680524826049804,116.958198547363
2018-12-31 09:20:00,0.0,0.449524700641632,146.885498046875
2018-12-31 09:30:00,0.0,1.02441000938415,33.8938598632812
2018-12-31 09:40:00,0.0,1.10105299949645,33.5052108764648
2018-12-31 09:50:00,0.0,1.33465003967285,28.0008697509765
2018-12-31 10:00:00,0.0,2.7026309967041,65.3891525268554
2018-12-31 10:10:00,0.0,3.11873388290405,67.7780227661132
2018-12-31 10:20:00,0.0,2.4985499382019,67.674560546875
2018-12-31 10:30:00,0.0,2.62051892280578,71.8802032470703
2018-12-31 10:40:00,0.0,2.82751607894897,80.6074295043945
2018-12-31 10:50:00,0.0,2.56301999092102,81.242446899414
2018-12-31 11:00:00,0.0,1.68079996109008,95.1161804199218
2018-12-31 11:10:00,0.0,2.38690495491027,108.525901794433
2018-12-31 11:20:00,0.0,2.42518496513366,99.0668334960937
2018-12-31 11:30:00,0.0,2.94649100303649,83.4580612182617
2018-12-31 11:40:00,0.0,2.79508709907531,87.6563262939453
2018-12-31 11:50:00,0.0,3.91659188270568,78.9617004394531
2018-12-31 12:00:00,0.0,3.09104299545288,87.3106231689453
2018-12-31 12:10:00,0.0,2.89236903190612,89.7370910644531
2018-12-31 12:20:00,0.0,2.72250390052795,82.7362518310546
2018-12-31 12:30:00,0.0,2.86985301971435,81.9742965698242
2018-12-31 12:40:00,0.0,3.20195198059082,73.1943893432617
2018-12-31 12:50:00,0.0,3.86132001876831,75.0050735473632
2018-12-31 13:00:00,0.0,3.01292300224304,79.5519866943359
2018-12-31 13:10:00,0.0,2.99898099899291,76.0184783935546
2018-12-31 13:20:00,0.0,2.64790797233581,78.2762908935546
2018-12-31 13:30:00,0.0,2.79698204994201,68.1455307006835
2018-12-31 13:40:00,0.0,3.6702880859375,71.9546585083007
2018-12-31 13:50:00,0.0,4.54496383666992,69.7095870971679
2018-12-31 14:00:00,69.7373733520507,4.36900615692138,63.8162117004394
2018-12-31 14:10:00,74.726463317871,4.09099292755126,56.3989181518554
2018-12-31 14:20:00,100.829200744628,4.12537622451782,57.1455688476562
2018-12-31 14:30:00,115.665702819824,4.17273092269897,55.4996109008789
2018-12-31 14:40:00,183.744995117187,4.50226020812988,57.7529411315917
2018-12-31 14:50:00,338.591186523437,5.28572702407836,65.5456619262695
2018-12-31 15:00:00,501.613189697265,5.88267612457275,67.5424118041992
2018-12-31 15:10:00,483.559997558593,5.83277177810668,67.6382369995117
2018-12-31 15:20:00,548.965698242187,6.08310317993164,70.3223876953125
2018-12-31 15:30:00,479.424285888671,5.89615201950073,72.4304733276367
2018-12-31 15:40:00,368.269409179687,5.45629119873046,74.7707138061523
2018-12-31 15:50:00,573.746520996093,6.03996419906616,74.8352813720703
2018-12-31 16:00:00,1140.02197265625,7.6579098701477,76.5808334350585
2018-12-31 16:10:00,1478.97802734375,8.31536197662353,74.6781005859375
2018-12-31 16:20:00,1359.03698730468,8.20978736877441,75.2869873046875
2018-12-31 16:30:00,1597.26599121093,8.62415122985839,76.233169555664
2018-12-31 16:40:00,1250.10998535156,7.93000411987304,76.3565673828125
2018-12-31 16:50:00,744.182373046875,5.74967098236083,76.0528335571289
2018-12-31 17:00:00,476.473907470703,4.82429790496826,85.393310546875
2018-12-31 17:10:00,433.640991210937,4.59199619293212,85.1611862182617
2018-12-31 17:20:00,453.358184814453,4.79275608062744,81.0506896972656
2018-12-31 17:30:00,356.442687988281,4.47836780548095,86.7185363769531
2018-12-31 17:40:00,333.740814208984,4.60028982162475,91.9867324829101
2018-12-31 17:50:00,343.783996582031,4.50504922866821,94.6913909912109
2018-12-31 18:00:00,323.725311279296,4.50237798690795,92.3507232666015
2018-12-31 18:10:00,341.905487060546,4.55602598190307,91.5884933471679
2018-12-31 18:20:00,399.65380859375,4.79801607131958,94.3297424316406
2018-12-31 18:30:00,372.07958984375,4.79522991180419,98.7062606811523
2018-12-31 18:40:00,411.729187011718,4.86061000823974,97.2390594482421
2018-12-31 18:50:00,471.419708251953,4.99478483200073,99.1363372802734
2018-12-31 19:00:00,529.938903808593,5.19752788543701,97.6321868896484
2018-12-31 19:10:00,877.915283203125,5.78211307525634,90.3092575073242
2018-12-31 19:20:00,711.683227539062,5.47854614257812,87.5203170776367
2018-12-31 19:30:00,992.034118652343,6.14604806900024,84.2409133911132
2018-12-31 19:40:00,1574.19799804687,7.93630695343017,78.9870376586914
2018-12-31 19:50:00,1706.86096191406,8.35018825531005,79.0427932739257
2018-12-31 20:00:00,1731.55297851562,8.67452430725097,78.1697235107421
2018-12-31 20:10:00,1592.90002441406,8.13588047027587,78.7737731933593
2018-12-31 20:20:00,1403.12194824218,7.48655605316162,80.0611114501953
2018-12-31 20:30:00,1433.4150390625,7.49372911453247,81.2792434692382
2018-12-31 20:40:00,1550.7099609375,7.72467803955078,79.5191268920898
2018-12-31 20:50:00,2062.54907226562,8.98649501800537,81.0568618774414
2018-12-31 21:00:00,2309.875,9.71401405334472,80.2726821899414
2018-12-31 21:10:00,1901.60205078125,8.49863052368164,79.3944091796875
2018-12-31 21:20:00,2240.6298828125,9.63561820983886,79.3562622070312
2018-12-31 21:30:00,1814.35595703125,8.47282600402832,79.6995620727539
2018-12-31 21:40:00,1992.34899902343,8.43342208862304,80.1325073242187
2018-12-31 21:50:00,2554.3779296875,9.97665977478027,80.0816116333007
2018-12-31 22:00:00,2681.27001953125,10.4168300628662,80.4522476196289
2018-12-31 22:10:00,3019.89306640625,10.7136697769165,80.960693359375
2018-12-31 22:20:00,2771.11010742187,10.1545495986938,82.3351974487304
2018-12-31 22:30:00,3333.81909179687,12.067660331726,81.9859008789062
2018-12-31 22:40:00,3455.28295898437,12.1956596374511,82.2106170654296
2018-12-31 22:50:00,3429.02197265625,12.4925098419189,82.1118698120117
2018-12-31 23:00:00,3514.26904296875,12.5591697692871,80.495262145996
2018-12-31 23:10:00,2963.98095703125,11.4040298461914,80.5027236938476
2018-12-31 23:20:00,1684.35302734375,7.33264780044555,84.0625991821289
2018-12-31 23:30:00,2201.10693359375,8.43535804748535,84.7425003051757
2018-12-31 23:40:00,2515.69409179687,9.42136573791503,84.2979125976562
2018-12-31 23:50:00,2820.46606445312,9.97933197021484,82.2746200561523
